lat,lon,radius_km,
44.428,-123.277,1,
45.355,-123.216,1,
49.134,-123.026,1,
45.653,-122.828,1,
44.985,-122.82,1,
48.465,-122.36,1,
49.017,-122.27,1,
47.831,-121.987,1,
48.538,-121.757,1,
36.642,-121.614,1,
36.864,-121.411,1,
37.934,-121.306,1,
36.221,-121.127,1,
35.644,-120.657,1,
46.577,-120.483,1,
46.942,-120.444,1,
47.413,-120.301,1,
46.329,-120.027,1,
36.534,-120.024,1,
46.753,-119.933,1,
47.16,-119.852,1,
46.731,-119.248,1,
35.433,-119.064,1,
46.255,-118.931,1,
46.826,-118.386,1,
44.174,-116.955,1,
43.668,-116.712,1,
43.362,-116.635,1,
43.051,-116.206,1,
43.13,-115.718,1,
32.784,-115.536,1,
32.978,-115.521,1,
42.953,-114.712,1,
42.547,-114.419,1,
52.304,-114.401,1,
52.644,-114.223,1,
51.798,-114.103,1,
42.388,-114.04,1,
53.285,-114.025,1,
42.484,-113.912,1,
49.497,-113.867,1,
50.591,-113.826,1,
51.591,-113.496,1,
50.217,-113.371,1,
52.957,-113.371,1,
50.981,-113.224,1,
53.753,-112.776,1,
52.319,-112.687,1,
54.114,-112.552,1,
33.455,-112.479,1,
50.406,-112.479,1,
44.203,-112.372,1,
53.5,-112.063,1,
41.535,-112.062,1,
33.074,-111.974,1,
43.547,-111.963,1,
52.844,-111.874,1,
42.578,-111.731,1,
50.057,-111.678,1,
32.953,-111.523,1,
49.483,-111.464,1,
53.991,-111.272,1,
44.027,-111.242,1,
53.349,-110.833,1,
52.011,-110.764,1,
52.41,-110.316,1,
53.277,-109.96,1,
53.544,-109.462,1,
52.434,-109.146,1,
51.474,-109.123,1,
50.734,-108.756,1,
54.126,-108.452,1,
49.644,-108.409,1,
52.749,-108.255,1,
51.939,-108.018,1,
50.286,-107.865,1,
52.724,-107.345,1,
51.489,-107.046,1,
50.118,-106.96,1,
52.204,-106.711,1,
49.641,-106.008,1,
51.251,-105.975,1,
53.13,-105.807,1,
50.423,-105.624,1,
51.667,-105.454,1,
52.203,-105.089,1,
52.95,-105.034,1,
40.524,-104.556,1,
51.407,-104.539,1,
50.449,-104.525,1,
47.72,-104.19,1,
42.058,-104.171,1,
52.843,-104.067,1,
46.92,-104.001,1,
49.667,-103.899,1,
40.255,-103.859,1,
41.867,-103.693,1,
39.941,-103.594,1,
46.178,-103.38,1,
52.593,-103.253,1,
40.596,-103.224,1,
49.157,-103.029,1,
50.108,-102.835,1,
46.888,-102.728,1,
40.119,-102.711,1,
46.001,-102.639,1,
51.535,-102.528,1,
51.175,-102.449,1,
52.842,-102.378,1,
39.302,-102.299,1,
40.588,-102.286,1,
49.388,-101.869,1,
46.403,-101.849,1,
39.759,-101.779,1,
38.884,-101.752,1,
39.336,-101.721,1,
46.704,-101.71,1,
50.157,-101.673,1,
40.515,-101.63,1,
51.229,-101.377,1,
48.212,-101.24,1,
52.105,-101.224,1,
39.363,-101.043,1,
37.982,-100.905,1,
38.489,-100.898,1,
39.12,-100.856,1,
46.823,-100.851,1,
41.151,-100.799,1,
40.216,-100.649,1,
45.834,-100.644,1,
50.445,-100.599,1,
48.458,-100.597,1,
49.485,-100.536,1,
39.358,-100.443,1,
40.768,-100.034,1,
49.818,-99.963,1,
47.75,-99.921,1,
39.016,-99.887,1,
49.185,-99.654,1,
50.227,-99.497,1,
43.803,-99.494,1,
48.539,-99.374,1,
40.132,-99.37,1,
37.711,-99.324,1,
47.454,-99.137,1,
44.53,-98.988,1,
38.712,-98.912,1,
43.383,-98.854,1,
38.331,-98.847,1,
48.084,-98.815,1,
37.665,-98.716,1,
48.573,-98.677,1,
45.386,-98.412,1,
40.563,-98.403,1,
40.891,-98.38,1,
49.976,-98.345,1,
39.483,-98.111,1,
43.703,-98.067,1,
40.02,-98.052,1,
41.098,-98.03,1,
40.873,-98.024,1,
49.194,-98.023,1,
37.997,-97.939,1,
48.399,-97.754,1,
39.803,-97.456,1,
43.339,-97.422,1,
37.659,-97.381,1,
42.881,-97.356,1,
49.991,-97.276,1,
50.998,-97.251,1,
44.006,-97.147,1,
39.38,-97.055,1,
42.235,-96.999,1,
38.681,-96.932,1,
43.543,-96.803,1,
44.327,-96.753,1,
49.556,-96.69,1,
40.404,-96.645,1,
40.876,-96.643,1,
39.843,-96.61,1,
41.451,-96.543,1,
50.308,-96.513,1,
43.199,-96.316,1,
43.642,-96.216,1,
40.977,-96.179,1,
42.028,-96.119,1,
42.999,-96.072,1,
42.588,-95.958,1,
40.174,-95.933,1,
49.784,-95.878,1,
43.994,-95.772,1,
43.632,-95.582,1,
39.855,-95.525,1,
42.333,-95.439,1,
37.948,-95.408,1,
40.771,-95.383,1,
42.005,-95.365,1,
41.477,-95.343,1,
42.663,-95.205,1,
43.114,-95.162,1,
43.907,-95.054,1,
45.08,-95.041,1,
37.171,-94.839,1,
43.4,-94.808,1,
44.283,-94.725,1,
42.399,-94.616,1,
42.52,-94.539,1,
41.303,-94.486,1,
42.952,-94.44,1,
38.568,-94.348,1,
37.868,-94.346,1,
40.71,-94.259,1,
42.034,-94.247,1,
42.745,-94.228,1,
43.293,-94.222,1,
45.971,-94.116,1,
45.58,-94.102,1,
44.183,-94.035,1,
42.994,-93.956,1,
45.154,-93.846,1,
37.095,-93.814,1,
41.357,-93.616,1,
43.665,-93.581,1,
43.147,-93.299,1,
42.008,-92.918,1,
44.687,-92.812,1,
42.91,-92.809,1,
44.022,-92.742,1,
43.009,-92.317,1,
41.336,-92.19,1,
44.159,-92.179,1,
43.634,-92.143,1,
43.37,-92.129,1,
41.92,-92.082,1,
32.703,-92.012,1,
44.776,-91.958,1,
44.069,-91.94,1,
42.938,-91.816,1,
34.78,-91.762,1,
32.495,-91.758,1,
42.448,-91.733,1,
30.937,-91.712,1,
31.602,-91.692,1,
33.059,-91.573,1,
40.982,-91.542,1,
42.864,-91.4,1,
34.293,-91.386,1,
33.605,-91.384,1,
39.957,-91.378,1,
41.657,-91.248,1,
32.371,-91.2,1,
34.918,-91.194,1,
38.978,-91.003,1,
36.218,-90.96,1,
39.604,-90.863,1,
42.457,-90.677,1,
36.071,-90.651,1,
40.459,-90.629,1,
42.053,-90.399,1,
33.967,-90.375,1,
34.669,-90.374,1,
36.766,-90.349,1,
39.334,-90.211,1,
36.247,-90.066,1,
39.858,-90.042,1,
40.296,-90.041,1,
34.295,-90.018,1,
40.698,-89.885,1,
38.896,-89.836,1,
39.588,-89.758,1,
38.482,-89.754,1,
41.814,-89.647,1,
41.365,-89.591,1,
39.173,-89.544,1,
44.575,-89.455,1,
36.834,-89.357,1,
33.989,-89.348,1,
39.552,-89.275,1,
38.443,-89.267,1,
35.549,-89.244,1,
40.253,-89.233,1,
45.198,-89.146,1,
36.375,-89.117,1,
39.846,-89.102,1,
41.899,-89.061,1,
40.912,-89.05,1,
38.963,-89.048,1,
34.532,-89.035,1,
42.697,-88.951,1,
41.397,-88.834,1,
39.406,-88.822,1,
41.12,-88.795,1,
40.893,-88.632,1,
36.746,-88.624,1,
40.234,-88.595,1,
38.09,-88.552,1,
36.187,-88.435,1,
40.478,-88.382,1,
36.557,-88.324,1,
38.99,-88.199,1,
44.019,-88.181,1,
45.258,-88.167,1,
37.164,-88.1,1,
41.058,-88.099,1,
40.172,-88.097,1,
38.41,-88.058,1,
41.846,-87.938,1,
44.535,-87.883,1,
30.508,-87.709,1,
31.57,-87.564,1,
36.851,-87.551,1,
31.055,-87.494,1,
40.283,-87.301,1,
41.157,-87.216,1,
37.675,-87.131,1,
36.532,-87.027,1,
31.427,-86.963,1,
38.388,-86.943,1,
37.287,-86.774,1,
41.807,-86.573,1,
40.418,-86.57,1,
31.276,-86.222,1,
41.041,-86.222,1,
41.998,-86.151,1,
43.065,-85.97,1,
42.725,-85.652,1,
40.922,-85.514,1,
43.178,-85.301,1,
44.117,-85.287,1,
30.779,-85.192,1,
39.577,-84.83,1,
42.053,-84.769,1,
43.438,-84.686,1,
41.295,-84.549,1,
40.181,-84.396,1,
31.923,-84.266,1,
44.278,-83.985,1,
39.601,-83.887,1,
31.204,-83.791,1,
43.34,-83.739,1,
40.048,-83.514,1,
31.621,-83.249,1,
30.706,-83.11,1,
40.719,-82.903,1,
43.943,-82.876,1,
43.422,-82.86,1,
29.834,-82.857,1,
42.187,-82.84,1,
32.982,-82.809,1,
32.575,-82.538,1,
42.45,-82.139,1,
33.085,-82.04,1,
42.819,-81.869,1,
32.292,-81.727,1,
44.038,-81.719,1,
33.824,-81.698,1,
32.752,-81.64,1,
43.366,-81.485,1,
44.414,-81.328,1,
42.707,-81.305,1,
43.009,-81.177,1,
44.065,-81.138,1,
32.297,-81.076,1,
43.388,-81.02,1,
33.929,-81.01,1,
32.929,-80.859,1,
41.578,-80.76,1,
33.459,-80.755,1,
43.744,-80.644,1,
42.924,-80.302,1,
33.575,-80.261,1,
34.175,-80.208,1,
33.018,-80.088,1,
41.201,-80.076,1,
44.125,-79.908,1,
41.681,-79.892,1,
43.792,-79.806,1,
34.154,-79.741,1,
33.725,-79.448,1,
34.403,-79.379,1,
43.036,-79.352,1,
40.739,-79.112,1,
44.087,-78.985,1,
44.43,-78.891,1,
35.035,-78.884,1,
43.105,-78.675,1,
34.588,-78.624,1,
42.534,-78.438,1,
44.211,-78.328,1,
35.006,-78.314,1,
35.73,-78.013,1,
34.321,-77.918,1,
42.749,-77.808,1,
36.18,-77.665,1,
43.055,-77.647,1,
35.195,-77.527,1,
44.173,-77.445,1,
35.842,-77.083,1,
35.541,-77.005,1,
36.527,-76.781,1,
45.471,-76.665,1,
36.258,-76.303,1,
35.762,-76.183,1,
44.629,-75.807,1,
45.119,-75.704,1,
45.35,-74.889,1,
45.232,-73.813,1,
46.02,-73.352,1,
45.314,-73.207,1,
44.025,-73.171,1,
44.836,-73.073,1,
45.644,-72.969,1,
45.386,-72.665,1,
46.246,-72.58,1,
48.85,-72.484,1,
46.556,-72.483,1,
46.044,-71.972,1,
45.737,-71.807,1,
45.363,-71.79,1,
48.522,-71.653,1,
46.714,-71.637,1,
46.376,-71.587,1,
45.911,-71.364,1,
48.51,-71.275,1,
45.595,-70.912,1,
47.351,-70.078,1,
47.816,-69.495,1,
47.985,-68.676,1,
47.548,-68.646,1,
48.514,-68.461,1,
46.979,-67.738,1,
48.467,-67.437,1,
44.985,-64.988,1,
45.137,-64.436,1,
46.702,-64.23,1,
45.052,-63.476,1,
45.378,-63.323,1,
46.178,-62.895,1,
46.371,-62.209,1,
-20.824,-49.368,1,
-20.339,-49.195,1,
-21.148,-49.001,1,
-20.014,-48.935,1,
-20.936,-48.481,1,
-19.921,-48.377,1,
-21.367,-48.242,1,
-21.787,-48.206,1,
-20.333,-47.778,1,
-21.196,-47.759,1,
53.866,-9.291,1,
38.726,-9.159,1,
39.407,-9.135,1,
52.061,-9.056,1,
42.184,-8.813,1,
51.75,-8.718,1,
40.181,-8.679,1,
37.099,-8.668,1,
54.05,-8.604,1,
41.106,-8.589,1,
41.912,-8.56,1,
39.471,-8.474,1,
40.576,-8.447,1,
43.068,-8.412,1,
38.721,-8.321,1,
37.835,-8.245,1,
37.232,-8.127,1,
40.653,-7.906,1,
52.508,-7.893,1,
53.725,-7.874,1,
53.081,-7.873,1,
38.459,-7.752,1,
54.506,-7.689,1,
37.647,-7.66,1,
41.693,-7.658,1,
37.132,-7.641,1,
54.937,-7.572,1,
39.819,-7.512,1,
56.954,-7.501,1,
57.473,-7.364,1,
55.028,-7.245,1,
38.209,-7.228,1,
40.17,-7.176,1,
53.138,-7.053,1,
52.344,-7.049,1,
37.437,-6.894,1,
56.5,-6.881,1,
37.306,-6.872,1,
41.807,-6.764,1,
41.343,-6.713,1,
42.051,-6.637,1,
38.891,-6.61,1,
42.551,-6.582,1,
52.519,-6.559,1,
40.59,-6.538,1,
53.856,-6.537,1,
39.451,-6.489,1,
54.367,-6.475,1,
41.009,-6.433,1,
58.203,-6.375,1,
41.7,-6.352,1,
39.479,-6.342,1,
42.939,-6.325,1,
38.252,-6.306,1,
49.915,-6.296,1,
54.856,-6.259,1,
53.55,-6.207,1,
36.71,-6.118,1,
42.457,-6.055,1,
42.074,-6.014,1,
54.404,-5.901,1,
56.91,-5.849,1,
36.35,-5.819,1,
39.006,-5.801,1,
41.507,-5.739,1,
40.547,-5.678,1,
42.588,-5.651,1,
36.845,-5.622,1,
55.425,-5.602,1,
39.973,-5.602,1,
37.289,-5.504,1,
40.945,-5.496,1,
57.42,-5.464,1,
56.014,-5.446,1,
56.451,-5.441,1,
41.522,-5.391,1,
50.218,-5.327,1,
42.168,-5.264,1,
40.902,-5.202,1,
49.969,-5.188,1,
57.906,-5.166,1,
40.207,-5.083,1,
51.689,-5.079,1,
58.459,-5.052,1,
42.976,-5.006,1,
38.38,-4.977,1,
50.541,-4.937,1,
55.243,-4.858,1,
39.957,-4.851,1,
37.857,-4.793,1,
40.969,-4.758,1,
42.52,-4.743,1,
52.789,-4.741,1,
37.916,-4.721,1,
54.867,-4.712,1,
41.703,-4.708,1,
57.136,-4.688,1,
41.286,-4.684,1,
40.664,-4.678,1,
53.318,-4.642,1,
42.008,-4.558,1,
37.028,-4.537,1,
48.38,-4.497,1,
41.29,-4.324,1,
56.455,-4.321,1,
55.854,-4.296,1,
39.221,-4.276,1,
57.486,-4.219,1,
51.057,-4.2,1,
38.714,-4.171,1,
50.416,-4.126,1,
40.949,-4.12,1,
48.509,-4.106,1,
51.603,-4.068,1,
54.84,-4.047,1,
42.516,-4.011,1,
47.975,-4,1,
48.221,-3.996,1,
52.589,-3.852,1,
37.192,-3.778,1,
42.027,-3.757,1,
55.627,-3.736,1,
58.582,-3.725,1,
50.203,-3.72,1,
42.347,-3.687,1,
58.115,-3.649,1,
54.491,-3.607,1,
42.941,-3.484,1,
53.251,-3.48,1,
41.279,-3.48,1,
50.613,-3.41,1,
57.007,-3.396,1,
38.782,-3.394,1,
51.953,-3.382,1,
39.003,-3.37,1,
38.025,-3.363,1,
55.928,-3.344,1,
48.747,-3.253,1,
55.312,-3.207,1,
39.975,-3.187,1,
42.874,-3.174,1,
51.531,-3.107,1,
40.525,-3.089,1,
51.023,-3.079,1,
41.588,-3.068,1,
53.777,-3.035,1,
41.985,-3.034,1,
39.585,-3.033,1,
47.667,-3.029,1,
48.035,-2.964,1,
57.676,-2.961,1,
42.436,-2.945,1,
54.895,-2.938,1,
42.68,-2.938,1,
42.517,-2.929,1,
58.953,-2.902,1,
52.243,-2.886,1,
56.464,-2.877,1,
42.769,-2.831,1,
52.718,-2.716,1,
54.502,-2.685,1,
39.878,-2.672,1,
53.345,-2.64,1,
51.345,-2.623,1,
41.762,-2.471,1,
50.522,-2.457,1,
55.596,-2.44,1,
37.952,-2.435,1,
47.537,-2.403,1,
53.096,-2.394,1,
48.593,-2.354,1,
57.245,-2.329,1,
54.076,-2.309,1,
51.739,-2.301,1,
55.285,-2.28,1,
41.216,-2.274,1,
53.512,-2.235,1,
52.252,-2.198,1,
52.88,-2.189,1,
51.205,-2.182,1,
55.899,-2.129,1,
57.694,-2.003,1,
53.128,-1.981,1,
43.322,-1.932,1,
41.849,-1.931,1,
53.229,-1.92,1,
50.776,-1.911,1,
37.416,-1.889,1,
39.032,-1.888,1,
37.238,-1.855,1,
46.835,-1.838,1,
48.158,-1.819,1,
52.71,-1.814,1,
52.448,-1.75,1,
47.483,-1.749,1,
39.442,-1.739,1,
54.372,-1.725,1,
48.553,-1.725,1,
38.547,-1.702,1,
55.213,-1.686,1,
37.643,-1.682,1,
43.395,-1.682,1,
53.8,-1.664,1,
54.979,-1.617,1,
37.707,-1.613,1,
51.404,-1.514,1,
38.038,-1.504,1,
52.196,-1.481,1,
49.478,-1.475,1,
50.938,-1.47,1,
47.681,-1.453,1,
51.149,-1.438,1,
43.514,-1.433,1,
48.103,-1.4,1,
53.483,-1.38,1,
40.773,-1.344,1,
52.359,-1.331,1,
51.824,-1.289,1,
47.126,-1.28,1,
50.65,-1.213,1,
41.36,-1.21,1,
60.138,-1.184,1,
48.596,-1.179,1,
42.107,-1.152,1,
40.35,-1.124,1,
37.723,-1.112,1,
38.61,-1.102,1,
54.162,-1.1,1,
52.879,-1.078,1,
46.472,-1.045,1,
46.862,-1.033,1,
51.995,-1.017,1,
43.316,-1.014,1,
49.046,-1.002,1,
37.597,-0.974,1,
37.682,-0.948,1,
51.301,-0.905,1,
45.826,-0.88,1,
54.563,-0.863,1,
51.719,-0.829,1,
44.402,-0.818,1,
45.212,-0.751,1,
48.061,-0.734,1,
38.376,-0.726,1,
42.557,-0.712,1,
49.266,-0.685,1,
52.307,-0.625,1,
51.677,-0.559,1,
48.738,-0.551,1,
45.963,-0.542,1,
50.95,-0.529,1,
53.25,-0.52,1,
53.736,-0.505,1,
38.899,-0.497,1,
47.31,-0.446,1,
42.124,-0.397,1,
54.253,-0.38,1,
43.331,-0.362,1,
51.425,-0.344,1,
47.594,-0.339,1,
49.065,-0.291,1,
52.584,-0.263,1,
46.269,-0.226,1,
44.9,-0.212,1,
46.996,-0.207,1,
51.902,-0.178,1,
52.185,-0.112,1,
43.75,-0.092,1,
51.101,0.008,1,
51.545,0.01,1,
44.52,0.114,1,
53.649,0.116,1,
43.207,0.121,1,
47.28,0.125,1,
48.208,0.132,1,
45.893,0.196,1,
41.83,0.313,1,
41.519,0.326,1,
50.867,0.336,1,
45.264,0.337,1,
53.142,0.347,1,
43.946,0.361,1,
46.222,0.37,1,
44.253,0.378,1,
52.267,0.415,1,
46.749,0.479,1,
51.304,0.483,1,
40.821,0.492,1,
44.835,0.493,1,
49.763,0.519,1,
47.57,0.666,1,
48.331,0.7,1,
51.555,0.827,1,
49.232,0.835,1,
41.636,0.886,1,
47.977,0.893,1,
42.173,0.896,1,
43.623,0.905,1,
43.348,0.916,1,
51.916,0.962,1,
50.927,0.976,1,
47.14,0.989,1,
46.627,1.051,1,
52.945,1.13,1,
45.548,1.205,1,
45.115,1.222,1,
48.575,1.233,1,
49.899,1.256,1,
41.304,1.262,1,
41.872,1.305,1,
47.68,1.329,1,
51.392,1.383,1,
47.283,1.383,1,
44.06,1.407,1,
43.561,1.481,1,
46.238,1.534,1,
52.153,1.603,1,
48.276,1.621,1,
49.301,1.625,1,
43.091,1.628,1,
49.867,1.712,1,
47.294,1.72,1,
52.576,1.732,1,
48.861,1.743,1,
44.763,1.76,1,
43.71,1.816,1,
41.405,2.004,1,
46.956,2.013,1,
50.504,2.037,1,
47.848,2.045,1,
43.631,2.096,1,
45.863,2.154,1,
48.454,2.16,1,
43.928,2.201,1,
48.289,2.213,1,
50.122,2.232,1,
49.564,2.233,1,
41.946,2.265,1,
43.211,2.327,1,
49.053,2.452,1,
44.756,2.507,1,
44.367,2.572,1,
46.889,2.59,1,
50.863,2.741,1,
50.287,2.808,1,
47.82,2.83,1,
47.339,2.86,1,
43.959,2.872,1,
48.169,2.893,1,
49.648,2.922,1,
50.906,3.014,1,
49.029,3.026,1,
45.04,3.072,1,
51.275,3.115,1,
42.038,3.125,1,
50.065,3.197,1,
45.557,3.25,1,
45.939,3.252,1,
48.545,3.288,1,
47.742,3.291,1,
43.387,3.312,1,
49.391,3.343,1,
50.934,3.4,1,
47.005,3.402,1,
50.759,3.445,1,
51.341,3.485,1,
44.537,3.507,1,
50.595,3.512,1,
46.366,3.528,1,
50.987,3.58,1,
51.443,3.597,1,
47.997,3.616,1,
49.906,3.648,1,
45.107,3.748,1,
46.209,3.794,1,
51.507,3.872,1,
47.499,3.926,1,
49.013,4.036,1,
46.471,4.056,1,
44.107,4.091,1,
50.409,4.107,1,
48.527,4.184,1,
51.88,4.197,1,
50.948,4.245,1,
46.975,4.306,1,
49.502,4.355,1,
50.798,4.359,1,
51.986,4.388,1,
43.852,4.402,1,
50.541,4.462,1,
48.24,4.481,1,
52.042,4.546,1,
47.871,4.579,1,
44.717,4.594,1,
50.095,4.595,1,
51.54,4.61,1,
48.722,4.618,1,
51.304,4.629,1,
47.443,4.665,1,
45.828,4.667,1,
50.345,4.697,1,
52.303,4.727,1,
49.264,4.74,1,
51.16,4.793,1,
44.161,4.793,1,
45.394,4.809,1,
53.075,4.888,1,
45.726,4.938,1,
50.535,4.978,1,
46.908,4.98,1,
44.901,5.004,1,
52.842,5.015,1,
50.779,5.075,1,
51.861,5.076,1,
46.465,5.077,1,
45.885,5.088,1,
52.211,5.195,1,
49.482,5.206,1,
53.363,5.219,1,
50.69,5.245,1,
47.221,5.248,1,
45.389,5.271,1,
51.318,5.339,1,
43.279,5.354,1,
43.585,5.373,1,
53.127,5.485,1,
48.509,5.508,1,
48.9,5.525,1,
52.006,5.637,1,
47.868,5.641,1,
52.566,5.653,1,
51.609,5.667,1,
44.816,5.682,1,
46.85,5.689,1,
51.25,5.723,1,
49.407,5.745,1,
43.824,5.798,1,
52.173,5.818,1,
47.271,5.822,1,
50.036,5.884,1,
50.895,5.893,1,
51.578,5.929,1,
47.247,5.989,1,
51.286,6.012,1,
43.409,6.033,1,
53.006,6.051,1,
51.417,6.063,1,
52.38,6.098,1,
46.457,6.273,1,
45.635,6.329,1,
46.316,6.33,1,
53.359,6.33,1,
51.944,6.408,1,
50.955,6.436,1,
49.179,6.473,1,
47.751,6.494,1,
47.208,6.528,1,
46.766,6.563,1,
52.347,6.574,1,
51.742,6.592,1,
48.069,6.599,1,
52.023,6.659,1,
53.579,6.666,1,
51.099,6.719,1,
49.001,6.839,1,
52.493,6.88,1,
50.189,6.914,1,
43.755,6.921,1,
52.869,6.942,1,
52.709,6.943,1,
46.277,6.959,1,
53.192,6.994,1,
53.388,7.048,1,
46.968,7.189,1,
47.547,7.324,1,
49.868,7.334,1,
48.613,7.497,1,
49.356,7.521,1,
53.632,7.618,1,
44.657,7.724,1,
47.201,7.761,1,
47.994,7.788,1,
54.174,7.893,1,
50.963,7.902,1,
48.933,7.944,1,
48.72,7.995,1,
52.486,8.026,1,
46.661,8.053,1,
52.847,8.088,1,
53.033,8.162,1,
45.443,8.232,1,
47.433,8.244,1,
52.64,8.244,1,
49.66,8.253,1,
56.545,8.284,1,
54.811,8.291,1,
51.573,8.312,1,
56.348,8.368,1,
46.963,8.386,1,
56.733,8.403,1,
49.011,8.411,1,
55.959,8.49,1,
47.914,8.568,1,
48.952,8.58,1,
55.808,8.617,1,
55.548,8.655,1,
48.275,8.656,1,
53.23,8.665,1,
44.919,8.688,1,
53.813,8.711,1,
56.257,8.79,1,
47.526,8.812,1,
55.06,8.822,1,
54.799,8.834,1,
52.877,8.865,1,
55.333,8.867,1,
49.863,8.917,1,
44.419,8.921,1,
45.453,8.925,1,
50.427,8.946,1,
56.708,8.981,1,
53.058,9.034,1,
54.492,9.062,1,
56.495,9.066,1,
41.518,9.095,1,
39.228,9.11,1,
45.205,9.216,1,
51.609,9.262,1,
53.544,9.317,1,
56.169,9.335,1,
55.483,9.352,1,
57.119,9.363,1,
51.181,9.372,1,
42.023,9.41,1,
47.04,9.438,1,
50.646,9.514,1,
52.338,9.545,1,
47.39,9.58,1,
52.871,9.637,1,
45.428,9.644,1,
49.453,9.655,1,
54.969,9.668,1,
49.697,9.697,1,
44.947,9.738,1,
54.589,9.748,1,
48.251,9.756,1,
49.11,9.786,1,
47.88,9.794,1,
51.785,9.799,1,
57.005,9.813,1,
55.925,9.83,1,
56.522,9.921,1,
57.359,9.951,1,
55.4,9.994,1,
48.629,10.004,1,
52.824,10.082,1,
57.33,10.16,1,
50.117,10.19,1,
56.588,10.192,1,
51.563,10.194,1,
42.753,10.211,1,
52.316,10.269,1,
53.94,10.27,1,
44.815,10.303,1,
45.305,10.322,1,
57.421,10.466,1,
55.104,10.517,1,
50.94,10.532,1,
48.601,10.543,1,
55.204,10.561,1,
55.834,10.562,1,
49.29,10.564,1,
53.266,10.627,1,
47.922,10.657,1,
43.075,10.683,1,
48.894,10.695,1,
51.493,10.738,1,
44.931,10.894,1,
51.864,10.978,1,
49.972,11.028,1,
53.807,11.052,1,
50.878,11.121,1,
54.833,11.127,1,
46.012,11.127,1,
50.22,11.132,1,
45.286,11.143,1,
58.937,11.181,1,
58.353,11.218,1,
48.085,11.278,1,
55.411,11.379,1,
44.579,11.385,1,
48.323,11.413,1,
52.661,11.559,1,
45.578,11.589,1,
57.777,11.616,1,
44.815,11.627,1,
49.237,11.666,1,
51.384,11.789,1,
47.391,11.802,1,
55.279,11.806,1,
53.979,11.875,1,
54.864,11.894,1,
59.32,11.916,1,
50.387,11.931,1,
48.767,11.97,1,
53.485,11.972,1,
58.693,12.035,1,
45.063,12.052,1,
52.12,12.074,1,
44.214,12.079,1,
54.17,12.101,1,
55.919,12.13,1,
44.77,12.159,1,
47.855,12.18,1,
45.701,12.183,1,
41.887,12.19,1,
49.483,12.19,1,
43.411,12.232,1,
53.02,12.319,1,
55.308,12.324,1,
50.325,12.348,1,
45.431,12.354,1,
43.077,12.364,1,
50.067,12.391,1,
52.822,12.399,1,
48.256,12.41,1,
50.836,12.468,1,
41.893,12.493,1,
54.157,12.567,1,
42.544,12.604,1,
48.883,12.616,1,
49.224,12.676,1,
57.968,12.693,1,
46.825,12.819,1,
56.428,12.848,1,
55.414,12.858,1,
41.479,12.865,1,
57.715,12.891,1,
51.613,12.916,1,
46.557,12.974,1,
51.155,13.06,1,
53.624,13.063,1,
52.379,13.066,1,
56.96,13.074,1,
43.725,13.093,1,
47.803,13.11,1,
52.689,13.12,1,
47.325,13.169,1,
58.664,13.192,1,
49.885,13.263,1,
38.092,13.325,1,
50.893,13.344,1,
42.368,13.35,1,
48.405,13.384,1,
53.943,13.401,1,
43.32,13.405,1,
48.376,13.476,1,
52.048,13.491,1,
49.63,13.551,1,
42.057,13.587,1,
37.303,13.597,1,
42.846,13.621,1,
50.17,13.638,1,
53.928,13.642,1,
54.511,13.643,1,
49.367,13.7,1,
56.092,13.718,1,
50.102,13.729,1,
55.433,13.836,1,
60.292,13.87,1,
46.613,13.872,1,
56.563,13.932,1,
53.47,13.977,1,
51.451,13.983,1,
41.198,14.023,1,
52.79,14.043,1,
57.745,14.06,1,
53.14,14.104,1,
45.297,14.138,1,
51.181,14.167,1,
52.227,14.175,1,
37.795,14.215,1,
59.532,14.273,1,
51.717,14.29,1,
51.988,14.302,1,
42.071,14.462,1,
48.143,14.466,1,
58.781,14.537,1,
50.287,14.539,1,
57.033,14.572,1,
49.149,14.63,1,
49.724,14.648,1,
49.41,14.68,1,
36.933,14.68,1,
41.742,14.686,1,
56.014,14.691,1,
51.904,14.759,1,
49.914,14.786,1,
51.193,14.849,1,
60.722,14.877,1,
41.04,14.899,1,
36.764,14.914,1,
48.761,14.988,1,
42.005,14.988,1,
41.95,14.989,1,
58.029,14.992,1,
55.162,15,1,
40.532,15.015,1,
53.859,15.02,1,
50.772,15.06,1,
57.426,15.086,1,
53.442,15.12,1,
56.514,15.153,1,
45.816,15.183,1,
50.554,15.219,1,
50.036,15.22,1,
49.408,15.226,1,
51.137,15.27,1,
46.224,15.298,1,
47.477,15.379,1,
44.541,15.388,1,
44.014,15.481,1,
47.067,15.493,1,
46.845,15.538,1,
41.479,15.556,1,
45.59,15.598,1,
41.213,15.641,1,
53.512,15.641,1,
48.22,15.643,1,
59.829,15.69,1,
54.044,15.753,1,
50.04,15.783,1,
50.017,15.899,1,
49.261,15.926,1,
57.066,15.997,1,
61.345,16.065,1,
51.648,16.131,1,
46.671,16.133,1,
54.177,16.138,1,
48.948,16.159,1,
65.958,16.206,1,
59.088,16.212,1,
47.362,16.24,1,
53.756,16.304,1,
41.246,16.31,1,
45.826,16.316,1,
48.39,16.379,1,
47.734,16.412,1,
46.389,16.416,1,
40.825,16.446,1,
49.764,16.451,1,
56.266,16.479,1,
49.206,16.593,1,
56.698,16.693,1,
57.906,16.699,1,
44.881,16.717,1,
48.946,16.728,1,
46.435,16.749,1,
39.314,16.751,1,
40.455,16.834,1,
44.077,16.837,1,
46.963,16.866,1,
46.114,16.891,1,
49.875,16.894,1,
47.258,16.919,1,
40.82,16.929,1,
59.931,16.954,1,
58.483,16.963,1,
50.842,16.978,1,
45.478,17.024,1,
53.663,17.037,1,
57.247,17.059,1,
51.113,17.062,1,
47.776,17.135,1,
61.725,17.14,1,
61.266,17.154,1,
48.918,17.156,1,
58.848,17.233,1,
60.595,17.258,1,
47.891,17.271,1,
45.052,17.305,1,
47.433,17.338,1,
49.286,17.406,1,
46.591,17.422,1,
50.323,17.427,1,
40.637,17.554,1,
40.406,17.605,1,
51.085,17.698,1,
45.342,17.71,1,
66.942,17.739,1,
46.361,17.825,1,
59.338,17.829,1,
58.903,17.944,1,
47.476,17.956,1,
51.812,17.979,1,
46.045,18,1,
47.744,18.079,1,
49.656,18.088,1,
40.335,18.111,1,
66.318,18.125,1,
54.102,18.133,1,
45.655,18.143,1,
56.922,18.151,1,
50.156,18.159,1,
40.196,18.164,1,
46.912,18.264,1,
44.954,18.327,1,
49.685,18.353,1,
45.158,18.384,1,
50.964,18.389,1,
43.868,18.414,1,
60.437,18.416,1,
46.001,18.618,1,
45.532,18.623,1,
51.607,18.626,1,
53.608,18.655,1,
59.309,18.693,1,
-33.472,18.715,1,
46.356,18.718,1,
52.612,18.721,1,
47.314,18.759,1,
-33.425,18.856,1,
47.481,19.057,1,
54.158,19.087,1,
47.687,19.101,1,
53.95,19.105,1,
59.861,19.125,1,
57.919,19.139,1,
47.229,19.144,1,
51.138,19.146,1,
52.834,19.166,1,
46.727,19.18,1,
44.696,19.222,1,
-33.363,19.31,1,
50.025,19.311,1,
52.236,19.312,1,
45.701,19.4,1,
53.271,19.419,1,
-34.239,19.433,1,
65.875,19.458,1,
46.274,19.496,1,
46.077,19.521,1,
45.564,19.653,1,
46.881,19.699,1,
51.07,19.75,1,
45.01,19.797,1,
45.309,19.826,1,
66.605,19.832,1,
51.604,19.9,1,
47.635,19.915,1,
50.066,19.92,1,
54.273,19.931,1,
45.888,19.943,1,
52.122,19.994,1,
46.329,20.007,1,
-34.529,20.046,1,
53.601,20.051,1,
46.706,20.148,1,
47.136,20.149,1,
45.582,20.155,1,
50.663,20.167,1,
52.63,20.38,1,
47.737,20.411,1,
-34.023,20.441,1,
53.09,20.514,1,
53.892,20.67,1,
46.573,20.691,1,
45.976,20.767,1,
52.377,20.771,1,
44.985,20.777,1,
41.127,20.794,1,
50.853,20.823,1,
51.452,20.916,1,
47.353,20.931,1,
-34.095,20.961,1,
46.691,21.043,1,
56.53,21.043,1,
45.188,21.049,1,
46.947,21.08,1,
48.191,21.23,1,
45.443,21.233,1,
45.777,21.311,1,
54.065,21.36,1,
52.892,21.395,1,
-34.365,21.417,1,
47.854,21.423,1,
47.35,21.553,1,
46.467,21.638,1,
50.586,21.697,1,
-34.016,21.761,1,
49.612,21.793,1,
55.915,21.819,1,
48.144,21.892,1,
47.11,21.896,1,
62.028,22.247,1,
55.244,22.254,1,
52.803,22.31,1,
47.796,22.371,1,
40.768,22.406,1,
39.655,22.438,1,
38.882,22.451,1,
58.256,22.51,1,
50.054,22.512,1,
40.253,22.513,1,
57.236,22.587,1,
44.627,22.647,1,
51.809,22.657,1,
43.826,22.666,1,
58.369,22.684,1,
51.195,22.693,1,
41.237,22.697,1,
-29.665,22.746,1,
46.516,22.825,1,
40.654,22.86,1,
62.805,22.865,1,
45.571,22.901,1,
52.423,22.905,1,
54.686,23.01,1,
47.759,23.039,1,
47.362,23.109,1,
63.827,23.157,1,
55.952,23.26,1,
40.464,23.286,1,
43.521,23.352,1,
42.556,23.395,1,
38.378,23.417,1,
42.684,23.469,1,
60.644,23.513,1,
53.41,23.531,1,
45.102,23.596,1,
50.369,23.645,1,
-29.053,23.77,1,
43.533,23.797,1,
56.655,23.808,1,
49.341,23.845,1,
41.516,23.873,1,
55.376,23.88,1,
44.315,23.92,1,
46.563,23.921,1,
54.426,24.022,1,
-29.626,24.082,1,
42.203,24.139,1,
46.253,24.181,1,
45.803,24.274,1,
43.27,24.275,1,
56.024,24.366,1,
59.464,24.38,1,
61.015,24.399,1,
58.432,24.438,1,
58.899,24.441,1,
59.24,24.511,1,
64.067,24.552,1,
44.125,24.597,1,
51.365,24.637,1,
43.192,24.686,1,
47.128,24.708,1,
42.277,24.733,1,
-26.959,24.737,1,
-28.703,24.779,1,
-33.76,24.816,1,
-26.549,24.863,1,
44.798,24.907,1,
60.29,24.996,1,
43.31,25.042,1,
45.293,25.069,1,
48.634,25.109,1,
54.652,25.151,1,
-27.193,25.321,1,
43.994,25.378,1,
57.543,25.382,1,
41.925,25.499,1,
64.936,25.513,1,
-27.709,25.563,1,
46.713,25.572,1,
55.937,25.582,1,
58.381,25.594,1,
-32.17,25.604,1,
60.942,25.61,1,
55.497,25.641,1,
50.799,25.675,1,
45.614,25.677,1,
42.443,25.728,1,
43.223,25.763,1,
56.521,25.847,1,
-27.836,25.906,1,
44.445,25.941,1,
-26.811,25.999,1,
45.183,26.029,1,
42.132,26.095,1,
44.464,26.126,1,
-29.063,26.133,1,
47.572,26.142,1,
-28.288,26.152,1,
-26.154,26.161,1,
44.514,26.306,1,
48.758,26.403,1,
46.846,26.574,1,
-27.379,26.624,1,
45.999,26.668,1,
59.451,26.693,1,
58.413,26.724,1,
57.175,26.743,1,
48.034,26.824,1,
-26.316,26.827,1,
-31.908,26.881,1,
-25.872,26.901,1,
49.468,26.926,1,
43.235,26.933,1,
57.879,26.948,1,
-27.122,26.998,1,
42.387,27.065,1,
43.679,27.093,1,
50.454,27.126,1,
45.404,27.253,1,
43.122,27.32,1,
44.197,27.348,1,
59.261,27.382,1,
-24.577,27.414,1,
44.549,27.431,1,
46.193,27.444,1,
48.536,27.775,1,
45.267,27.92,1,
43.72,27.921,1,
50.805,28.048,1,
48.927,28.105,1,
46.469,28.193,1,
43.822,28.218,1,
-26.695,28.226,1,
-31.196,28.232,1,
-24.886,28.304,1,
-28.227,28.311,1,
-27.798,28.43,1,
49.255,28.555,1,
-27.028,28.598,1,
44.206,28.616,1,
45.169,28.782,1,
47.03,28.844,1,
47.101,28.863,1,
-27.852,28.965,1,
-26.288,29.027,1,
-28.275,29.124,1,
-27.426,29.164,1,
-26.949,29.239,1,
-23.044,29.275,1,
-24.983,29.288,1,
49.998,29.305,1,
-28.724,29.348,1,
50.869,29.357,1,
-30.557,29.426,1,
-23.871,29.449,1,
-25.773,29.476,1,
48.629,29.482,1,
-29.794,29.493,1,
46.033,29.692,1,
-27.749,29.936,1,
-26.525,29.995,1,
46.987,30.458,1,
-29.736,30.516,1,
-27.006,30.801,1,
49.959,30.977,1,
49.024,30.99,1,
50.844,31.035,1,
47.609,31.33,1,
-25.443,31.681,1,
-26.739,31.876,1,
50.508,33.462,1,
51.295,33.511,1,
49.757,33.915,1,
50.942,34.372,1,
-9.396,34.437,1,
-16.256,34.893,1,
-8.139,35.41,1,
49.955,36.127,1,
-7.663,36.992,1,
-6.17,37.638,1,
-6.856,39.223,1,
2.62,102.512,1,
-29.046,115.347,1,
-31.802,115.885,1,
-34.708,116.123,1,
-30.526,117.175,1,
-33.333,117.41,1,
-31.622,117.703,1,
-34.95,117.81,1,
-28.115,117.843,1,
-32.449,118.892,1,
-31.291,119.646,1,
-33.597,120.071,1,
-28.878,121.319,1,
-30.784,121.459,1,
-32.26,121.787,1,
-33.874,121.894,1,
31.501,130.524,1,
33.413,130.614,1,
32.894,130.862,1,
31.426,130.883,1,
31.774,131.145,1,
-32.129,133.697,1,
35.055,133.929,1,
-31.065,135.774,1,
-34.144,135.784,1,
-32.81,136.059,1,
35.294,136.647,1,
34.711,137.473,1,
-32.47,137.934,1,
-35.095,138.486,1,
36.495,138.522,1,
35.344,138.596,1,
-31.106,138.707,1,
37.605,138.924,1,
-34.701,139.193,1,
36.321,139.233,1,
-32.565,139.598,1,
36.413,139.86,1,
-36.83,139.864,1,
-34.182,140.033,1,
36.945,140.043,1,
39.669,140.156,1,
42.248,140.288,1,
38.728,140.314,1,
36.227,140.322,1,
37.459,140.378,1,
40.7,140.438,1,
41.861,140.664,1,
42.871,140.885,1,
38.554,140.952,1,
-36.378,140.989,1,
-38.048,141.006,1,
39.193,141.115,1,
39.81,141.118,1,
-35.263,141.181,1,
40.673,141.182,1,
-34.042,141.269,1,
-37.599,141.395,1,
-36.134,141.436,1,
-34.528,141.455,1,
-36.718,141.473,1,
42.906,141.558,1,
43.004,141.562,1,
-38.344,141.613,1,
42.67,141.644,1,
-36.308,141.646,1,
45.098,141.791,1,
43.233,141.797,1,
-35.171,141.813,1,
-37.249,141.842,1,
-34.089,141.885,1,
42.601,141.949,1,
-35.91,141.993,1,
43.661,141.993,1,
-36.295,142.027,1,
-34.34,142.062,1,
-37.821,142.066,1,
-36.723,142.175,1,
-35.383,142.191,1,
-38.385,142.238,1,
-34.756,142.34,1,
44.168,142.386,1,
43.319,142.402,1,
-35.94,142.415,1,
43.776,142.459,1,
43.778,142.46,1,
-36.34,142.668,1,
-37.057,142.763,1,
-38.082,142.808,1,
-37.712,142.841,1,
-35.505,142.849,1,
-35.986,142.913,1,
-37.283,142.931,1,
-38.617,142.997,1,
42.923,143.086,1,
42.928,143.129,1,
44.469,143.138,1,
42.793,143.162,1,
-36.615,143.257,1,
-35.471,143.267,1,
42.507,143.278,1,
-35.054,143.328,1,
-37.588,143.449,1,
42.788,143.488,1,
44.093,143.532,1,
43.243,143.55,1,
-35.343,143.56,1,
-38.342,143.585,1,
43.145,143.609,1,
-36.426,143.614,1,
-38.78,143.652,1,
-36.136,143.723,1,
-37.005,143.76,1,
43.802,143.801,1,
-37.559,143.855,1,
-35.735,143.922,1,
-35.091,144.036,1,
-38.282,144.052,1,
-37.911,144.093,1,
-34.193,144.102,1,
43.815,144.129,1,
-37.341,144.132,1,
-36.031,144.204,1,
-36.718,144.315,1,
-35.455,144.381,1,
-37.677,144.442,1,
43.861,144.469,1,
43.298,144.61,1,
-38.27,144.638,1,
-36.924,144.703,1,
-36.14,144.754,1,
-36.592,144.798,1,
-34.506,144.852,1,
-33.867,144.886,1,
-37.292,144.951,1,
43.536,144.958,1,
-35.532,144.965,1,
43.543,144.981,1,
-37.681,145.064,1,
-37.914,145.129,1,
43.377,145.136,1,
-37.023,145.141,1,
-35.928,145.236,1,
-36.44,145.27,1,
-38.514,145.352,1,
-38.111,145.494,1,
-33.485,145.531,1,
-36.753,145.573,1,
-33.984,145.707,1,
-35.355,145.725,1,
-37.51,145.741,1,
-34.807,145.88,1,
-38.477,145.943,1,
-35.993,145.988,1,
-36.544,146.006,1,
-34.286,146.037,1,
-37.065,146.086,1,
-38.812,146.218,1,
-33.842,146.262,1,
-38.182,146.349,1,
-33.288,146.366,1,
-37.954,146.389,1,
-37.145,146.449,1,
-34.752,146.538,1,
-35.594,146.579,1,
-36.346,146.658,1,
-38.56,146.671,1,
-35.227,146.706,1,
-36.558,146.722,1,
-36.114,146.859,1,
-34.351,146.903,1,
-37.972,146.985,1,
-36.982,147.142,1,
-33.085,147.151,1,
-31.564,147.195,1,
-36.462,147.24,1,
-37.459,147.251,1,
-35.711,147.317,1,
-33.703,147.322,1,
-35.107,147.369,1,
-32.253,147.37,1,
-38.209,147.403,1,
-34.446,147.534,1,
-32.632,147.57,1,
-37.102,147.601,1,
-37.759,147.656,1,
-30.465,147.688,1,
-31.701,147.836,1,
-30.933,147.87,1,
-36.194,147.903,1,
-37.884,147.972,1,
-29.43,147.983,1,
-35.778,148.012,1,
-34.639,148.026,1,
-33.326,148.085,1,
-30.023,148.117,1,
-33.893,148.161,1,
-37.498,148.168,1,
-33.135,148.176,1,
-35.301,148.22,1,
-32.234,148.239,1,
-37.219,148.265,1,
-34.304,148.283,1,
-30.954,148.378,1,
-36.411,148.41,1,
-37.704,148.455,1,
-29.543,148.586,1,
-32.249,148.602,1,
-32.754,148.646,1,
-31.711,148.662,1,
-34.438,148.702,1,
-33.831,148.702,1,
-35.993,148.784,1,
-32.574,148.957,1,
-30.102,148.964,1,
-30.606,148.971,1,
-35.316,149.01,1,
-33.285,149.098,1,
-36.235,149.127,1,
-35.185,149.131,1,
-35.595,149.138,1,
-36.912,149.237,1,
-29.013,149.255,1,
-31.333,149.27,1,
-32.012,149.388,1,
-34.456,149.473,1,
-33.43,149.567,1,
-32.59,149.585,1,
-31.83,149.715,1,
-34.756,149.718,1,
-35.446,149.785,1,
-30.33,149.786,1,
-29.735,149.796,1,
-29.458,149.826,1,
-36.676,149.842,1,
-33.704,149.858,1,
-32.792,149.977,1,
-36.431,150.076,1,
-36.035,150.122,1,
-33.481,150.16,1,
-35.747,150.192,1,
-31.654,150.245,1,
-30.978,150.256,1,
-32.14,150.355,1,
-34.549,150.374,1,
-29.046,150.444,1,
-29.541,150.574,1,
-33.886,150.598,1,
-34.874,150.605,1,
-30.38,150.607,1,
-31.512,150.641,1,
-32.953,150.66,1,
-33.627,150.831,1,
-32.051,150.87,1,
-34.476,150.914,1,
-31.093,150.931,1,
-30.185,151.09,1,
-29.324,151.093,1,
-29.776,151.114,1,
-32.558,151.176,1,
-33.974,151.212,1,
-33.481,151.392,1,
-32.96,151.624,1,
-32.412,151.652,1,
-30.521,151.675,1,
-31.514,151.716,1,
-29.744,151.752,1,
-31.236,151.922,1,
-27.534,151.928,1,
-29.055,152.02,1,
-28.213,152.03,1,
-32.785,152.086,1,
-27.544,152.331,1,
-27.083,152.366,1,
-31.934,152.466,1,
-30.327,152.487,1,
-32.201,152.522,1,
-28.393,152.607,1,
-30.931,152.625,1,
-30.35,152.713,1,
-31.461,152.734,1,
-29.581,152.774,1,
-30.71,152.918,1,
-29.693,152.933,1,
-27.084,152.952,1,
-27.987,152.995,1,
-28.866,153.048,1,
-30.304,153.137,1,
-28.598,153.232,1,
-27.526,153.267,1,
-29.447,153.358,1,
-28.077,153.381,1,
-28.554,153.503,1,
-28.873,153.564,1,
46.85655213,14.46182365,1,
48.15531084,17.11731173,1,
47.22073636,14.57834637,1,
48.20341433,13.4863796,1,
48.5698333,13.9953537,1,
47.80341785,13.110426,1,
46.74716671,12.42030488,1,
48.20311136,15.63291931,1,
47.12532524,13.81323583,1,
47.51531291,9.784659354,1,
48.21885365,16.37307808,1,
47.72289578,14.30218438,1,
47.29550624,9.53813778,1,
47.07399533,9.268050469,1,
46.341824,14.1781985,1,
46.53322513,15.66022361,1,
46.52055096,14.85023248,1,
46.60702699,13.85044966,1,
48.00513817,13.65177577,1,
47.20799995,11.46018038,1,
47.42111273,11.83234169,1,
48.12224125,14.87097697,1,
47.38905793,13.03417007,1,
46.81351518,15.213151,1,
47.54951153,15.2733077,1,
46.95309326,15.88251614,1,
47.23134526,9.58059807,1,
48.50873303,14.50335676,1,
47.28920658,16.21293098,1,
48.77197882,14.9867882,1,
48.66332882,15.64664746,1,
47.26405194,11.34532442,1,
46.97394903,10.11542989,1,
47.14622637,10.62681846,1,
47.4182385,12.35945481,1,
47.22405388,10.13907568,1,
48.56990717,16.60979556,1,
47.72788364,16.93454942,1,
46.66140725,14.62606117,1,
46.79682985,13.49518758,1,
49.01430035,13.995938,1,
48.86403495,16.03917758,1,
48.84962001,17.129067,1,
47.24215176,16.7886645,1,
47.56821821,9.722354419,1,
47.51303043,9.431249149,1,
47.18169142,9.45433301,1,
49.14800865,15.00880695,1,
46.96811498,9.571348795,1,
46.36789941,13.07948352,1,
46.4804468,12.46287102,1,
46.89645819,11.94435379,1,
46.62629192,10.78600111,1,
47.8202181,16.0532218,1,
48.18728836,16.37934041,1,
47.2983985,11.6661581,1,
46.81086586,10.27256471,1,
48.9676309,14.47527111,1,
47.60512277,10.40704928,1,
47.38063256,9.662917336,1,
47.06532164,12.85756827,1,
46.49578722,11.3382354,1,
46.82760081,16.32511253,1,
47.86755401,12.10702298,1,
47.50925339,11.14271845,1,
47.86673786,12.64556683,1,
48.42860482,12.93268253,1,
47.75091212,11.54432474,1,
48.56844681,13.44333118,1,
47.95195653,16.83536284,1,
46.6307456,13.89280442,1,
46.60686205,14.31934015,1,
46.5896848,14.79391418,1,
46.6742391,13.00934574,1,
46.9707541,14.78591541,1,
46.82998778,13.47664907,1,
47.03975739,13.02055441,1,
48.44254648,17.03189062,1,
47.06712709,15.49347622,1,
48.26513985,16.90755163,1,
48.44460498,16.1666817,1,
47.42686757,15.7899975,1,
47.37732644,13.77133612,1,
46.85655213,14.46182365,1,
48.15531084,17.11731173,1,
47.22073636,14.57834637,1,
48.20341433,13.4863796,1,
48.5698333,13.9953537,1,
47.80341785,13.110426,1,
46.74716671,12.42030488,1,
48.20311136,15.63291931,1,
47.12532524,13.81323583,1,
47.51531291,9.784659354,1,
48.21885365,16.37307808,1,
47.72289578,14.30218438,1,
47.29550624,9.53813778,1,
47.07399533,9.268050469,1,
46.53322513,15.66022361,1,
46.52055096,14.85023248,1,
48.00513817,13.65177577,1,
47.20799995,11.46018038,1,
47.42111273,11.83234169,1,
48.12224125,14.87097697,1,
47.38905793,13.03417007,1,
46.81351518,15.213151,1,
47.54951153,15.2733077,1,
46.95309326,15.88251614,1,
47.23134526,9.58059807,1,
48.50873303,14.50335676,1,
47.28920658,16.21293098,1,
48.77197882,14.9867882,1,
48.66332882,15.64664746,1,
47.26405194,11.34532442,1,
46.97394903,10.11542989,1,
47.14622637,10.62681846,1,
47.4182385,12.35945481,1,
47.22405388,10.13907568,1,
48.56990717,16.60979556,1,
47.72788364,16.93454942,1,
46.66140725,14.62606117,1,
49.01430035,13.995938,1,
48.86403495,16.03917758,1,
48.84962001,17.129067,1,
47.24215176,16.7886645,1,
47.56821821,9.722354419,1,
47.51303043,9.431249149,1,
49.14800865,15.00880695,1,
46.96811498,9.571348795,1,
46.36789941,13.07948352,1,
46.4804468,12.46287102,1,
46.89645819,11.94435379,1,
46.62629192,10.78600111,1,
47.8202181,16.0532218,1,
48.18728836,16.37934041,1,
47.2983985,11.6661581,1,
46.81086586,10.27256471,1,
48.9676309,14.47527111,1,
47.38063256,9.662917336,1,
47.06532164,12.85756827,1,
46.82760081,16.32511253,1,
47.86755401,12.10702298,1,
47.50925339,11.14271845,1,
47.86673786,12.64556683,1,
48.42860482,12.93268253,1,
47.75091212,11.54432474,1,
48.56844681,13.44333118,1,
47.95195653,16.83536284,1,
46.6307456,13.89280442,1,
46.60686205,14.31934015,1,
46.5896848,14.79391418,1,
46.6742391,13.00934574,1,
46.9707541,14.78591541,1,
46.82998778,13.47664907,1,
47.03975739,13.02055441,1,
48.44254648,17.03189062,1,
47.06712709,15.49347622,1,
48.26513985,16.90755163,1,
48.44460498,16.1666817,1,
47.42686757,15.7899975,1,
47.37732644,13.77133612,1,
41.1197674,25.40634646,1,
42.02077459,23.09411437,1,
42.02433045,23.99695714,1,
41.47347598,25.65191523,1,
43.8492529,25.94941697,1,
43.2055055,23.5516471,1,
42.1137163,27.84734072,1,
41.56121175,23.27697957,1,
41.57502765,24.71153001,1,
43.14046895,24.71238922,1,
42.39906333,25.63222625,1,
42.69920952,27.24798028,1,
43.31166622,27.0301871,1,
43.11768636,25.69254046,1,
42.66661594,23.37022635,1,
42.1506935,24.73863834,1,
42.17130896,26.56473834,1,
43.21497455,27.96013134,1,
42.67937191,26.32109306,1,
43.62555383,22.67994918,1,
43.43890476,28.3507801,1,
43.15433798,22.58132689,1,
42.24115561,23.5867074,1,
41.41418044,26.54578066,1,
41.28590756,23.03744652,1,
42.28932591,22.7088464,1,
43.68972218,28.03767111,1,
42.71451162,24.13929653,1,
41.76296191,26.21187238,1,
42.99048921,21.94330962,1,
42.64616126,24.79921975,1,
42.55445145,21.90028851,1,
43.64812798,25.12468292,1,
43.99158475,22.86516358,1,
43.78265285,23.72240507,1,
41.61530056,23.98802824,1,
44.59569273,22.62780347,1,
44.05070025,22.09894095,1,
42.34607594,27.18208329,1,
44.04787477,26.60411689,1,
43.34840698,26.22232378,1,
43.68736557,22.29496907,1,
43.28012077,24.08085293,1,
40.93379677,24.38730725,1,
40.84916118,25.85344687,1,
41.93096444,25.56173363,1,
41.06843649,23.38697154,1,
43.74583132,27.40750524,1,
43.72139386,26.83121693,1,
41.1197674,25.40634646,1,
42.02077459,23.09411437,1,
42.02433045,23.99695714,1,
41.47347598,25.65191523,1,
43.8492529,25.94941697,1,
43.2055055,23.5516471,1,
42.1137163,27.84734072,1,
41.56121175,23.27697957,1,
41.57502765,24.71153001,1,
42.39906333,25.63222625,1,
42.69920952,27.24798028,1,
43.31166622,27.0301871,1,
43.11768636,25.69254046,1,
42.66661594,23.37022635,1,
42.1506935,24.73863834,1,
42.17130896,26.56473834,1,
43.21497455,27.96013134,1,
42.67937191,26.32109306,1,
43.62555383,22.67994918,1,
43.15433798,22.58132689,1,
42.24115561,23.5867074,1,
41.41418044,26.54578066,1,
41.28590756,23.03744652,1,
42.28932591,22.7088464,1,
43.68972218,28.03767111,1,
42.71451162,24.13929653,1,
41.76296191,26.21187238,1,
42.99048921,21.94330962,1,
42.64616126,24.79921975,1,
42.55445145,21.90028851,1,
43.64812798,25.12468292,1,
43.99158475,22.86516358,1,
43.78265285,23.72240507,1,
41.61530056,23.98802824,1,
44.59569273,22.62780347,1,
44.05070025,22.09894095,1,
42.34607594,27.18208329,1,
44.04787477,26.60411689,1,
43.34840698,26.22232378,1,
43.68736557,22.29496907,1,
43.28012077,24.08085293,1,
40.93379677,24.38730725,1,
40.84916118,25.85344687,1,
41.93096444,25.56173363,1,
43.74583132,27.40750524,1,
43.72139386,26.83121693,1,
49.94871523,12.23363067,1,
49.26268249,12.98286074,1,
50.45495649,12.74296069,1,
48.86403508,16.03917761,1,
49.33801148,17.99101296,1,
50.56264363,15.90844787,1,
49.40979677,14.68021872,1,
49.75782059,16.4713079,1,
49.96476928,16.98095702,1,
50.10238939,13.72923703,1,
50.35015143,16.32224346,1,
49.687798,13.99825781,1,
50.1252295,14.45605687,1,
49.01430049,13.99593806,1,
50.03954777,15.78324592,1,
50.41287904,14.90596427,1,
50.54027399,14.14025005,1,
50.77170207,15.0598912,1,
50.2325932,12.84187541,1,
49.29748084,17.40014282,1,
49.39355391,15.58639573,1,
49.14800877,15.00880703,1,
50.23282443,17.20816619,1,
48.84962012,17.12906705,1,
49.68479282,18.35318282,1,
49.44590371,12.92410465,1,
49.72657611,13.35183533,1,
49.20589174,16.59283443,1,
49.91370184,14.78561823,1,
50.70888799,13.42367499,1,
49.51185242,12.54551803,1,
48.94199245,13.5747343,1,
49.43460886,18.78474891,1,
50.92573666,16.37040667,1,
51.25553275,15.55839476,1,
51.22095726,14.12590504,1,
48.56983342,13.9953537,1,
48.77197895,14.9867883,1,
48.66332892,15.64664753,1,
48.56990725,16.60979552,1,
48.50873313,14.50335686,1,
48.59018392,17.82556516,1,
50.10384164,11.44256386,1,
49.91564613,18.49457475,1,
48.44254653,17.03189054,1,
50.67058868,16.60621304,1,
51.35487599,14.96567226,1,
49.59493797,17.27648343,1,
50.37453816,18.33078316,1,
50.17812949,12.31897339,1,
50.86780164,14.77562945,1,
50.93556124,14.17925182,1,
50.49242787,12.10054037,1,
49.85749658,19.37347403,1,
48.56844704,13.44333142,1,
51.18238638,15.02703883,1,
50.00594501,17.87737518,1,
50.46440379,17.33525243,1,
50.81705973,15.43333395,1,
50.7671387,16.13207683,1,
50.35383011,16.63033674,1,
48.88555356,18.03313553,1,
49.10910088,18.45933468,1,
50.28254666,18.93817863,1,
48.96763098,14.47527113,1,
49.94871523,12.23363067,1,
49.26268249,12.98286074,1,
50.45495649,12.74296069,1,
48.86403508,16.03917761,1,
49.33801148,17.99101296,1,
50.56264363,15.90844787,1,
49.40979677,14.68021872,1,
49.75782059,16.4713079,1,
49.96476928,16.98095702,1,
50.10238939,13.72923703,1,
50.35015143,16.32224346,1,
50.1252295,14.45605687,1,
49.01430049,13.99593806,1,
50.03954777,15.78324592,1,
50.41287904,14.90596427,1,
50.54027399,14.14025005,1,
50.77170207,15.0598912,1,
49.29748084,17.40014282,1,
49.39355391,15.58639573,1,
49.14800877,15.00880703,1,
50.23282443,17.20816619,1,
48.84962012,17.12906705,1,
49.68479282,18.35318282,1,
49.72657611,13.35183533,1,
49.20589174,16.59283443,1,
49.91370184,14.78561823,1,
50.70888799,13.42367499,1,
49.51185242,12.54551803,1,
48.94199245,13.5747343,1,
49.43460886,18.78474891,1,
50.92573666,16.37040667,1,
51.25553275,15.55839476,1,
51.22095726,14.12590504,1,
48.56983342,13.9953537,1,
48.77197895,14.9867883,1,
48.66332892,15.64664753,1,
48.56990725,16.60979552,1,
48.50873313,14.50335686,1,
48.59018392,17.82556516,1,
50.10384164,11.44256386,1,
49.91564613,18.49457475,1,
48.44254653,17.03189054,1,
50.67058868,16.60621304,1,
51.35487599,14.96567226,1,
49.59493797,17.27648343,1,
50.37453816,18.33078316,1,
50.17812949,12.31897339,1,
50.86780164,14.77562945,1,
50.93556124,14.17925182,1,
50.49242787,12.10054037,1,
49.85749658,19.37347403,1,
48.56844704,13.44333142,1,
51.18238638,15.02703883,1,
50.00594501,17.87737518,1,
50.46440379,17.33525243,1,
50.81705973,15.43333395,1,
50.7671387,16.13207683,1,
50.35383011,16.63033674,1,
48.88555356,18.03313553,1,
49.10910088,18.45933468,1,
50.28254666,18.93817863,1,
48.96763098,14.47527113,1,
55.39672705,10.60770106,1,
55.08085332,10.57827134,1,
55.294143,10.11322273,1,
55.46886944,10.1919912,1,
56.11793373,9.009419636,1,
56.1664307,10.14607182,1,
55.2521729,9.387908356,1,
56.18787978,9.553650408,1,
57.0659868,9.917951748,1,
55.1975157,8.727421076,1,
55.75376529,8.962217389,1,
56.00484709,8.128299652,1,
56.8103868,8.415927522,1,
56.55366312,9.843443021,1,
54.87493802,11.08765387,1,
54.65997901,11.35452822,1,
55.41384874,12.24079796,1,
57.39533056,11.92453686,1,
56.89801633,12.48700798,1,
54.79292734,8.844406872,1,
55.05251105,8.400746221,1,
54.77363185,9.375425477,1,
54.52731656,11.05806016,1,
56.45038129,9.37827622,1,
55.07618678,14.91312495,1,
56.34424078,10.78770016,1,
55.41156,11.32952162,1,
55.91537479,11.648645,1,
55.60741082,11.76286804,1,
56.02693968,12.56719505,1,
56.02431946,12.17473682,1,
55.26365818,11.8714195,1,
57.41074738,9.905281291,1,
55.48015993,9.15765817,1,
57.5986763,10.40942364,1,
56.80353397,10.26990514,1,
55.75865818,9.571192153,1,
55.33526892,10.74250819,1,
55.9718411,11.35531126,1,
56.18759027,10.17983684,1,
54.9443151,8.805378466,1,
56.12397863,8.172473609,1,
55.89064843,12.82690071,1,
55.54641006,9.647695066,1,
54.57442686,11.92292208,1,
57.19666796,10.3803715,1,
55.41376038,12.85793998,1,
56.9632703,8.753754002,1,
55.73886597,12.49995599,1,
55.71550487,12.43680129,1,
55.65348906,11.29562938,1,
55.95534315,8.491124584,1,
55.09311963,14.7349217,1,
54.9893607,12.36462719,1,
56.70952569,9.010924558,1,
56.40973118,10.27466368,1,
55.36235374,10.46059773,1,
55.85936719,9.815265475,1,
57.59109742,9.967541662,1,
55.49356277,8.456821389,1,
55.85561288,10.54522321,1,
55.65367306,12.54531027,1,
54.89855831,11.88797024,1,
56.3916222,8.611750011,1,
54.99363401,9.986253517,1,
55.24842253,14.83933422,1,
56.8416624,9.742136024,1,
56.04604023,12.71009788,1,
56.2818612,12.49910784,1,
57.77695207,11.61580856,1,
57.10126268,12.25711568,1,
56.15409191,12.5778313,1,
55.60112681,13.02982204,1,
56.52301822,8.118270858,1,
55.39672705,10.60770106,1,
55.08085332,10.57827134,1,
55.294143,10.11322273,1,
55.46886944,10.1919912,1,
56.11793373,9.009419636,1,
56.1664307,10.14607182,1,
55.2521729,9.387908356,1,
56.18787978,9.553650408,1,
57.0659868,9.917951748,1,
55.1975157,8.727421076,1,
55.75376529,8.962217389,1,
56.00484709,8.128299652,1,
56.55366312,9.843443021,1,
54.87493802,11.08765387,1,
54.65997901,11.35452822,1,
55.41384874,12.24079796,1,
57.39533056,11.92453686,1,
54.79292734,8.844406872,1,
55.05251105,8.400746221,1,
54.77363185,9.375425477,1,
54.52731656,11.05806016,1,
56.45038129,9.37827622,1,
55.07618678,14.91312495,1,
56.34424078,10.78770016,1,
55.41156,11.32952162,1,
55.91537479,11.648645,1,
55.60741082,11.76286804,1,
56.02693968,12.56719505,1,
56.02431946,12.17473682,1,
55.26365818,11.8714195,1,
57.41074738,9.905281291,1,
55.48015993,9.15765817,1,
57.5986763,10.40942364,1,
56.80353397,10.26990514,1,
55.75865818,9.571192153,1,
55.33526892,10.74250819,1,
55.9718411,11.35531126,1,
56.18759027,10.17983684,1,
54.9443151,8.805378466,1,
56.12397863,8.172473609,1,
55.89064843,12.82690071,1,
55.54641006,9.647695066,1,
54.57442686,11.92292208,1,
57.19666796,10.3803715,1,
55.41376038,12.85793998,1,
56.9632703,8.753754002,1,
55.73886597,12.49995599,1,
55.71550487,12.43680129,1,
55.65348906,11.29562938,1,
55.95534315,8.491124584,1,
55.09311963,14.7349217,1,
54.9893607,12.36462719,1,
56.70952569,9.010924558,1,
56.40973118,10.27466368,1,
55.36235374,10.46059773,1,
55.85936719,9.815265475,1,
57.59109742,9.967541662,1,
55.49356277,8.456821389,1,
55.85561288,10.54522321,1,
55.65367306,12.54531027,1,
54.89855831,11.88797024,1,
56.3916222,8.611750011,1,
54.99363401,9.986253517,1,
56.8416624,9.742136024,1,
56.04604023,12.71009788,1,
56.2818612,12.49910784,1,
57.77695207,11.61580856,1,
57.10126268,12.25711568,1,
56.15409191,12.5778313,1,
55.60112681,13.02982204,1,
56.52301822,8.118270858,1,
60.40926004,25.68645019,1,
62.26434786,21.40650472,1,
60.1607067,21.56381577,1,
61.68413108,24.35679489,1,
61.5485585,29.50779066,1,
64.22408638,27.73337885,1,
64.25710744,23.94808869,1,
65.01500897,24.7350496,1,
61.99491617,23.00139057,1,
60.87060686,26.71161839,1,
64.88393436,28.90496969,1,
62.3124016,27.88603861,1,
62.02198204,24.50978631,1,
64.86802312,27.67530616,1,
60.53374347,24.20869173,1,
61.25925683,24.03692485,1,
65.36107845,26.99899406,1,
65.57115396,28.2286048,1,
66.12647021,28.15609063,1,
65.92458806,26.52617517,1,
66.0939476,24.82024721,1,
63.67852515,28.8166122,1,
61.98995048,26.6445056,1,
65.96781565,29.1733606,1,
66.77256298,23.96327837,1,
66.83390453,28.67193054,1,
68.38491579,23.63542359,1,
67.65132437,24.91070399,1,
66.71409807,27.43316054,1,
62.18096682,29.19928312,1,
69.42378031,25.82355048,1,
64.56268327,26.85936423,1,
60.22444374,19.55445334,1,
63.571712,27.19303179,1,
61.59526242,21.5141969,1,
61.59484021,22.5918836,1,
61.13239398,22.1285229,1,
61.89797996,27.85747424,1,
60.37960829,23.10529607,1,
60.6281882,23.51371582,1,
60.80173571,21.42407728,1,
62.60508396,25.71010058,1,
62.7774422,22.88854277,1,
60.98800596,24.44751805,1,
60.46395189,24.807499,1,
60.62533992,26.19876243,1,
61.19300327,28.77747409,1,
61.52282894,28.17688774,1,
61.03897623,28.13459036,1,
61.33010497,27.44216831,1,
60.58405483,27.71396355,1,
63.08527568,25.85112774,1,
63.36554481,23.47644899,1,
63.52457618,24.66517043,1,
63.67215831,22.7054654,1,
63.04340221,24.56766079,1,
59.81974494,22.94530325,1,
64.09641985,26.33316788,1,
62.09133224,30.15970191,1,
64.12896007,29.51912966,1,
62.67105127,30.92656903,1,
60.07209947,23.68351173,1,
63.32582323,30.01766252,1,
61.56249687,25.17867839,1,
64.13857097,25.36614031,1,
60.46742428,26.94732329,1,
70.08914544,27.94181753,1,
61.8721156,28.87944624,1,
66.93549737,25.36030032,1,
60.51759206,22.09867791,1,
62.7314792,29.05517599,1,
62.59261298,29.76963742,1,
63.23949513,29.2546768,1,
64.07413048,24.51459236,1,
64.98939079,25.42891182,1,
61.498407,23.73413497,1,
61.45650548,23.8537003,1,
60.17750878,24.8346307,1,
67.02431472,27.22490134,1,
69.02210954,23.01973988,1,
69.72844827,30.04129669,1,
68.91436688,26.99932315,1,
63.29518919,28.01362902,1,
60.11746963,20.25760475,1,
69.51100435,28.60087665,1,
69.75595,27.00713093,1,
68.44575772,25.95137867,1,
67.96083741,28.95581304,1,
68.10142475,27.12001436,1,
67.92415835,23.81913847,1,
64.09333137,28.8465683,1,
67.42078321,26.38927525,1,
63.09700471,29.80444703,1,
63.49506556,28.29843479,1,
62.97507213,28.48714391,1,
59.93008447,20.86008045,1,
63.13479403,24.04823087,1,
62.27789547,23.68974511,1,
61.99138911,22.27527472,1,
63.11260949,31.09683895,1,
62.55035169,24.06711776,1,
63.85712249,23.46348311,1,
63.14606496,22.79610778,1,
65.67037549,25.0687408,1,
67.28718907,28.16971321,1,
62.62126774,26.83745156,1,
68.43368689,27.44299792,1,
67.69345358,26.93802461,1,
62.42390554,22.1742189,1,
60.30113148,24.90479637,1,
60.07422937,24.3882569,1,
60.2712194,24.44489111,1,
65.82805939,24.13165609,1,
66.3857183,23.65869955,1,
66.84788433,23.05553125,1,
67.430504,22.50082122,1,
68.0908634,21.69184584,1,
64.21735782,29.93179755,1,
65.08638014,25.89253667,1,
60.97789988,25.68991455,1,
66.48102429,25.72471369,1,
64.51190482,25.53537419,1,
63.10550768,21.59578173,1,
61.69357274,27.27731656,1,
61.12903888,21.4411403,1,
62.89389928,27.67043567,1,
61.47679728,23.50608057,1,
61.02540271,22.69794079,1,
62.23873026,25.74742449,1,
64.67644674,24.46620569,1,
68.94155315,20.91413052,1,
63.68191228,25.98608118,1,
60.787293,25.02683842,1,
66.37018555,29.3116508,1,
62.77919315,21.18337468,1,
61.86221015,21.50265719,1,
62.96116678,21.77055791,1,
61.25665709,26.76854196,1,
60.4158445,22.44329725,1,
60.25310364,25.38971718,1,
62.67079007,24.81033813,1,
61.57216457,26.02374832,1,
60.40926004,25.68645019,1,
62.26434786,21.40650472,1,
60.1607067,21.56381577,1,
61.68413108,24.35679489,1,
61.5485585,29.50779066,1,
64.22408638,27.73337885,1,
64.25710744,23.94808869,1,
65.01500897,24.7350496,1,
61.99491617,23.00139057,1,
60.87060686,26.71161839,1,
64.88393436,28.90496969,1,
62.3124016,27.88603861,1,
62.02198204,24.50978631,1,
64.86802312,27.67530616,1,
60.53374347,24.20869173,1,
61.25925683,24.03692485,1,
65.36107845,26.99899406,1,
65.57115396,28.2286048,1,
66.12647021,28.15609063,1,
65.92458806,26.52617517,1,
63.67852515,28.8166122,1,
61.98995048,26.6445056,1,
65.96781565,29.1733606,1,
66.83390453,28.67193054,1,
68.38491579,23.63542359,1,
67.65132437,24.91070399,1,
66.71409807,27.43316054,1,
62.18096682,29.19928312,1,
69.42378031,25.82355048,1,
64.56268327,26.85936423,1,
63.571712,27.19303179,1,
61.59526242,21.5141969,1,
61.59484021,22.5918836,1,
61.13239398,22.1285229,1,
61.89797996,27.85747424,1,
60.37960829,23.10529607,1,
60.6281882,23.51371582,1,
60.80173571,21.42407728,1,
62.60508396,25.71010058,1,
62.7774422,22.88854277,1,
60.98800596,24.44751805,1,
60.46395189,24.807499,1,
60.62533992,26.19876243,1,
61.19300327,28.77747409,1,
61.52282894,28.17688774,1,
61.03897623,28.13459036,1,
60.58405483,27.71396355,1,
63.08527568,25.85112774,1,
63.36554481,23.47644899,1,
63.52457618,24.66517043,1,
63.67215831,22.7054654,1,
63.04340221,24.56766079,1,
59.81974494,22.94530325,1,
64.09641985,26.33316788,1,
62.09133224,30.15970191,1,
64.12896007,29.51912966,1,
62.67105127,30.92656903,1,
60.07209947,23.68351173,1,
63.32582323,30.01766252,1,
61.56249687,25.17867839,1,
64.13857097,25.36614031,1,
60.46742428,26.94732329,1,
70.08914544,27.94181753,1,
61.8721156,28.87944624,1,
66.93549737,25.36030032,1,
60.51759206,22.09867791,1,
62.7314792,29.05517599,1,
62.59261298,29.76963742,1,
63.23949513,29.2546768,1,
64.07413048,24.51459236,1,
64.98939079,25.42891182,1,
61.45650548,23.8537003,1,
60.17750878,24.8346307,1,
67.02431472,27.22490134,1,
69.02210954,23.01973988,1,
69.72844827,30.04129669,1,
68.91436688,26.99932315,1,
63.29518919,28.01362902,1,
60.11746963,20.25760475,1,
69.51100435,28.60087665,1,
69.75595,27.00713093,1,
68.44575772,25.95137867,1,
67.96083741,28.95581304,1,
67.92415835,23.81913847,1,
64.09333137,28.8465683,1,
67.42078321,26.38927525,1,
63.09700471,29.80444703,1,
63.49506556,28.29843479,1,
62.97507213,28.48714391,1,
59.93008447,20.86008045,1,
63.13479403,24.04823087,1,
62.27789547,23.68974511,1,
61.99138911,22.27527472,1,
63.11260949,31.09683895,1,
63.85712249,23.46348311,1,
63.14606496,22.79610778,1,
65.67037549,25.0687408,1,
67.28718907,28.16971321,1,
62.62126774,26.83745156,1,
68.43368689,27.44299792,1,
67.69345358,26.93802461,1,
62.42390554,22.1742189,1,
60.30113148,24.90479637,1,
60.07422937,24.3882569,1,
60.2712194,24.44489111,1,
65.82805939,24.13165609,1,
66.3857183,23.65869955,1,
66.84788433,23.05553125,1,
67.430504,22.50082122,1,
68.0908634,21.69184584,1,
64.21735782,29.93179755,1,
65.08638014,25.89253667,1,
60.97789988,25.68991455,1,
66.48102429,25.72471369,1,
64.51190482,25.53537419,1,
63.10550768,21.59578173,1,
61.69357274,27.27731656,1,
61.12903888,21.4411403,1,
62.89389928,27.67043567,1,
61.47679728,23.50608057,1,
61.02540271,22.69794079,1,
62.23873026,25.74742449,1,
64.67644674,24.46620569,1,
68.94155315,20.91413052,1,
63.68191228,25.98608118,1,
60.787293,25.02683842,1,
66.37018555,29.3116508,1,
62.77919315,21.18337468,1,
61.86221015,21.50265719,1,
62.96116678,21.77055791,1,
61.25665709,26.76854196,1,
60.4158445,22.44329725,1,
60.25310364,25.38971718,1,
61.57216457,26.02374832,1,
49.12153736,1.145981236,1,
46.173628,-0.579269627,1,
48.59034221,0.655307941,1,
49.17702023,-0.624314,1,
45.75392501,-0.237323363,1,
49.09483664,4.72360804,1,
49.94012185,1.142409789,1,
46.70609972,-0.987257285,1,
49.60517886,5.080672918,1,
47.13165208,2.803469999,1,
49.63169816,1.537346444,1,
46.69569989,-1.941271705,1,
48.30940239,-2.368401815,1,
50.52110902,1.784330006,1,
48.64052735,-0.211834472,1,
50.07910397,3.770252691,1,
46.21175979,-1.522710786,1,
48.7958641,-3.242800499,1,
48.42068093,-4.454917477,1,
47.69025851,4.236432867,1,
43.11050483,6.048959149,1,
49.18531135,-1.411280634,1,
48.13706174,-0.55353306,1,
50.03030193,2.872618407,1,
49.67570207,-1.368354384,1,
49.09869228,3.672883847,1,
49.54193581,3.314321239,1,
48.61688818,3.332767254,1,
43.69235849,4.095882294,1,
46.65325628,2.387343677,1,
44.17565614,0.299871241,1,
44.24706406,1.10514529,1,
44.64766617,1.567671136,1,
44.17729371,6.345510365,1,
44.14549154,1.968442022,1,
46.21767278,6.283026153,1,
46.16228268,3.611103367,1,
46.6042371,4.057114391,1,
48.16188,6.310836316,1,
43.73663264,0.692860219,1,
47.65968745,6.745648215,1,
45.66272493,2.452177531,1,
45.22429245,-0.572809739,1,
45.17771775,2.848259906,1,
48.12442969,5.350883272,1,
44.19965572,2.855114088,1,
46.15900321,1.153697476,1,
43.32157618,-1.550106417,1,
44.74290471,-0.17744116,1,
46.74632569,5.909189192,1,
43.20684657,1.086048114,1,
50.56975858,3.265987474,1,
45.22550436,0.241378875,1,
48.14560529,0.182752869,1,
48.6999263,-1.022796398,1,
49.51447311,5.768522399,1,
49.09371615,2.043065244,1,
43.28635809,3.508962603,1,
48.70878215,7.658243353,1,
47.63306283,7.479626792,1,
44.6681551,4.169232276,1,
42.83953122,3.038760766,1,
47.61928322,5.014171315,1,
46.19482402,4.606172693,1,
43.69606292,4.939619698,1,
44.72179029,3.283642197,1,
48.19749783,7.221253446,1,
50.09811105,1.936103674,1,
43.24192817,2.766033107,1,
44.764037,-1.134111426,1,
45.24137679,4.66568905,1,
45.19877239,3.711749977,1,
43.71077963,-1.055598796,1,
47.68925628,-0.17025888,1,
49.62247463,2.383289063,1,
45.74368033,-1.107624591,1,
48.10045934,1.123053641,1,
46.67316809,0.653380797,1,
47.63461955,2.3638142,1,
47.63497008,1.449020418,1,
47.13351153,4.486380966,1,
45.69566284,3.226695938,1,
44.27789181,5.272557865,1,
46.55854587,1.540601203,1,
46.67215485,-0.148979148,1,
47.71762151,-1.864741407,1,
47.61832904,3.34520056,1,
48.20025518,1.882765182,1,
48.62467627,4.111802446,1,
45.75768568,6.537371914,1,
48.21376031,-1.509968162,1,
49.52198097,0.072167886,1,
47.75807307,-2.843261184,1,
48.61057293,-1.900818625,1,
49.12153998,0.281567264,1,
45.67585156,0.639626231,1,
47.18482271,1.09342817,1,
49.05785026,2.847890614,1,
47.62827415,0.749493195,1,
48.09021715,2.794526853,1,
50.56074182,2.447370957,1,
48.36218093,-3.43770818,1,
48.65442646,1.544982282,1,
47.70387345,-1.029355868,1,
46.14880553,0.295196305,1,
50.11000526,4.78025107,1,
47.1658559,0.253514287,1,
48.08418477,3.700039976,1,
47.9027185,-3.980327416,1,
43.72033616,2.340867724,1,
48.61231572,5.841096696,1,
45.71568889,4.067806179,1,
44.09557781,6.930502352,1,
44.3933465,7.816186847,1,
44.6476354,7.66066414,1,
44.88886579,7.346533485,1,
47.46203239,7.718642559,1,
46.22013719,6.035087211,1,
46.17231584,7.222140006,1,
47.27518801,7.3680759,1,
46.86606992,7.012964092,1,
46.49460958,6.393741151,1,
49.00493564,8.386064914,1,
42.31883927,3.315598768,1,
42.47812435,1.973048114,1,
42.37452939,1.132749543,1,
42.69357272,0.975662802,1,
50.99365103,2.344748429,1,
42.51186962,0.485633911,1,
50.32082316,4.216443372,1,
49.76185569,5.135003709,1,
50.62860028,3.371723028,1,
43.42126309,5.265338072,1,
42.41569014,1.870494378,1,
42.95824212,-0.800685587,1,
43.72549607,7.299971557,1,
48.47615966,7.943171142,1,
49.19788888,8.109333986,1,
50.95613445,1.810535323,1,
51.39169824,1.382886087,1,
50.92655653,0.976470334,1,
48.91670213,2.219665023,1,
44.71096501,5.057793072,1,
16.1324332,-61.76997681,1,
16.20625938,-61.48140491,1,
47.28830082,-2.504186556,1,
43.53725184,1.388892043,1,
48.61357895,5.081667566,1,
44.71609945,0.654187441,1,
49.20211395,7.602453656,1,
49.66817329,0.901893183,1,
48.70774372,2.152476455,1,
45.68221945,1.437461759,1,
49.62401302,5.444078808,1,
50.08997751,4.510607221,1,
48.67370856,6.782344661,1,
47.21738865,-0.731561185,1,
44.93039484,-0.562099073,1,
46.05340267,6.698639749,1,
48.79554989,7.981295837,1,
49.2176917,7.008629989,1,
49.44343687,6.644007561,1,
49.10341878,5.3875265,1,
42.85073138,1.600526083,1,
44.78779817,6.539664814,1,
49.56793258,5.939259255,1,
47.65956716,5.826551711,1,
43.7974622,6.723679785,1,
46.72558521,5.075135551,1,
45.67768136,5.902150155,1,
44.21382653,-0.751433786,1,
44.73148669,5.74621193,1,
44.18533176,4.573841946,1,
42.72754578,2.434967293,1,
45.17087459,1.986895819,1,
45.20546174,6.264158901,1,
46.22471087,5.41649002,1,
47.18144462,6.395026309,1,
46.12642302,1.976606742,1,
46.16086029,2.835222403,1,
45.16946344,1.152983696,1,
45.70696192,4.960172969,1,
45.66502686,1.54815576,1,
43.69336064,3.314370617,1,
44.19542214,3.654471179,1,
45.24931253,5.47250815,1,
43.30100947,6.228904963,1,
43.23087218,-0.674361441,1,
49.11807493,7.218259683,1,
43.2791227,0.266529182,1,
44.70246354,2.412064656,1,
49.54778624,6.32317339,1,
43.71844477,-0.198438142,1,
43.73203669,5.824322156,1,
43.61142478,7.054095313,1,
47.2267724,-1.64664222,1,
43.2787669,5.353783767,1,
42.04158548,2.855128734,1,
43.3217618,-1.931519418,1,
42.51524731,-0.362103247,1,
45.12771411,7.016585414,1,
45.7368353,7.321383436,1,
43.78602875,7.65123381,1,
48.59389059,2.475578838,1,
43.80338179,7.496668613,1,
49.20394171,6.29157297,1,
14.53948237,-61.03340141,1,
14.82463301,-61.05188562,1,
16.47198165,-61.50933585,1,
16.30382448,-61.0736129,1,
15.88988355,-61.30610396,1,
43.15714804,2.029585278,1,
48.14569584,4.565433656,1,
49.60537261,4.137547943,1,
47.20730701,-1.505103857,1,
47.12444165,3.680332826,1,
47.15772784,5.406820866,1,
46.6603025,3.249004634,1,
14.4714719,-60.85752596,1,
47.1543442,1.995840061,1,
47.90779431,7.632986384,1,
49.12153736,1.145981236,1,
46.173628,-0.579269627,1,
48.59034221,0.655307941,1,
49.17702023,-0.624314,1,
45.75392501,-0.237323363,1,
49.09483664,4.72360804,1,
49.94012185,1.142409789,1,
46.70609972,-0.987257285,1,
49.60517886,5.080672918,1,
47.13165208,2.803469999,1,
49.63169816,1.537346444,1,
46.69569989,-1.941271705,1,
48.30940239,-2.368401815,1,
50.52110902,1.784330006,1,
48.64052735,-0.211834472,1,
50.07910397,3.770252691,1,
46.21175979,-1.522710786,1,
48.7958641,-3.242800499,1,
48.42068093,-4.454917477,1,
47.69025851,4.236432867,1,
43.11050483,6.048959149,1,
49.18531135,-1.411280634,1,
48.13706174,-0.55353306,1,
50.03030193,2.872618407,1,
49.67570207,-1.368354384,1,
49.09869228,3.672883847,1,
49.54193581,3.314321239,1,
48.61688818,3.332767254,1,
46.65325628,2.387343677,1,
44.24706406,1.10514529,1,
44.64766617,1.567671136,1,
44.17729371,6.345510365,1,
44.14549154,1.968442022,1,
46.21767278,6.283026153,1,
46.16228268,3.611103367,1,
46.6042371,4.057114391,1,
48.16188,6.310836316,1,
43.73663264,0.692860219,1,
45.66272493,2.452177531,1,
45.22429245,-0.572809739,1,
45.17771775,2.848259906,1,
48.12442969,5.350883272,1,
44.19965572,2.855114088,1,
46.15900321,1.153697476,1,
43.32157618,-1.550106417,1,
44.74290471,-0.17744116,1,
46.74632569,5.909189192,1,
43.20684657,1.086048114,1,
50.56975858,3.265987474,1,
45.22550436,0.241378875,1,
48.14560529,0.182752869,1,
48.6999263,-1.022796398,1,
49.51447311,5.768522399,1,
49.09371615,2.043065244,1,
43.28635809,3.508962603,1,
48.70878215,7.658243353,1,
47.63306283,7.479626792,1,
44.6681551,4.169232276,1,
42.83953122,3.038760766,1,
47.61928322,5.014171315,1,
46.19482402,4.606172693,1,
43.69606292,4.939619698,1,
44.72179029,3.283642197,1,
48.19749783,7.221253446,1,
50.09811105,1.936103674,1,
43.24192817,2.766033107,1,
45.24137679,4.66568905,1,
45.19877239,3.711749977,1,
43.71077963,-1.055598796,1,
47.68925628,-0.17025888,1,
49.62247463,2.383289063,1,
45.74368033,-1.107624591,1,
48.10045934,1.123053641,1,
46.67316809,0.653380797,1,
47.63461955,2.3638142,1,
47.63497008,1.449020418,1,
47.13351153,4.486380966,1,
45.69566284,3.226695938,1,
44.27789181,5.272557865,1,
46.55854587,1.540601203,1,
46.67215485,-0.148979148,1,
47.71762151,-1.864741407,1,
47.61832904,3.34520056,1,
48.20025518,1.882765182,1,
48.62467627,4.111802446,1,
45.75768568,6.537371914,1,
48.21376031,-1.509968162,1,
49.52198097,0.072167886,1,
47.75807307,-2.843261184,1,
48.61057293,-1.900818625,1,
49.12153998,0.281567264,1,
45.67585156,0.639626231,1,
47.18482271,1.09342817,1,
49.05785026,2.847890614,1,
47.62827415,0.749493195,1,
48.09021715,2.794526853,1,
50.56074182,2.447370957,1,
48.36218093,-3.43770818,1,
48.65442646,1.544982282,1,
47.70387345,-1.029355868,1,
46.14880553,0.295196305,1,
50.11000526,4.78025107,1,
47.1658559,0.253514287,1,
48.08418477,3.700039976,1,
47.9027185,-3.980327416,1,
43.72033616,2.340867724,1,
48.61231572,5.841096696,1,
45.71568889,4.067806179,1,
44.09557781,6.930502352,1,
44.3933465,7.816186847,1,
44.6476354,7.66066414,1,
44.88886579,7.346533485,1,
47.46203239,7.718642559,1,
46.22013719,6.035087211,1,
46.17231584,7.222140006,1,
47.27518801,7.3680759,1,
46.86606992,7.012964092,1,
46.49460958,6.393741151,1,
49.00493564,8.386064914,1,
42.31883927,3.315598768,1,
42.47812435,1.973048114,1,
42.37452939,1.132749543,1,
42.69357272,0.975662802,1,
50.99365103,2.344748429,1,
42.51186962,0.485633911,1,
50.32082316,4.216443372,1,
49.76185569,5.135003709,1,
50.62860028,3.371723028,1,
43.42126309,5.265338072,1,
42.41569014,1.870494378,1,
42.95824212,-0.800685587,1,
43.72549607,7.299971557,1,
48.47615966,7.943171142,1,
49.19788888,8.109333986,1,
50.95613445,1.810535323,1,
51.39169824,1.382886087,1,
50.92655653,0.976470334,1,
48.91670213,2.219665023,1,
44.71096501,5.057793072,1,
16.1324332,-61.76997681,1,
16.20625938,-61.48140491,1,
47.28830082,-2.504186556,1,
43.53725184,1.388892043,1,
48.61357895,5.081667566,1,
44.71609945,0.654187441,1,
49.20211395,7.602453656,1,
49.66817329,0.901893183,1,
48.70774372,2.152476455,1,
45.68221945,1.437461759,1,
49.62401302,5.444078808,1,
50.08997751,4.510607221,1,
48.67370856,6.782344661,1,
47.21738865,-0.731561185,1,
44.93039484,-0.562099073,1,
48.79554989,7.981295837,1,
49.2176917,7.008629989,1,
49.44343687,6.644007561,1,
49.10341878,5.3875265,1,
42.85073138,1.600526083,1,
44.78779817,6.539664814,1,
49.56793258,5.939259255,1,
47.65956716,5.826551711,1,
43.7974622,6.723679785,1,
46.72558521,5.075135551,1,
45.67768136,5.902150155,1,
44.21382653,-0.751433786,1,
44.18533176,4.573841946,1,
42.72754578,2.434967293,1,
45.17087459,1.986895819,1,
45.20546174,6.264158901,1,
46.22471087,5.41649002,1,
47.18144462,6.395026309,1,
46.12642302,1.976606742,1,
46.16086029,2.835222403,1,
45.16946344,1.152983696,1,
45.70696192,4.960172969,1,
45.66502686,1.54815576,1,
43.69336064,3.314370617,1,
44.19542214,3.654471179,1,
45.24931253,5.47250815,1,
43.30100947,6.228904963,1,
43.23087218,-0.674361441,1,
49.11807493,7.218259683,1,
44.70246354,2.412064656,1,
49.54778624,6.32317339,1,
43.71844477,-0.198438142,1,
43.73203669,5.824322156,1,
43.61142478,7.054095313,1,
47.2267724,-1.64664222,1,
43.2787669,5.353783767,1,
42.04158548,2.855128734,1,
43.3217618,-1.931519418,1,
42.51524731,-0.362103247,1,
45.12771411,7.016585414,1,
45.7368353,7.321383436,1,
43.78602875,7.65123381,1,
48.59389059,2.475578838,1,
43.80338179,7.496668613,1,
49.20394171,6.29157297,1,
14.53948237,-61.03340141,1,
14.82463301,-61.05188562,1,
16.47198165,-61.50933585,1,
16.30382448,-61.0736129,1,
15.88988355,-61.30610396,1,
43.15714804,2.029585278,1,
48.14569584,4.565433656,1,
49.60537261,4.137547943,1,
47.20730701,-1.505103857,1,
47.12444165,3.680332826,1,
47.15772784,5.406820866,1,
46.6603025,3.249004634,1,
14.4714719,-60.85752596,1,
47.1543442,1.995840061,1,
47.90779431,7.632986384,1,
51.4370585,12.47345063,1,
47.29839853,11.66615815,1,
53.55129615,9.983828836,1,
52.40969833,13.60218976,1,
53.31209324,13.8678215,1,
52.7521682,13.2372928,1,
51.73676946,14.33124723,1,
53.16297045,12.49755883,1,
53.06950973,14.25821811,1,
53.07234305,11.86789993,1,
52.81447469,12.76624475,1,
49.44413014,7.774006453,1,
54.52707835,9.548720283,1,
53.93591958,10.30278068,1,
54.19636064,9.091365685,1,
54.79292725,8.844407011,1,
54.2170011,10.71841674,1,
53.57422197,10.54057013,1,
55.05251096,8.400746351,1,
54.52731646,11.05806029,1,
50.32929845,7.243070284,1,
49.56510325,8.425043592,1,
49.20211396,7.602453807,1,
50.21014267,6.427533667,1,
52.26352641,13.94247536,1,
51.63142349,13.70184299,1,
52.05377072,6.77360309,1,
50.76791921,6.088413048,1,
50.63791862,6.630692429,1,
52.28125202,8.912093545,1,
51.02908637,7.568007297,1,
51.20018898,8.523803411,1,
51.61130604,8.893717586,1,
52.02218179,8.534333194,1,
51.65580779,8.326361877,1,
51.68031543,7.810360676,1,
50.90235126,8.03020547,1,
51.76843435,6.142162154,1,
51.45848986,7.016078479,1,
52.07715692,13.15555909,1,
51.66482269,6.608114602,1,
49.87497229,8.656836048,1,
52.3561713,14.54122628,1,
52.83272073,13.81956477,1,
51.0052212,11.02823575,1,
49.00493559,8.386064863,1,
50.35574035,11.17993359,1,
49.73698048,10.16156738,1,
48.83650929,10.49869963,1,
49.51185229,12.54551804,1,
48.94199231,13.5747343,1,
49.26268234,12.98286069,1,
50.67599203,7.158804654,1,
51.4736694,11.98333512,1,
52.11618483,12.07333209,1,
50.047302,10.24262124,1,
53.55720529,8.59187027,1,
53.07684237,8.816473655,1,
51.19990113,11.96704807,1,
53.33743549,7.027495293,1,
53.51395287,8.143793919,1,
51.52125164,9.947520166,1,
51.98791806,9.804693778,1,
53.05062926,10.47629875,1,
52.98517351,9.847297001,1,
52.67797253,9.615538167,1,
49.99350604,9.573196692,1,
51.75052285,9.391039077,1,
49.95387651,9.125648956,1,
49.69037993,11.629202,1,
47.86755408,12.10702316,1,
48.04200738,10.49405752,1,
47.50925347,11.14271861,1,
48.53212772,11.50606078,1,
48.37126305,10.89343142,1,
48.19512494,12.35020541,1,
48.4286048,12.93268255,1,
48.53972772,12.16123284,1,
47.60512272,10.40704923,1,
47.75091208,11.54432478,1,
48.87415347,12.56570516,1,
49.88896941,10.89093452,1,
49.28256422,11.44752839,1,
49.3255629,12.10892425,1,
50.10384157,11.4425639,1,
53.56365428,6.74744119,1,
52.40750316,9.801504066,1,
53.86472795,8.701017426,1,
49.64751674,7.165776061,1,
50.43157845,7.830645415,1,
49.44343686,6.644007676,1,
49.21769171,7.008630098,1,
48.08358729,9.223909238,1,
51.94096064,13.89953034,1,
49.99210581,6.194853849,1,
52.62839728,11.17699956,1,
51.88330592,11.05580763,1,
52.67897423,8.801944837,1,
52.31367658,10.54822014,1,
52.52126025,7.677358912,1,
52.25474702,8.047627742,1,
53.22998356,7.444610889,1,
53.46739411,7.476038991,1,
53.11091659,9.396840832,1,
53.14234198,8.202229288,1,
52.43598717,7.077379942,1,
51.36710636,10.84925858,1,
53.25351714,10.41166126,1,
52.52253691,8.195287263,1,
53.71522388,7.213990886,1,
52.73421145,10.61214434,1,
53.09686689,11.0984487,1,
52.71589201,7.315461841,1,
50.81504464,8.774727149,1,
50.86406819,9.711535626,1,
51.18289405,10.05122511,1,
52.62579498,10.07889931,1,
47.63306282,7.479626955,1,
47.56821813,9.722354418,1,
48.70878216,7.658243496,1,
54.57442678,11.92292219,1,
54.99363391,9.986253608,1,
50.91436555,11.71709977,1,
53.91405224,14.23905901,1,
53.43043867,14.55171076,1,
51.18238629,15.02703876,1,
48.19749781,7.22125354,1,
51.94435719,7.17446312,1,
49.11807495,7.218259866,1,
49.20394171,6.291573147,1,
53.35943679,9.018867951,1,
49.11596266,9.792254335,1,
55.49356268,8.456821524,1,
54.47260516,12.50233494,1,
49.56136751,8.966413376,1,
50.44632816,9.609123704,1,
52.90238115,8.44202258,1,
51.79916125,10.34615402,1,
52.37926812,13.06608707,1,
47.80339252,12.94537233,1,
50.4640513,10.2630437,1,
47.51303045,9.431249187,1,
51.12782019,9.15419258,1,
54.65997892,11.35452834,1,
48.45762218,10.25922732,1,
52.74240467,14.69173184,1,
53.70612759,7.819107031,1,
51.94601497,14.73864166,1,
52.76281059,6.791344828,1,
52.26661415,6.791199288,1,
51.56594707,14.70061814,1,
51.96899042,5.724859845,1,
51.39729748,7.416111829,1,
51.98834589,6.562914278,1,
51.35045859,6.156574135,1,
50.8267428,5.89656465,1,
52.95721802,7.57568809,1,
48.7680932,8.075066364,1,
48.47015802,8.510279956,1,
49.30679825,10.58829174,1,
53.13417082,7.050987566,1,
53.32153487,6.915514155,1,
54.77363175,9.375425639,1,
51.85069592,11.6378373,1,
52.43081692,12.54264476,1,
47.90779423,7.632986382,1,
49.4459036,12.92410462,1,
50.23259309,12.84187543,1,
48.07308044,8.527554501,1,
49.01430036,13.99593801,1,
50.86780152,14.77562937,1,
51.3114512,9.493112198,1,
50.17812937,12.31897335,1,
52.62117291,11.8606089,1,
51.25261131,6.720157453,1,
50.54027385,14.14025001,1,
49.42458583,9.689138329,1,
47.56466697,8.898089685,1,
47.73756394,8.655843945,1,
50.98443407,12.42552854,1,
50.812458,10.22907499,1,
53.92019917,9.523507735,1,
49.94871506,12.23363057,1,
51.07354877,13.02861858,1,
50.70888786,13.42367491,1,
50.79598185,12.91293702,1,
51.56547242,12.98281875,1,
51.35487587,14.96567232,1,
50.73227295,12.52034316,1,
50.45495634,12.74296068,1,
50.49242775,12.10054032,1,
52.28440162,11.41011769,1,
50.9355611,14.17925176,1,
51.86450563,12.68578558,1,
50.49932512,9.120296038,1,
50.52049709,8.381535896,1,
51.25874691,6.392229592,1,
51.95500746,7.626860868,1,
51.39886775,8.074918403,1,
48.93850954,11.86375401,1,
49.13848944,9.218318603,1,
48.10010878,9.793235734,1,
48.5194957,9.078385656,1,
48.47615965,7.94317127,1,
48.56844689,13.44333137,1,
54.34334386,13.73533572,1,
53.58891644,9.488982197,1,
47.86673794,12.64556701,1,
49.19788888,8.1093341,1,
54.17447838,7.893087953,1,
52.27716971,7.437116777,1,
47.8132686,9.65714087,1,
54.17466659,9.852325843,1,
48.91174667,11.19238304,1,
52.10585158,9.353437846,1,
50.6810242,10.93496302,1,
49.96590943,7.285941702,1,
49.14419555,12.87890578,1,
50.21976243,8.729932267,1,
50.99546063,5.928904839,1,
47.4620324,7.718642671,1,
54.09293809,12.09818729,1,
54.07509554,13.39393639,1,
53.98686542,11.47335449,1,
53.90135665,12.86268474,1,
53.78176439,12.17610425,1,
53.66260107,13.88844052,1,
53.697663,13.24637448,1,
53.51826405,12.68071085,1,
53.32968207,13.07213975,1,
54.67899863,13.43331598,1,
49.95159317,7.925257762,1,
51.83291891,12.22838117,1,
51.22095716,14.125905,1,
54.49651958,8.807778377,1,
53.42032723,11.84296151,1,
48.14107237,11.59008933,1,
47.86251976,8.30626543,1,
48.41349056,9.471004188,1,
48.71467727,9.189679227,1,
48.19132058,7.924647605,1,
51.4370585,12.47345063,1,
47.29839853,11.66615815,1,
53.55129615,9.983828836,1,
53.31209324,13.8678215,1,
52.7521682,13.2372928,1,
51.73676946,14.33124723,1,
53.16297045,12.49755883,1,
53.06950973,14.25821811,1,
53.07234305,11.86789993,1,
52.81447469,12.76624475,1,
49.44413014,7.774006453,1,
54.52707835,9.548720283,1,
54.19636064,9.091365685,1,
54.79292725,8.844407011,1,
54.2170011,10.71841674,1,
53.57422197,10.54057013,1,
55.05251096,8.400746351,1,
54.52731646,11.05806029,1,
50.32929845,7.243070284,1,
49.56510325,8.425043592,1,
49.20211396,7.602453807,1,
50.21014267,6.427533667,1,
52.26352641,13.94247536,1,
51.63142349,13.70184299,1,
52.05377072,6.77360309,1,
50.76791921,6.088413048,1,
50.63791862,6.630692429,1,
51.02908637,7.568007297,1,
51.20018898,8.523803411,1,
51.61130604,8.893717586,1,
52.02218179,8.534333194,1,
51.65580779,8.326361877,1,
51.68031543,7.810360676,1,
50.90235126,8.03020547,1,
51.76843435,6.142162154,1,
51.45848986,7.016078479,1,
52.07715692,13.15555909,1,
51.66482269,6.608114602,1,
49.87497229,8.656836048,1,
52.3561713,14.54122628,1,
52.83272073,13.81956477,1,
51.0052212,11.02823575,1,
49.00493559,8.386064863,1,
50.35574035,11.17993359,1,
49.73698048,10.16156738,1,
48.83650929,10.49869963,1,
49.51185229,12.54551804,1,
48.94199231,13.5747343,1,
50.67599203,7.158804654,1,
51.4736694,11.98333512,1,
52.11618483,12.07333209,1,
53.55720529,8.59187027,1,
53.07684237,8.816473655,1,
51.19990113,11.96704807,1,
53.33743549,7.027495293,1,
53.51395287,8.143793919,1,
51.52125164,9.947520166,1,
51.98791806,9.804693778,1,
53.05062926,10.47629875,1,
52.98517351,9.847297001,1,
52.67797253,9.615538167,1,
49.99350604,9.573196692,1,
51.75052285,9.391039077,1,
49.95387651,9.125648956,1,
49.69037993,11.629202,1,
47.86755408,12.10702316,1,
48.04200738,10.49405752,1,
47.50925347,11.14271861,1,
48.53212772,11.50606078,1,
48.37126305,10.89343142,1,
48.19512494,12.35020541,1,
48.4286048,12.93268255,1,
48.53972772,12.16123284,1,
47.60512272,10.40704923,1,
47.75091208,11.54432478,1,
48.87415347,12.56570516,1,
49.88896941,10.89093452,1,
49.28256422,11.44752839,1,
49.3255629,12.10892425,1,
50.10384157,11.4425639,1,
53.56365428,6.74744119,1,
52.40750316,9.801504066,1,
53.86472795,8.701017426,1,
49.64751674,7.165776061,1,
50.43157845,7.830645415,1,
49.44343686,6.644007676,1,
49.21769171,7.008630098,1,
48.08358729,9.223909238,1,
51.94096064,13.89953034,1,
49.99210581,6.194853849,1,
52.62839728,11.17699956,1,
51.88330592,11.05580763,1,
52.67897423,8.801944837,1,
52.31367658,10.54822014,1,
52.52126025,7.677358912,1,
52.25474702,8.047627742,1,
53.22998356,7.444610889,1,
53.46739411,7.476038991,1,
53.11091659,9.396840832,1,
53.14234198,8.202229288,1,
52.43598717,7.077379942,1,
51.36710636,10.84925858,1,
53.25351714,10.41166126,1,
52.52253691,8.195287263,1,
53.71522388,7.213990886,1,
52.73421145,10.61214434,1,
53.09686689,11.0984487,1,
52.71589201,7.315461841,1,
50.81504464,8.774727149,1,
50.86406819,9.711535626,1,
51.18289405,10.05122511,1,
52.62579498,10.07889931,1,
47.63306282,7.479626955,1,
47.56821813,9.722354418,1,
48.70878216,7.658243496,1,
54.57442678,11.92292219,1,
54.99363391,9.986253608,1,
53.91405224,14.23905901,1,
53.43043867,14.55171076,1,
51.18238629,15.02703876,1,
48.19749781,7.22125354,1,
51.94435719,7.17446312,1,
49.11807495,7.218259866,1,
49.20394171,6.291573147,1,
53.35943679,9.018867951,1,
49.11596266,9.792254335,1,
55.49356268,8.456821524,1,
54.47260516,12.50233494,1,
49.56136751,8.966413376,1,
50.44632816,9.609123704,1,
52.90238115,8.44202258,1,
51.79916125,10.34615402,1,
52.37926812,13.06608707,1,
47.80339252,12.94537233,1,
47.51303045,9.431249187,1,
51.12782019,9.15419258,1,
54.65997892,11.35452834,1,
48.45762218,10.25922732,1,
52.74240467,14.69173184,1,
53.70612759,7.819107031,1,
51.94601497,14.73864166,1,
52.76281059,6.791344828,1,
52.26661415,6.791199288,1,
51.56594707,14.70061814,1,
51.39729748,7.416111829,1,
51.35045859,6.156574135,1,
50.8267428,5.89656465,1,
52.95721802,7.57568809,1,
48.7680932,8.075066364,1,
48.47015802,8.510279956,1,
49.30679825,10.58829174,1,
53.13417082,7.050987566,1,
53.32153487,6.915514155,1,
54.77363175,9.375425639,1,
51.85069592,11.6378373,1,
52.43081692,12.54264476,1,
47.90779423,7.632986382,1,
49.4459036,12.92410462,1,
50.23259309,12.84187543,1,
48.07308044,8.527554501,1,
49.01430036,13.99593801,1,
50.86780152,14.77562937,1,
51.3114512,9.493112198,1,
50.17812937,12.31897335,1,
52.62117291,11.8606089,1,
51.25261131,6.720157453,1,
50.54027385,14.14025001,1,
49.42458583,9.689138329,1,
47.56466697,8.898089685,1,
47.73756394,8.655843945,1,
50.98443407,12.42552854,1,
50.812458,10.22907499,1,
53.92019917,9.523507735,1,
49.94871506,12.23363057,1,
51.07354877,13.02861858,1,
50.70888786,13.42367491,1,
50.79598185,12.91293702,1,
51.56547242,12.98281875,1,
51.35487587,14.96567232,1,
50.73227295,12.52034316,1,
50.45495634,12.74296068,1,
50.49242775,12.10054032,1,
50.9355611,14.17925176,1,
51.86450563,12.68578558,1,
50.49932512,9.120296038,1,
50.52049709,8.381535896,1,
51.25874691,6.392229592,1,
51.95500746,7.626860868,1,
51.39886775,8.074918403,1,
48.93850954,11.86375401,1,
49.13848944,9.218318603,1,
48.10010878,9.793235734,1,
48.5194957,9.078385656,1,
48.47615965,7.94317127,1,
48.56844689,13.44333137,1,
54.34334386,13.73533572,1,
53.58891644,9.488982197,1,
47.86673794,12.64556701,1,
49.19788888,8.1093341,1,
54.17447838,7.893087953,1,
47.8132686,9.65714087,1,
54.17466659,9.852325843,1,
48.91174667,11.19238304,1,
52.10585158,9.353437846,1,
50.6810242,10.93496302,1,
49.96590943,7.285941702,1,
49.14419555,12.87890578,1,
50.21976243,8.729932267,1,
50.99546063,5.928904839,1,
47.4620324,7.718642671,1,
54.09293809,12.09818729,1,
54.07509554,13.39393639,1,
53.98686542,11.47335449,1,
53.90135665,12.86268474,1,
53.78176439,12.17610425,1,
53.66260107,13.88844052,1,
53.697663,13.24637448,1,
53.51826405,12.68071085,1,
53.32968207,13.07213975,1,
49.95159317,7.925257762,1,
51.83291891,12.22838117,1,
51.22095716,14.125905,1,
54.49651958,8.807778377,1,
53.42032723,11.84296151,1,
48.14107237,11.59008933,1,
47.86251976,8.30626543,1,
48.41349056,9.471004188,1,
48.71467727,9.189679227,1,
48.19132058,7.924647605,1,
41.14020863,24.91679474,1,
38.89819642,22.43221317,1,
41.06843698,23.3869709,1,
38.95601453,23.15189476,1,
41.11976697,25.40634549,1,
40.08467001,21.43812727,1,
39.50998402,20.26267431,1,
37.28951452,21.81822638,1,
40.77988052,21.40170866,1,
39.10008074,26.55378356,1,
35.13397918,25.2689418,1,
41.16571651,24.06888109,1,
37.61249826,23.03766448,1,
40.94678831,22.44740016,1,
35.38775548,24.61307416,1,
38.70977054,21.28999379,1,
39.49371475,19.87339099,1,
39.73870584,21.55421643,1,
37.44164438,25.32906321,1,
41.5612122,23.27697908,1,
41.575028,24.7115301,1,
36.95580039,26.97614643,1,
41.47347565,25.65191508,1,
37.44033768,24.93939942,1,
39.21079798,20.16393608,1,
38.05583629,21.46474066,1,
37.88637144,24.7370855,1,
37.77915616,20.88504111,1,
36.29260198,28.16165402,1,
38.91185915,21.80290725,1,
37.09818883,25.38116345,1,
37.50811524,22.37193772,1,
40.51139102,21.67813166,1,
40.52307133,21.26317438,1,
36.74221614,24.4312709,1,
39.15879925,20.99173215,1,
40.84916139,25.85344694,1,
41.4141803,26.54578054,1,
36.43359579,25.42261019,1,
38.43097854,22.43020602,1,
37.79276547,26.70533003,1,
41.28590797,23.03744626,1,
40.62746697,22.95935096,1,
39.36648338,21.92263556,1,
40.10106621,23.43432758,1,
38.36791087,26.12716322,1,
35.05053673,24.87224747,1,
36.91417102,21.69530208,1,
38.90444541,24.56457997,1,
39.89243639,22.20614598,1,
39.61410551,22.38790671,1,
39.36716046,22.92267003,1,
36.0730685,27.92831694,1,
42.17130887,26.56473818,1,
35.49541271,23.65416608,1,
41.76296175,26.2118721,1,
39.24569959,26.2649954,1,
38.06526685,23.76231696,1,
37.11046298,22.43244741,1,
37.73335499,23.90410169,1,
35.32377049,25.14477404,1,
38.46544705,23.60253532,1,
37.94156402,22.93093534,1,
36.50787489,23.06330679,1,
37.67942904,21.46348749,1,
40.00395833,20.42279129,1,
38.91333315,20.88681793,1,
39.66405806,20.85050459,1,
38.50785073,24.10896263,1,
40.93379696,24.38730706,1,
40.52283317,22.20441134,1,
36.54860372,26.35093504,1,
38.17526981,20.4847717,1,
38.83007472,20.69472527,1,
38.61399628,21.52339204,1,
36.42125772,22.48953449,1,
35.86696173,23.30104927,1,
38.41157997,21.24692488,1,
40.0937446,23.78048097,1,
35.53318722,24.07055468,1,
38.17682368,20.58863951,1,
41.61530013,23.98802694,1,
39.75215723,19.7108089,1,
35.20071947,24.13770197,1,
35.05306695,25.79722692,1,
38.31655131,23.31837874,1,
39.11740081,23.73308533,1,
37.62820254,26.2242283,1,
39.87359183,25.26877269,1,
38.24471941,21.73867832,1,
37.03372416,22.11136642,1,
36.80558137,22.85079322,1,
39.2949414,23.13332556,1,
40.27007909,22.52125151,1,
37.37041551,23.16461455,1,
38.03083074,22.11276362,1,
35.20599572,26.10527903,1,
40.48956847,23.59561136,1,
40.70347096,23.69635474,1,
35.50732068,27.20731718,1,
41.14020863,24.91679474,1,
38.89819642,22.43221317,1,
41.06843698,23.3869709,1,
38.95601453,23.15189476,1,
41.11976697,25.40634549,1,
40.08467001,21.43812727,1,
39.50998402,20.26267431,1,
37.28951452,21.81822638,1,
40.77988052,21.40170866,1,
39.10008074,26.55378356,1,
35.13397918,25.2689418,1,
41.16571651,24.06888109,1,
37.61249826,23.03766448,1,
40.94678831,22.44740016,1,
35.38775548,24.61307416,1,
39.49371475,19.87339099,1,
39.73870584,21.55421643,1,
37.44164438,25.32906321,1,
41.5612122,23.27697908,1,
41.575028,24.7115301,1,
36.95580039,26.97614643,1,
37.44033768,24.93939942,1,
39.21079798,20.16393608,1,
38.05583629,21.46474066,1,
37.88637144,24.7370855,1,
37.77915616,20.88504111,1,
36.29260198,28.16165402,1,
38.91185915,21.80290725,1,
37.09818883,25.38116345,1,
37.50811524,22.37193772,1,
40.51139102,21.67813166,1,
40.52307133,21.26317438,1,
36.74221614,24.4312709,1,
39.15879925,20.99173215,1,
40.84916139,25.85344694,1,
41.4141803,26.54578054,1,
36.43359579,25.42261019,1,
38.43097854,22.43020602,1,
37.79276547,26.70533003,1,
41.28590797,23.03744626,1,
40.62746697,22.95935096,1,
39.36648338,21.92263556,1,
40.10106621,23.43432758,1,
38.36791087,26.12716322,1,
35.05053673,24.87224747,1,
36.91417102,21.69530208,1,
38.90444541,24.56457997,1,
39.89243639,22.20614598,1,
39.61410551,22.38790671,1,
39.36716046,22.92267003,1,
36.0730685,27.92831694,1,
42.17130887,26.56473818,1,
35.49541271,23.65416608,1,
41.76296175,26.2118721,1,
39.24569959,26.2649954,1,
38.06526685,23.76231696,1,
37.11046298,22.43244741,1,
37.73335499,23.90410169,1,
35.32377049,25.14477404,1,
38.46544705,23.60253532,1,
37.94156402,22.93093534,1,
36.50787489,23.06330679,1,
37.67942904,21.46348749,1,
40.00395833,20.42279129,1,
38.91333315,20.88681793,1,
39.66405806,20.85050459,1,
38.50785073,24.10896263,1,
40.93379696,24.38730706,1,
40.52283317,22.20441134,1,
36.54860372,26.35093504,1,
38.17526981,20.4847717,1,
38.83007472,20.69472527,1,
38.61399628,21.52339204,1,
36.42125772,22.48953449,1,
35.86696173,23.30104927,1,
38.41157997,21.24692488,1,
40.0937446,23.78048097,1,
38.17682368,20.58863951,1,
41.61530013,23.98802694,1,
39.75215723,19.7108089,1,
35.20071947,24.13770197,1,
35.05306695,25.79722692,1,
38.31655131,23.31837874,1,
39.11740081,23.73308533,1,
37.62820254,26.2242283,1,
39.87359183,25.26877269,1,
38.24471941,21.73867832,1,
37.03372416,22.11136642,1,
36.80558137,22.85079322,1,
39.2949414,23.13332556,1,
40.27007909,22.52125151,1,
37.37041551,23.16461455,1,
38.03083074,22.11276362,1,
40.48956847,23.59561136,1,
40.70347096,23.69635474,1,
35.50732068,27.20731718,1,
40.40077731,17.63238189,1,
37.07603985,15.2819882,1,
37.96480779,13.69082664,1,
37.31752432,13.66904451,1,
40.63333539,16.2774885,1,
42.95220327,12.00504436,1,
38.42171784,15.89475533,1,
39.36667703,16.22552322,1,
45.34584775,11.95700495,1,
46.10002751,12.08405386,1,
37.22830757,14.52195759,1,
46.38695791,12.11722382,1,
43.27188206,13.59301423,1,
42.97553024,13.87051434,1,
41.59951822,14.23550089,1,
42.33758617,13.37896944,1,
42.85733688,13.5929845,1,
37.8554308,15.2887438,1,
42.51876641,14.13900818,1,
43.50043458,12.94712416,1,
41.94361171,16.01467057,1,
42.05252218,12.61904371,1,
42.16442132,14.49808636,1,
45.06336464,7.661277688,1,
42.25388717,11.75749759,1,
40.6292893,14.39642695,1,
43.68904174,12.80663094,1,
43.3510097,12.57751799,1,
42.05464981,12.35514178,1,
42.42641345,12.10311185,1,
43.24435886,11.98989839,1,
42.40761416,12.85714181,1,
37.59134172,14.97737918,1,
42.71853381,13.01322206,1,
44.12260288,11.38416471,1,
43.1157464,12.45118718,1,
46.1000387,11.11868271,1,
43.72499333,11.44978876,1,
46.14155258,9.561471602,1,
46.89645809,11.94435385,1,
41.90370541,12.41954293,1,
38.68783687,16.54763184,1,
46.62629198,10.78600128,1,
39.16476905,8.513201856,1,
42.00833223,14.8604973,1,
42.65712454,13.69807317,1,
45.71805451,11.36298877,1,
37.52534772,13.07086921,1,
40.96672091,15.80865394,1,
42.78752422,12.40981337,1,
40.32290149,9.332378856,1,
41.59796828,12.66530332,1,
45.74612676,12.66302287,1,
40.96852645,17.1071038,1,
44.40165008,8.941305224,1,
45.16097054,10.4250244,1,
42.63389557,11.67308174,1,
44.48761559,11.32883203,1,
39.42357712,9.565504786,1,
45.31479507,8.861932416,1,
42.42800619,11.1201419,1,
43.46709127,12.24793189,1,
44.90569716,8.203196907,1,
44.23636998,9.724904838,1,
44.89619895,8.861962955,1,
45.25780086,11.27830185,1,
45.00742428,11.29945103,1,
43.74748883,10.36606403,1,
41.47074957,12.90144369,1,
44.64763548,7.660664235,1,
46.00144213,7.731993629,1,
45.99324883,12.30137839,1,
45.89822771,11.99755857,1,
46.52618979,9.879441063,1,
45.78780184,12.48913488,1,
46.17256264,8.787425403,1,
45.67033087,11.9391652,1,
40.04841717,8.63537898,1,
45.44856649,10.53901928,1,
40.62153008,15.28239351,1,
37.97772294,12.56212071,1,
44.30623773,10.69597803,1,
43.64675775,11.83562003,1,
43.31494203,11.33773601,1,
43.78602871,7.651233981,1,
46.21647888,10.17235741,1,
44.4113539,10.27814566,1,
44.79991269,10.36100227,1,
45.0432237,9.689788309,1,
44.68991818,12.18851945,1,
43.60282232,13.50195647,1,
43.31100218,10.52663157,1,
41.27032718,15.93435528,1,
45.35434169,8.462275331,1,
43.72212145,10.94659473,1,
45.93361998,10.29236394,1,
46.36789958,13.07948375,1,
41.69793409,15.37082654,1,
39.71528712,15.80954643,1,
40.83418794,14.09930155,1,
41.35604498,13.43214972,1,
45.28667569,9.472710111,1,
41.91635539,13.10208502,1,
38.95982584,17.09340155,1,
39.88565971,16.54885046,1,
39.26316101,16.70084189,1,
38.68071633,15.95100959,1,
38.46948484,14.95435277,1,
40.14207092,16.2910754,1,
40.63659482,17.94023841,1,
41.25919901,16.43650025,1,
36.72848758,14.79364211,1,
40.50530869,8.465363174,1,
39.71671503,9.229528155,1,
46.67423926,13.00934641,1,
44.28973162,11.88731596,1,
45.4797905,10.27867576,1,
45.78248539,8.842429889,1,
37.52599407,15.07457987,1,
45.57705207,9.272320035,1,
43.40067237,10.86499043,1,
44.32737906,9.346324038,1,
41.12353068,15.28413076,1,
46.47370698,11.26036443,1,
42.95491929,12.69882356,1,
38.93643987,16.30406705,1,
40.31728056,15.10747918,1,
45.0476613,7.581771753,1,
43.15170475,13.03990689,1,
39.88272241,9.548406606,1,
40.57383647,9.691957968,1,
40.92437352,9.493595169,1,
38.96791773,8.77391257,1,
39.52477958,8.5940019,1,
43.0582361,11.48902824,1,
44.81357809,11.6270322,1,
43.81732156,12.26508775,1,
44.05183197,12.55350892,1,
45.20546163,6.264158605,1,
44.17729376,6.345510472,1,
43.80338183,7.496668695,1,
45.64571347,8.374173466,1,
43.88555987,11.09912327,1,
39.14250358,9.520899943,1,
39.22682037,9.109555324,1,
40.72295384,8.566685318,1,
38.26727697,16.27852694,1,
40.90807333,9.099807445,1,
40.26915397,8.769501926,1,
42.93657715,10.88893882,1,
41.05472122,14.702245,1,
40.36193273,16.68668571,1,
42.79294117,10.29482884,1,
40.07829825,15.75948052,1,
45.73683537,7.321383576,1,
44.39334652,7.816186997,1,
44.13227835,10.41299816,1,
39.30938354,17.02708354,1,
45.75768568,6.537371799,1,
46.63074578,13.89280507,1,
37.78885678,14.84583106,1,
45.12771423,7.016585462,1,
44.12402594,8.211763829,1,
43.8726345,8.013470278,1,
45.86997659,9.878258063,1,
45.44469947,11.00243175,1,
43.89339362,12.89274257,1,
45.53544459,7.837295069,1,
44.29226165,8.399211075,1,
41.67289213,13.38354155,1,
41.45602464,14.63894049,1,
46.01181284,12.62003956,1,
45.89762876,13.23515392,1,
45.93981935,13.63094331,1,
45.66029318,13.79470028,1,
40.34178679,17.73249941,1,
41.938974,14.32237681,1,
40.27786354,18.33460312,1,
39.83862573,18.34216922,1,
38.17651894,15.51791086,1,
37.93096734,15.91973368,1,
41.30624939,14.10314,1,
42.04288822,13.92591573,1,
47.29839842,11.66615826,1,
42.78300819,11.09897117,1,
38.14317651,14.96854187,1,
38.14105049,13.31425065,1,
37.98202862,12.96671611,1,
37.52307656,14.30348194,1,
40.81502568,14.77982019,1,
40.52655748,17.28347212,1,
40.82276191,16.5585483,1,
40.6347342,15.81696939,1,
40.35487084,15.82848525,1,
44.6293505,10.94919011,1,
44.95151596,12.33404752,1,
46.48044681,12.46287127,1,
46.08309814,13.21646938,1,
40.40077731,17.63238189,1,
37.07603985,15.2819882,1,
37.96480779,13.69082664,1,
37.31752432,13.66904451,1,
40.63333539,16.2774885,1,
42.95220327,12.00504436,1,
38.42171784,15.89475533,1,
39.36667703,16.22552322,1,
45.34584775,11.95700495,1,
46.10002751,12.08405386,1,
37.22830757,14.52195759,1,
46.38695791,12.11722382,1,
43.27188206,13.59301423,1,
42.97553024,13.87051434,1,
41.59951822,14.23550089,1,
42.33758617,13.37896944,1,
42.85733688,13.5929845,1,
37.8554308,15.2887438,1,
42.51876641,14.13900818,1,
43.50043458,12.94712416,1,
41.94361171,16.01467057,1,
42.05252218,12.61904371,1,
42.16442132,14.49808636,1,
45.06336464,7.661277688,1,
42.25388717,11.75749759,1,
40.6292893,14.39642695,1,
43.68904174,12.80663094,1,
43.3510097,12.57751799,1,
42.05464981,12.35514178,1,
42.42641345,12.10311185,1,
43.24435886,11.98989839,1,
42.40761416,12.85714181,1,
37.59134172,14.97737918,1,
42.71853381,13.01322206,1,
44.12260288,11.38416471,1,
43.1157464,12.45118718,1,
46.1000387,11.11868271,1,
43.72499333,11.44978876,1,
46.14155258,9.561471602,1,
46.89645809,11.94435385,1,
41.90370541,12.41954293,1,
38.68783687,16.54763184,1,
46.62629198,10.78600128,1,
39.16476905,8.513201856,1,
42.00833223,14.8604973,1,
42.65712454,13.69807317,1,
45.71805451,11.36298877,1,
37.52534772,13.07086921,1,
40.96672091,15.80865394,1,
42.78752422,12.40981337,1,
40.32290149,9.332378856,1,
41.59796828,12.66530332,1,
45.74612676,12.66302287,1,
40.96852645,17.1071038,1,
44.40165008,8.941305224,1,
45.16097054,10.4250244,1,
42.63389557,11.67308174,1,
44.48761559,11.32883203,1,
39.42357712,9.565504786,1,
45.31479507,8.861932416,1,
42.42800619,11.1201419,1,
43.46709127,12.24793189,1,
44.90569716,8.203196907,1,
44.23636998,9.724904838,1,
45.25780086,11.27830185,1,
45.00742428,11.29945103,1,
43.74748883,10.36606403,1,
41.47074957,12.90144369,1,
44.64763548,7.660664235,1,
46.00144213,7.731993629,1,
45.99324883,12.30137839,1,
45.89822771,11.99755857,1,
46.52618979,9.879441063,1,
45.78780184,12.48913488,1,
46.17256264,8.787425403,1,
45.67033087,11.9391652,1,
40.04841717,8.63537898,1,
45.44856649,10.53901928,1,
40.62153008,15.28239351,1,
37.97772294,12.56212071,1,
44.30623773,10.69597803,1,
43.64675775,11.83562003,1,
43.31494203,11.33773601,1,
43.78602871,7.651233981,1,
46.21647888,10.17235741,1,
44.4113539,10.27814566,1,
44.79991269,10.36100227,1,
45.0432237,9.689788309,1,
44.68991818,12.18851945,1,
43.60282232,13.50195647,1,
43.31100218,10.52663157,1,
41.27032718,15.93435528,1,
45.35434169,8.462275331,1,
43.72212145,10.94659473,1,
45.93361998,10.29236394,1,
46.36789958,13.07948375,1,
41.69793409,15.37082654,1,
39.71528712,15.80954643,1,
40.83418794,14.09930155,1,
41.35604498,13.43214972,1,
45.28667569,9.472710111,1,
41.91635539,13.10208502,1,
38.95982584,17.09340155,1,
39.88565971,16.54885046,1,
39.26316101,16.70084189,1,
38.68071633,15.95100959,1,
38.46948484,14.95435277,1,
40.63659482,17.94023841,1,
41.25919901,16.43650025,1,
40.50530869,8.465363174,1,
39.71671503,9.229528155,1,
46.67423926,13.00934641,1,
44.28973162,11.88731596,1,
45.78248539,8.842429889,1,
37.52599407,15.07457987,1,
45.57705207,9.272320035,1,
43.40067237,10.86499043,1,
44.32737906,9.346324038,1,
41.12353068,15.28413076,1,
46.47370698,11.26036443,1,
42.95491929,12.69882356,1,
38.93643987,16.30406705,1,
40.31728056,15.10747918,1,
45.0476613,7.581771753,1,
43.15170475,13.03990689,1,
39.88272241,9.548406606,1,
40.57383647,9.691957968,1,
40.92437352,9.493595169,1,
38.96791773,8.77391257,1,
39.52477958,8.5940019,1,
44.81357809,11.6270322,1,
43.81732156,12.26508775,1,
44.05183197,12.55350892,1,
45.20546163,6.264158605,1,
44.17729376,6.345510472,1,
43.80338183,7.496668695,1,
45.64571347,8.374173466,1,
43.88555987,11.09912327,1,
39.22682037,9.109555324,1,
40.72295384,8.566685318,1,
38.26727697,16.27852694,1,
40.90807333,9.099807445,1,
40.26915397,8.769501926,1,
42.93657715,10.88893882,1,
41.05472122,14.702245,1,
40.36193273,16.68668571,1,
42.79294117,10.29482884,1,
40.07829825,15.75948052,1,
45.73683537,7.321383576,1,
44.39334652,7.816186997,1,
44.13227835,10.41299816,1,
39.30938354,17.02708354,1,
46.63074578,13.89280507,1,
37.78885678,14.84583106,1,
45.12771423,7.016585462,1,
44.12402594,8.211763829,1,
43.8726345,8.013470278,1,
45.86997659,9.878258063,1,
45.44469947,11.00243175,1,
43.89339362,12.89274257,1,
45.53544459,7.837295069,1,
44.29226165,8.399211075,1,
41.67289213,13.38354155,1,
41.45602464,14.63894049,1,
46.01181284,12.62003956,1,
45.89762876,13.23515392,1,
45.93981935,13.63094331,1,
45.66029318,13.79470028,1,
40.34178679,17.73249941,1,
41.938974,14.32237681,1,
40.27786354,18.33460312,1,
39.83862573,18.34216922,1,
38.17651894,15.51791086,1,
37.93096734,15.91973368,1,
41.30624939,14.10314,1,
42.04288822,13.92591573,1,
47.29839842,11.66615826,1,
42.78300819,11.09897117,1,
38.14317651,14.96854187,1,
38.14105049,13.31425065,1,
37.98202862,12.96671611,1,
37.52307656,14.30348194,1,
40.81502568,14.77982019,1,
40.52655748,17.28347212,1,
40.82276191,16.5585483,1,
40.6347342,15.81696939,1,
40.35487084,15.82848525,1,
44.6293505,10.94919011,1,
44.95151596,12.33404752,1,
46.48044681,12.46287127,1,
46.08309814,13.21646938,1,
52.63551161,4.746133887,1,
52.31640092,4.674646944,1,
51.69031754,3.762558648,1,
51.49736921,3.624101397,1,
51.49125583,4.292775962,1,
51.69140972,4.414694665,1,
51.96899055,5.724859865,1,
52.01805536,4.707614261,1,
52.65545545,5.062745153,1,
51.35045871,6.156574114,1,
51.98090849,4.112602039,1,
52.16951901,5.352971588,1,
51.98834598,6.562914273,1,
52.23424075,4.448866704,1,
51.90813506,4.341505389,1,
51.56360291,4.746035013,1,
53.00294835,4.786066864,1,
51.83238059,4.964466526,1,
53.32153491,6.91551387,1,
53.04106573,4.851174175,1,
51.19065334,3.200215177,1,
50.77054577,5.477852429,1,
52.55167171,5.912760749,1,
51.30685596,4.315579244,1,
52.7095302,5.747676487,1,
51.18255648,5.117051436,1,
53.44646133,5.764892667,1,
50.75823769,5.683605973,1,
52.46197116,4.556057722,1,
52.17335527,5.818225436,1,
53.36273573,5.21938569,1,
52.57356697,6.618936317,1,
52.21192155,5.962293632,1,
51.87187823,4.599957939,1,
51.72402169,5.318868155,1,
53.13417091,7.05098741,1,
52.43598726,7.077379971,1,
52.71589205,7.315461878,1,
51.66482273,6.608114605,1,
50.63791868,6.630692465,1,
53.47732527,6.162274582,1,
53.29622334,5.091856734,1,
53.46739415,7.476039005,1,
52.26661429,6.791199278,1,
50.82674294,5.896564649,1,
52.01471039,4.291958345,1,
52.50453049,5.421156935,1,
52.19694368,6.369007989,1,
53.33743555,7.027495266,1,
53.4106219,6.19181133,1,
52.27716978,7.437116801,1,
51.76843444,6.142162201,1,
52.08013891,5.099870938,1,
52.94234787,5.94610789,1,
53.19434525,5.602752571,1,
53.21401018,6.565394572,1,
52.99667986,6.522846876,1,
52.76281071,6.79134473,1,
52.53033442,6.176790892,1,
52.2158476,5.963711297,1,
52.36845533,4.900125803,1,
51.43512021,5.481450791,1,
53.15346574,6.757276341,1,
53.22998361,7.444610859,1,
51.25874694,6.392229599,1,
52.05377076,6.773603111,1,
50.76791929,6.088413052,1,
50.99546067,5.928904914,1,
51.10580207,5.750650118,1,
52.63551161,4.746133887,1,
52.31640092,4.674646944,1,
51.49736921,3.624101397,1,
51.49125583,4.292775962,1,
51.69140972,4.414694665,1,
51.96899055,5.724859865,1,
52.01805536,4.707614261,1,
52.65545545,5.062745153,1,
51.35045871,6.156574114,1,
51.98090849,4.112602039,1,
52.16951901,5.352971588,1,
51.98834598,6.562914273,1,
52.23424075,4.448866704,1,
51.90813506,4.341505389,1,
51.56360291,4.746035013,1,
53.00294835,4.786066864,1,
51.83238059,4.964466526,1,
53.32153491,6.91551387,1,
53.04106573,4.851174175,1,
51.19065334,3.200215177,1,
52.55167171,5.912760749,1,
51.30685596,4.315579244,1,
52.7095302,5.747676487,1,
51.18255648,5.117051436,1,
53.44646133,5.764892667,1,
50.75823769,5.683605973,1,
52.46197116,4.556057722,1,
52.17335527,5.818225436,1,
53.36273573,5.21938569,1,
52.57356697,6.618936317,1,
52.21192155,5.962293632,1,
51.87187823,4.599957939,1,
51.72402169,5.318868155,1,
53.13417091,7.05098741,1,
52.43598726,7.077379971,1,
52.71589205,7.315461878,1,
51.66482273,6.608114605,1,
50.63791868,6.630692465,1,
53.47732527,6.162274582,1,
53.29622334,5.091856734,1,
53.46739415,7.476039005,1,
52.26661429,6.791199278,1,
50.82674294,5.896564649,1,
52.01471039,4.291958345,1,
52.50453049,5.421156935,1,
52.19694368,6.369007989,1,
53.33743555,7.027495266,1,
52.27716978,7.437116801,1,
51.76843444,6.142162201,1,
52.08013891,5.099870938,1,
52.94234787,5.94610789,1,
53.19434525,5.602752571,1,
53.21401018,6.565394572,1,
52.99667986,6.522846876,1,
52.76281071,6.79134473,1,
52.53033442,6.176790892,1,
52.36845533,4.900125803,1,
51.43512021,5.481450791,1,
53.15346574,6.757276341,1,
53.22998361,7.444610859,1,
51.25874694,6.392229599,1,
52.05377076,6.773603111,1,
50.76791929,6.088413052,1,
50.99546067,5.928904914,1,
51.10580207,5.750650118,1,
40.25127915,-105.8335843,1,
30.24776172,-81.60435637,1,
38.05260456,-84.7298436,1,
32.85124272,-84.61131265,1,
36.29256589,-88.33087392,1,
37.77984421,-86.45957992,1,
36.01817806,-86.60615857,1,
36.16949633,-86.82521943,1,
35.90098086,-86.87964578,1,
36.38910215,-86.44495425,1,
32.92506284,-83.71042469,1,
36.03661639,-89.39219088,1,
38.05764913,-83.94066537,1,
36.98908067,-86.46403885,1,
37.0984022,-88.62457661,1,
35.07150029,-90.01262542,1,
35.83933992,-90.70430732,1,
28.57096794,-81.42364864,1,
34.88693614,-91.19617263,1,
34.31543714,-83.81669829,1,
34.51143157,-83.52372168,1,
34.86367365,-84.32531785,1,
31.17158403,-84.73521622,1,
31.15956773,-81.49521044,1,
34.20655315,-84.13828399,1,
35.53647879,-86.45083342,1,
30.84729129,-83.28925773,1,
28.4406881,-81.09254887,1,
36.08920376,-87.38657383,1,
32.46062702,-81.80002748,1,
31.20205239,-83.77096744,1,
32.4986843,-82.92832068,1,
48.77711238,-123.6854065,1,
49.73329576,-114.8858651,1,
50.67306632,-120.378821,1,
49.70623788,-112.8352785,1,
52.27121713,-113.8170764,1,
56.46709511,-111.1934388,1,
49.18392716,-123.9532252,1,
49.91606178,-97.21051207,1,
51.06027911,-99.5237014,1,
49.84951555,-100.9292487,1,
50.45418073,-104.6018265,1,
50.02185009,-110.6973424,1,
49.60221825,-119.6816938,1,
46.09901853,-76.04685708,1,
48.63791112,-72.44133904,1,
45.61720732,-62.01056493,1,
45.37875382,-63.23359862,1,
43.86398269,-79.71757193,1,
48.95418364,-54.61015566,1,
46.66677901,-72.02777612,1,
42.06204939,-82.59973057,1,
44.15458285,-77.430453,1,
42.28753736,-82.75043079,1,
45.46149686,-73.70581348,1,
43.76697557,-79.14792825,1,
45.41499783,-63.78134669,1,
43.70129284,-79.60715155,1,
43.21419262,-79.71003404,1,
46.10621348,-71.30170192,1,
44.168611,-80.39380901,1,
48.39054123,-77.24069052,1,
45.51277508,-61.02661405,1,
44.14385101,-81.01662071,1,
46.11345384,-60.77535213,1,
46.62450055,-61.01407433,1,
43.5458394,-80.24787413,1,
45.92698195,-60.00069041,1,
44.59998598,-64.32143653,1,
42.23355639,-83.74237054,1,
45.34091953,-64.78766121,1,
42.60748024,-83.34019108,1,
43.67169111,-79.76889992,1,
45.40515372,-64.32845425,1,
43.98292761,-78.16917875,1,
45.05222265,-63.1336785,1,
44.64879997,-77.12110443,1,
45.18192543,-63.71762879,1,
44.91699313,-76.02059523,1,
40.74147379,-74.17770163,1,
38.37117218,-75.52366847,1,
37.26576246,-81.23900937,1,
39.67673603,-75.74300795,1,
39.06023249,-77.46222066,1,
38.79575916,-77.60131209,1,
37.26663729,-76.02286677,1,
39.12015162,-78.20072468,1,
38.42608344,-78.88938179,1,
41.93693662,-74.03117169,1,
38.53232312,-76.78453448,1,
42.25232217,-73.75754451,1,
42.66745458,-74.48637425,1,
39.96173219,-76.73049482,1,
40.92335802,-72.71404465,1,
39.10066585,-74.8028956,1,
40.25762866,-74.79668648,1,
42.2262019,-84.39001597,1,
44.29609339,-69.74543601,1,
41.9359267,-85.0217547,1,
40.58079814,-77.61214079,1,
40.57892354,-73.9826273,1,
40.8319802,-77.80895326,1,
40.92624724,-73.86912162,1,
41.39286982,-73.44306964,1,
40.80629654,-73.21844542,1,
41.29517471,-73.91930519,1,
41.16251299,-81.85855089,1,
40.70641183,-73.66622819,1,
41.622634,-80.21300648,1,
40.92490367,-74.27606475,1,
41.88362879,-80.75081592,1,
40.73961308,-114.0797986,1,
34.78692854,-112.0906072,1,
43.90734942,-113.6027683,1,
35.19711249,-111.6346758,1,
44.51512983,-114.2201154,1,
32.94728089,-112.7147887,1,
43.19259925,-112.3540835,1,
33.38031301,-111.8479944,1,
43.90863272,-116.201949,1,
31.03973344,-104.8288835,1,
34.24377482,-111.325595,1,
35.47275645,-115.5439364,1,
36.44849142,-116.4636814,1,
36.08351121,-115.184896,1,
33.49905384,-112.0472416,1,
32.87989416,-111.7280036,1,
32.21383444,-110.9435826,1,
32.59597277,-110.6244784,1,
31.96043163,-110.7711378,1,
32.56830051,-111.3436926,1,
32.50134727,-110.9268244,1,
34.64303818,-106.7760367,1,
35.01753747,-106.5976724,1,
34.99207897,-106.0431545,1,
32.37588757,-104.2280167,1,
35.53312945,-114.3592197,1,
34.87927368,-114.1469782,1,
33.02841061,-112.0555275,1,
31.73002857,-111.0713477,1,
35.25436974,-114.2542534,1,
34.8522332,-114.5950906,1,
35.1074901,-114.6049729,1,
34.50832359,-114.3471201,1,
33.6656442,-114.2272997,1,
35.27565454,-116.0734562,1,
32.2562783,-109.8309683,1,
39.79556086,-119.3056278,1,
36.80296912,-114.0704562,1,
35.9728258,-114.8535771,1,
31.74851547,-106.3162434,1,
36.12844962,-111.2391951,1,
35.32918513,-112.8856779,1,
33.82174805,-113.5419624,1,
32.08554275,-111.2923203,1,
33.6088333,-114.6101362,1,
31.34528018,-109.5533832,1,
34.14521547,-114.2917681,1,
33.49163394,-112.8736381,1,
33.4146171,-111.556636,1,
33.8324099,-111.943773,1,
33.45346317,-112.3543417,1,
32.68367528,-114.6421863,1,
39.03840526,-104.2977154,1,
39.47461319,-118.7980895,1,
39.18081676,-119.7652819,1,
39.33550629,-120.1699316,1,
39.52968395,-106.0476795,1,
40.61996166,-103.2262752,1,
39.91715783,-105.7861091,1,
45.19206805,-113.8969185,1,
42.42344388,-112.1256951,1,
42.94443093,-112.8393719,1,
35.08166205,-114.5940815,1,
34.5708476,-114.3680793,1,
32.91707942,-105.927669,1,
32.28002039,-106.7550479,1,
46.40892757,-117.0261593,1,
35.03994831,-107.3723249,1,
47.74156112,-116.7965254,1,
40.70960133,-111.9778925,1,
41.22341767,-111.9695488,1,
40.53374243,-112.298833,1,
42.53640479,-114.4475735,1,
39.08441695,-108.4603134,1,
38.76517298,-102.7918413,1,
40.06462857,-106.402422,1,
38.68252902,-104.7001005,1,
41.18796767,-104.3531542,1,
38.43824417,-105.2447503,1,
37.24812132,-107.8676662,1,
39.26945088,-103.7159717,1,
48.2260272,-114.3056002,1,
43.70568524,-116.7011358,1,
48.19244393,-106.6209202,1,
53.1872937,-114.3203539,1,
41.73694219,-111.8366652,1,
46.44695223,-105.7968413,1,
41.11759106,-104.8100803,1,
43.85302963,-88.85558764,1,
44.43887429,-88.09773872,1,
43.67641609,-90.31437315,1,
43.17757721,-89.24515829,1,
43.90111689,-91.09079965,1,
43.61973069,-90.87879728,1,
44.57805515,-90.45558331,1,
44.24880177,-91.47438864,1,
45.31023769,-90.95874752,1,
39.61048949,-97.66231555,1,
39.84191194,-96.05536514,1,
44.02434483,-88.02416494,1,
44.44205466,-87.78713391,1,
45.16234083,-89.1526492,1,
45.10399037,-88.02232595,1,
44.79998641,-90.06854677,1,
46.46089538,-95.1860818,1,
44.5202918,-89.44365454,1,
44.73952682,-93.12533832,1,
45.34262695,-92.66117515,1,
45.42738673,-91.7357789,1,
44.92179641,-91.9277916,1,
39.85116474,-95.55965249,1,
39.84051335,-96.72070992,1,
43.88354516,-89.48124246,1,
45.50345333,-93.23652627,1,
45.97081045,-94.32284452,1,
46.53360609,-93.72886261,1,
43.7192435,-96.51370385,1,
46.03543754,-99.35920326,1,
45.05393269,-87.13731834,1,
43.74742163,-87.73477834,1,
42.34854562,-95.4992153,1,
41.48662683,-91.69394332,1,
42.47705992,-96.24245303,1,
41.54913335,-95.91415345,1,
42.02869167,-96.0952662,1,
41.71340759,-92.72552919,1,
41.34711731,-92.2116045,1,
41.99437441,-92.20331289,1,
42.09377807,-94.87771063,1,
43.1490018,-93.29921664,1,
42.98227104,-95.6691763,1,
42.70997877,-92.47654694,1,
41.11969691,-91.44452362,1,
42.96427509,-94.44057391,1,
41.00553415,-91.99713463,1,
40.70939151,-94.23342285,1,
41.35791597,-93.55913579,1,
41.83394588,-94.03488518,1,
42.01049272,-93.47725344,1,
41.34299063,-94.00113731,1,
41.03596048,-95.82474006,1,
41.28365962,-92.62512896,1,
40.69739922,-92.868736,1,
42.00901025,-92.90976926,1,
41.49732039,-94.64971375,1,
41.45985652,-95.33608024,1,
40.73084068,-95.02884557,1,
40.5996849,-95.66640021,1,
41.02700456,-95.22944309,1,
41.73035712,-94.93844417,1,
40.74000973,-93.73956878,1,
45.79399553,-97.75209188,1,
42.26725565,-94.17246644,1,
42.99893465,-91.65669746,1,
44.62417486,-93.74704364,1,
45.5640923,-95.88904201,1,
44.06385733,-93.27368514,1,
44.31892002,-94.45697553,1,
44.24391353,-94.98045424,1,
43.82163429,-94.4291182,1,
43.76015071,-93.20856505,1,
44.00976803,-96.28746438,1,
43.6246325,-95.59813537,1,
45.81096784,-96.49111593,1,
45.2042212,-93.55544179,1,
39.21117085,-85.92222263,1,
42.81735474,-82.99745666,1,
43.42919539,-82.54872035,1,
29.28926097,-95.74040427,1,
37.5510857,-99.63507467,1,
38.4532856,-99.89472018,1,
29.80576102,-94.3714652,1,
37.1445363,-98.03043738,1,
37.26555103,-97.39707121,1,
38.53196444,-99.30545427,1,
37.91119615,-99.40604524,1,
37.27357587,-99.3275946,1,
38.40405396,-96.17841403,1,
29.89751235,-95.29737388,1,
37.24071458,-97.02437624,1,
28.83420942,-96.95836915,1,
37.55863496,-97.3448755,1,
39.07801872,-93.74008219,1,
39.38517014,-93.48617105,1,
40.01373745,-92.20824598,1,
40.37947787,-93.33536379,1,
40.26501747,-94.02288348,1,
40.29900737,-94.87701915,1,
39.17901186,-96.57370537,1,
29.32875278,-96.09204362,1,
38.96223086,-95.24256437,1,
29.82341511,-98.75551693,1,
38.19579834,-95.73807058,1,
37.81475386,-96.89780891,1,
30.28729176,-91.23677303,1,
29.54250917,-95.82853177,1,
38.34637207,-97.66993131,1,
37.75541376,-97.26309294,1,
31.74318111,-98.94511699,1,
40.14093627,-95.23724631,1,
32.3982499,-98.98289519,1,
38.97125641,-97.01996459,1,
37.69067817,-98.74098164,1,
38.06702158,-99.89760507,1,
38.47950156,-100.4684155,1,
29.01360005,-95.40365346,1,
39.0176894,-99.86811863,1,
29.40308172,-95.2420202,1,
38.79993337,-97.63687749,1,
30.85064839,-91.00637464,1,
38.87261203,-94.17240229,1,
38.84497758,-94.81465471,1,
32.87858601,-97.04219035,1,
29.64432951,-89.92848404,1,
31.43931734,-97.40633618,1,
29.8548847,-89.98744092,1,
32.74836249,-96.47187979,1,
30.81531221,-92.66000595,1,
32.91136246,-97.05949924,1,
30.2223598,-92.65838249,1,
29.40443207,-90.27409692,1,
31.95213293,-102.141267,1,
33.52039294,-101.8783663,1,
32.74075578,-101.9530276,1,
32.70973432,-100.9112729,1,
30.23360551,-93.13107649,1,
32.28539497,-101.4981642,1,
31.46508991,-100.4399943,1,
31.83674484,-100.987632,1,
29.33678259,-89.40637187,1,
29.93447576,-91.01636999,1,
30.07008361,-90.49613678,1,
27.83184963,-97.06081185,1,
30.429336,-89.89812529,1,
33.64187537,-95.53235939,1,
34.66873061,-92.38770934,1,
32.65493647,-96.71890412,1,
34.11341554,-93.05455034,1,
31.29115283,-105.853715,1,
30.00845327,-97.12548833,1,
30.3379842,-97.37656511,1,
32.61478069,-93.2864889,1,
31.76215381,-93.08815282,1,
29.91446384,-93.94497924,1,
29.88476788,-97.92906375,1,
31.51610862,-96.5154142,1,
35.75388152,-96.65601808,1,
32.47457572,-100.3993817,1,
36.0471063,-96.08718553,1,
36.11781874,-96.97816038,1,
29.66751815,-95.04238755,1,
35.90641676,-92.63348932,1,
25.98088525,-97.48272692,1,
29.7321043,-97.66073107,1,
35.11363244,-92.5056818,1,
35.28139509,-95.58487462,1,
31.97323198,-94.00323404,1,
34.77515926,-96.66432955,1,
36.75874002,-98.35762333,1,
30.28157149,-98.40232938,1,
33.20714168,-92.6686397,1,
48.4412492,-123.3720839,1,
43.37838102,-72.32978131,1,
42.92416198,-72.28588547,1,
39.73405075,-75.61796619,1,
49.69188289,-83.68140853,1,
49.70693077,-86.95410135,1,
51.47449167,-90.16493452,1,
41.84929428,-90.15457257,1,
32.97732402,-111.5175387,1,
42.94856959,-81.88017256,1,
45.38687768,-61.50361091,1,
40.26780432,-103.8254326,1,
27.29144541,-82.44996426,1,
32.20171485,-82.36147112,1,
36.19256756,-86.29068324,1,
35.85089543,-86.42868967,1,
35.03972201,-85.68144078,1,
35.2339479,-85.19994714,1,
35.0158212,-85.37752484,1,
34.74582098,-85.27392044,1,
34.76271359,-84.96826244,1,
34.47932346,-84.94470877,1,
34.20365361,-84.78725536,1,
34.8591422,-83.40395761,1,
33.6999306,-84.16759306,1,
34.01329355,-85.02954395,1,
33.73179489,-84.75614696,1,
34.0437437,-84.31452911,1,
36.48446291,-86.88828056,1,
29.73637725,-84.89685899,1,
27.51384601,-81.49742432,1,
26.05634409,-81.69683161,1,
32.81383382,-79.84438409,1,
33.70221124,-78.91159633,1,
28.34090929,-82.69534272,1,
29.50175016,-82.86707892,1,
36.30066254,-82.37073949,1,
26.93230921,-80.12897567,1,
29.25947463,-81.11531926,1,
28.07655881,-80.69555742,1,
33.39356677,-84.74279636,1,
33.06074694,-85.03138531,1,
25.45827049,-80.47249019,1,
24.66909094,-81.35881224,1,
32.93535563,-80.69003195,1,
36.8630176,-87.48131126,1,
36.60719594,-83.71685542,1,
42.96029866,-82.34266361,1,
44.77698373,-63.20543815,1,
43.61566084,-79.38327166,1,
44.81649636,-63.61675568,1,
45.3324225,-61.02888733,1,
44.37300567,-65.03309668,1,
44.56210224,-63.73203707,1,
44.03911811,-79.45502776,1,
45.85472177,-63.65783366,1,
43.17640842,-79.24033258,1,
45.56673198,-62.63421613,1,
43.58037213,-65.61544411,1,
45.8318931,-64.18804876,1,
43.74333297,-81.71378719,1,
43.36759579,-80.2719312,1,
46.06139875,-61.40765425,1,
46.82477855,-60.35857774,1,
43.4676941,-81.19604734,1,
44.11024291,-78.9575837,1,
44.62066815,-65.75981341,1,
45.05925066,-64.63102813,1,
44.32083345,-64.56063621,1,
44.03260124,-64.70626932,1,
42.7174065,-78.84646479,1,
44.22561454,-66.13169955,1,
43.7715255,-65.30155503,1,
44.90608298,-75.16463542,1,
44.30876327,-75.44935811,1,
46.40449859,-81.17736348,1,
46.80666882,-64.14749134,1,
46.60586443,-63.9342557,1,
46.25164021,-63.68569851,1,
42.2330493,-82.96674174,1,
46.45723496,-63.32803395,1,
46.41168786,-62.70801407,1,
45.41421581,-74.0254965,1,
45.26783497,-75.30436834,1,
46.57714112,-80.81073964,1,
47.36327038,-68.3256418,1,
44.29127294,-77.80488633,1,
44.42934903,-78.26918827,1,
46.55622284,-66.11151768,1,
42.84482926,-80.31747552,1,
45.7354493,-65.48957974,1,
45.47828568,-76.70143652,1,
45.17872252,-67.3160782,1,
45.0259137,-74.73391219,1,
43.46870267,-79.67998643,1,
44.92070975,-62.53284604,1,
45.04659732,-78.50851181,1,
46.47618667,-71.02813832,1,
46.63232987,-81.39673655,1,
44.59289217,-75.68821435,1,
44.56985006,-80.94143148,1,
46.67538419,-71.17005645,1,
45.82374491,-77.12311938,1,
44.88446695,-65.16831022,1,
42.40652603,-82.19814212,1,
48.53511333,-80.45657457,1,
47.49803107,-67.39410291,1,
47.84454656,-83.40445708,1,
48.61080147,-93.39895438,1,
49.75966825,-94.47018499,1,
45.43238587,-65.94614902,1,
49.41853486,-91.66216267,1,
45.71161394,-63.30055185,1,
48.39273309,-89.23851167,1,
46.31725217,-78.7028013,1,
48.59496706,-85.2786768,1,
46.04324924,-73.70770675,1,
46.52228708,-84.27418252,1,
43.75553687,-80.67114045,1,
46.70513669,-80.92075868,1,
42.62345519,-80.44969901,1,
42.93998814,-78.88455794,1,
45.04144362,-79.31962907,1,
45.34534217,-80.03474842,1,
44.95097198,-72.16020099,1,
44.11693349,-70.23778905,1,
43.9765997,-75.95995758,1,
36.68968185,-82.02410893,1,
43.17778578,-75.48718944,1,
36.99580437,-79.88950124,1,
39.40627677,-78.1484028,1,
43.47010534,-76.23191278,1,
39.31830683,-77.19597871,1,
38.94605795,-77.09790287,1,
36.78873234,-75.95953601,1,
44.02823841,-75.92109681,1,
41.18999688,-75.43114051,1,
38.32634447,-75.08793644,1,
42.71740651,-78.84646478,1,
37.98181394,-75.8572343,1,
36.82515374,-77.26163116,1,
43.01841647,-74.99585662,1,
37.5683729,-78.54000736,1,
36.81650291,-77.79106845,1,
44.8709403,-74.28815086,1,
44.30876326,-75.44935809,1,
39.99925416,-76.35021886,1,
39.95278426,-74.19349824,1,
39.63382039,-74.80388182,1,
37.19515157,-78.20962708,1,
40.20933892,-74.03655267,1,
36.97624506,-76.99237746,1,
37.89491007,-76.88110486,1,
39.78133099,-75.11979158,1,
38.6102709,-75.20286514,1,
37.03098033,-78.92540548,1,
39.18674451,-75.53880859,1,
37.70088213,-77.4470552,1,
39.42270228,-75.20590204,1,
39.22922637,-76.04959,1,
38.55821867,-75.98687928,1,
39.88851178,-74.7453086,1,
41.17523298,-73.19584327,1,
40.89956811,-80.81671932,1,
41.63775537,-71.95080812,1,
41.5437098,-73.04907432,1,
41.4039949,-71.74939913,1,
41.3487351,-79.71903306,1,
41.27357776,-72.48994857,1,
41.16789953,-80.11400045,1,
41.57767008,-72.6718046,1,
40.64608617,-79.71344866,1,
44.0218089,-71.12198773,1,
40.62265243,-79.94692312,1,
43.44765431,-70.7707943,1,
40.44688085,-80.17721028,1,
42.57390684,-71.79255818,1,
39.64577,-79.99768019,1,
43.61730967,-116.3431972,1,
41.87887377,-103.6791038,1,
40.91294681,-111.3988294,1,
40.98028624,-111.9068547,1,
42.85150595,-106.2658695,1,
44.78018338,-106.9400315,1,
37.13814654,-104.5235677,1,
44.51838906,-109.0878859,1,
47.52642064,-111.2977496,1,
48.55411818,-109.7373231,1,
37.12607896,-113.5190114,1,
39.59700686,-110.7882786,1,
39.52268422,-107.3198079,1,
41.58049356,-109.252156,1,
43.04357993,-108.3781099,1,
41.78458788,-107.2257747,1,
44.27380093,-105.4984378,1,
43.68698595,-114.3690996,1,
43.58225691,-116.5700246,1,
44.08165871,-111.4549066,1,
48.55910519,-113.015591,1,
37.63211784,-104.7915612,1,
38.27169421,-104.6141546,1,
40.25127436,-105.833569,1,
40.50594786,-111.4121809,1,
39.53983479,-105.2978892,1,
38.96006404,-104.7808553,1,
39.7077658,-104.2176288,1,
40.40186321,-105.1047221,1,
40.63912927,-104.3321108,1,
54.33435213,-114.7741678,1,
53.6680361,-115.9909309,1,
41.76218485,-104.8208448,1,
40.26779924,-103.8254177,1,
45.9378327,-112.5100302,1,
37.6858211,-113.0613982,1,
39.80319396,-105.0877767,1,
40.14436378,-111.595592,1,
49.73329565,-114.8858647,1,
53.70615841,-113.1893399,1,
32.80590995,-117.1160429,1,
34.13594833,-116.0520189,1,
35.71125242,-121.0607439,1,
38.25987375,-122.607438,1,
38.31366361,-123.0688757,1,
33.44576206,-118.4829962,1,
35.27565478,-116.0734565,1,
33.60883356,-114.6101362,1,
34.8944643,-117.050001,1,
41.83081275,-122.4204407,1,
41.71156691,-121.506923,1,
33.197793,-117.3780743,1,
34.12840697,-117.8270177,1,
34.1592983,-118.8327415,1,
40.62532998,-122.373861,1,
41.80708003,-123.3600346,1,
36.1764035,-120.3596052,1,
33.23746167,-115.5172042,1,
37.39493645,-122.150442,1,
35.72916346,-120.2278807,1,
36.41717755,-120.9814685,1,
39.93738325,-120.2843996,1,
38.7601638,-119.7648228,1,
39.79556154,-119.3056285,1,
34.15755946,-115.1450869,1,
36.85481223,-120.7790077,1,
38.77781534,-122.5757802,1,
42.14337902,-121.8086306,1,
42.37988458,-122.8844586,1,
40.30961649,-121.22909,1,
39.33550732,-120.1699328,1,
37.7694404,-120.8377824,1,
37.4699524,-121.9247991,1,
32.97599496,-116.3485256,1,
35.4727566,-115.5439366,1,
37.74879205,-122.4004425,1,
36.0079736,-119.9673982,1,
33.94066211,-118.0803586,1,
37.43032514,-121.0677721,1,
39.49631065,-121.6097586,1,
36.65084631,-120.249029,1,
38.3811026,-121.3650728,1,
32.62458762,-116.4753352,1,
37.09832612,-120.7016539,1,
39.14533263,-121.6426255,1,
38.79037812,-121.3125847,1,
37.50616769,-122.4903335,1,
36.95895879,-122.0546058,1,
32.57482917,-117.126541,1,
38.24907814,-122.0678989,1,
37.69556762,-121.9016032,1,
34.01771026,-118.47168,1,
37.71417528,-122.2220707,1,
35.35073132,-118.9687648,1,
36.40027916,-119.1038226,1,
35.49996613,-119.5459766,1,
35.14918582,-119.4598145,1,
35.60266478,-118.4873182,1,
35.09979911,-117.9892429,1,
34.80605459,-118.87157,1,
21.42480448,-157.9992227,1,
36.42399429,-120.1019695,1,
38.44067376,-122.7469926,1,
39.71414092,-121.8052763,1,
37.72795737,-122.5049845,1,
36.81444515,-119.7474562,1,
35.75937494,-119.2438283,1,
36.97548636,-120.0791682,1,
36.32343461,-119.6227568,1,
39.52156025,-122.2156893,1,
34.88856712,-119.815345,1,
39.52858426,-119.7018795,1,
40.37907014,-120.465549,1,
39.1341215,-123.1965119,1,
37.97143185,-120.3648599,1,
32.67517511,-117.1000214,1,
33.8565898,-117.8605386,1,
32.58940768,-117.1104233,1,
33.55575638,-116.6720441,1,
41.77518136,-124.1907782,1,
38.18739696,-120.6745191,1,
34.64251649,-120.44716,1,
34.14876254,-118.0934138,1,
34.21673768,-118.4783738,1,
33.25689915,-116.3780239,1,
41.01810487,-121.4315552,1,
33.14063878,-117.1435642,1,
36.22402548,-121.1178302,1,
36.57961912,-121.8202355,1,
32.63023843,-116.9677477,1,
32.96179427,-115.5453183,1,
41.69920948,-122.6440329,1,
20.89087214,-156.656122,1,
38.63499661,-121.5065457,1,
38.47235001,-121.8208018,1,
37.96371085,-121.7627535,1,
37.98012033,-122.3280048,1,
32.95839431,-117.0372587,1,
37.75147908,-121.4729977,1,
33.55243614,-117.1919795,1,
33.04265825,-116.8666516,1,
34.92056892,-120.4188651,1,
35.12845645,-118.4663893,1,
34.18806947,-118.3242814,1,
46.35659012,-98.30390958,1,
43.39019986,-87.88162039,1,
43.44454821,-88.85481238,1,
42.10715144,-96.70637807,1,
44.44544565,-95.77985293,1,
43.36629392,-90.38235825,1,
44.5338805,-98.98785598,1,
44.35391895,-89.04494692,1,
43.70881474,-98.02426656,1,
44.39007787,-89.84125921,1,
44.03497644,-90.07875401,1,
42.09502247,-89.81590197,1,
44.3246543,-96.74835032,1,
45.20004294,-96.6395081,1,
45.58251915,-94.09244567,1,
45.03510951,-92.85365328,1,
45.50471245,-100.03242,1,
44.37452917,-98.23912667,1,
42.5939389,-90.43136991,1,
42.59385323,-89.01601047,1,
43.98803174,-97.09257729,1,
41.60170984,-87.62109009,1,
38.34637207,-97.66993131,1,
41.50990806,-88.13512594,1,
42.28470198,-88.15562509,1,
43.38533587,-98.84387501,1,
42.2382205,-89.1118897,1,
43.35921277,-97.42157372,1,
43.01082075,-89.7201029,1,
40.78338489,-91.60265521,1,
47.66571819,-117.4205595,1,
43.98641245,-124.1112966,1,
47.04647678,-122.8437472,1,
46.61672068,-120.5511147,1,
47.23505092,-119.8378877,1,
47.56366236,-117.5946612,1,
47.2278807,-117.0675921,1,
46.95449306,-117.3324106,1,
46.08181622,-118.2822031,1,
45.51908404,-123.0252908,1,
45.49763989,-122.4158998,1,
46.98353899,-120.5469793,1,
43.74637666,-122.4852526,1,
44.67484497,-124.061133,1,
49.25138811,-123.000174,1,
41.83081256,-122.4204405,1,
41.71156675,-121.5069228,1,
46.40892769,-117.026159,1,
47.74156129,-116.796525,1,
41.31420371,-122.3143419,1,
45.6761241,-121.877343,1,
44.92271831,-120.9461366,1,
49.03220124,-123.0692309,1,
41.80707977,-123.3600345,1,
47.10583705,-122.2884476,1,
47.21878215,-122.7582972,1,
47.39135871,-122.6094429,1,
46.94871335,-122.6057169,1,
48.10039496,-119.7802805,1,
43.59040155,-119.054278,1,
47.96780948,-124.4096959,1,
44.02717975,-116.9381518,1,
48.11142901,-123.3629165,1,
46.84008147,-122.2565012,1,
45.71179604,-121.5381623,1,
49.73329579,-114.8858644,1,
44.43484471,-121.9458173,1,
49.05217033,-122.3295184,1,
49.14657642,-122.0025559,1,
49.18392781,-123.9532239,1,
49.27858775,-122.7911001,1,
44.39765544,-122.7275728,1,
46.55466487,-122.2736584,1,
47.20331106,-121.9853478,1,
46.76175985,-119.9323339,1,
48.48070787,-123.3915478,1,
45.71855481,-120.2025249,1,
45.22695045,-120.1805778,1,
47.40436411,-120.2849553,1,
42.14337889,-121.8086305,1,
42.37988441,-122.8844585,1,
43.29838107,-123.3492032,1,
45.15448937,-122.6020193,1,
42.5798267,-121.8801122,1,
43.8119885,-120.603345,1,
45.36074017,-119.565154,1,
47.98149164,-122.2080732,1,
30.90877228,-94.01613864,1,
32.54332607,-95.85360238,1,
38.03128436,-97.90234968,1,
37.65054622,-98.09443451,1,
32.53433498,-94.77130366,1,
38.35990366,-97.01184784,1,
30.72070314,-95.55257915,1,
37.8517423,-96.28992503,1,
38.63730834,-95.83053909,1,
37.86012171,-100.3546394,1,
36.36393484,-94.31139108,1,
30.38161862,-96.06671834,1,
39.11574288,-94.92861974,1,
38.41042852,-94.3454083,1,
30.04537254,-94.89052893,1,
39.42215826,-94.89572518,1,
39.37133689,-94.36830768,1,
29.61695433,-98.12479479,1,
38.88933989,-94.52200349,1,
30.07303111,-99.2056814,1,
39.78244857,-93.09701653,1,
31.07386393,-97.35187849,1,
26.54619001,-98.12348918,1,
26.29795248,-98.16203462,1,
26.13092025,-98.25526361,1,
26.1897965,-97.68264978,1,
26.49544724,-97.77929002,1,
38.57297281,-94.87827376,1,
39.08971257,-95.70269998,1,
40.16878215,-95.94690239,1,
29.78583564,-95.94553231,1,
38.59243761,-98.41442633,1,
37.28511429,-100.3586061,1,
36.17274913,-94.11656779,1,
29.56346403,-94.3908546,1,
38.97489746,-92.49310912,1,
29.73093504,-93.89722468,1,
39.34583165,-91.41277497,1,
31.92332862,-97.65736993,1,
49.49403388,-117.2947742,1,
64.8584124,-147.7215263,1,
34.73468837,-76.81261031,1,
47.52309984,-92.58993432,1,
43.5413133,-96.65967691,1,
46.87982171,-98.72343817,1,
44.37960589,-100.3112538,1,
46.59338072,-111.9895526,1,
45.69539717,-111.0423595,1,
29.01250005,-81.3014314,1,
28.7004226,-100.4806355,1,
29.85693049,-81.32572238,1,
27.82965609,-80.48244127,1,
27.26608315,-80.28812224,1,
25.98796667,-80.12469102,1,
31.36007023,-110.9335426,1,
26.52916034,-80.09670121,1,
46.30217305,-79.46138161,1,
26.12446549,-98.21960006,1,
27.73768727,-97.4380444,1,
42.66340008,-95.1971756,1,
39.75389932,-92.46338944,1,
39.72421228,-91.40045303,1,
39.12124185,-91.89032116,1,
38.54029545,-92.11862202,1,
38.50681802,-90.65752248,1,
42.59481097,-71.76069658,1,
45.77299927,-74.00183624,1,
43.79850229,-70.18897198,1,
43.90693109,-69.90710888,1,
44.09096569,-69.13760565,1,
43.76840234,-71.74256313,1,
41.18797287,-104.3531696,1,
39.52968858,-106.0476947,1,
41.30876539,-105.5532401,1,
39.26945593,-103.7159863,1,
37.63212244,-104.7915756,1,
40.4018681,-105.1047373,1,
39.5923891,-104.8804475,1,
34.71106293,-86.65341242,1,
48.37786286,-123.7255858,1,
53.53655572,-113.3302663,1,
52.32752341,-112.7133468,1,
53.02323715,-112.8223512,1,
51.791717,-114.1057837,1,
51.08855398,-115.3628785,1,
52.37068844,-114.9073423,1,
49.69920791,-123.1540023,1,
50.0243994,-125.2439454,1,
51.04307948,-113.3953451,1,
50.13130553,-122.9546013,1,
33.62992373,-112.3690024,1,
53.70604666,-113.1892871,1,
53.18729388,-114.3203541,1,
53.26475524,-113.8047517,1,
55.21716892,-118.7975507,1,
53.70305673,-114.195251,1,
51.28669948,-113.9981534,1,
51.66310134,-112.7679999,1,
50.01552564,-113.5732457,1,
50.58225931,-113.8737912,1,
49.14657615,-122.0025566,1,
49.27858744,-122.7911011,1,
49.47222499,-123.7630586,1,
54.76259645,-111.9458468,1,
48.82843218,-122.5550636,1,
48.53269386,-123.0186306,1,
48.38445778,-122.3330421,1,
53.56945858,-113.5015741,1,
53.24973461,-114.9794751,1,
49.25138772,-123.0001751,1,
48.48070743,-123.3915491,1,
36.4869668,-80.73903151,1,
36.34244689,-78.98092878,1,
36.34825503,-78.36664384,1,
36.50385165,-77.64604948,1,
43.09319024,-77.52530899,1,
36.04701024,-75.68197732,1,
42.54891487,-77.6979432,1,
36.44312959,-76.57360477,1,
42.98832239,-78.12232643,1,
36.27972907,-77.01934351,1,
37.66268704,-77.93676566,1,
44.68071742,-73.45397364,1,
39.38776814,-74.51717326,1,
39.52564206,-76.65170055,1,
39.64621963,-78.7299714,1,
42.23355641,-83.74237054,1,
43.68112991,-70.45103447,1,
41.47472461,-84.53273256,1,
44.8258916,-68.74405612,1,
41.36246621,-83.64989551,1,
40.75411278,-84.08106022,1,
39.33669368,-82.11258566,1,
40.77242824,-82.52853813,1,
40.79257661,-81.37837667,1,
41.60053135,-81.48828391,1,
41.45837542,-82.70663426,1,
37.36309426,-79.95749166,1,
37.5280542,-75.84796186,1,
42.58436312,-76.21133124,1,
41.30666422,-76.01726446,1,
38.88848537,-78.49915089,1,
40.67515922,-76.22651045,1,
38.02050759,-79.0186777,1,
37.27639739,-76.69550536,1,
36.86358873,-76.5735579,1,
41.26320459,-70.06112035,1,
37.26330556,-77.4110868,1,
38.72833938,-77.18397161,1,
40.43962205,-75.89219013,1,
43.31767437,-73.56871376,1,
40.01315259,-75.17632991,1,
39.13159958,-76.79042537,1,
44.20968087,-73.54051452,1,
39.63405379,-77.71419389,1,
43.2348874,-70.80976318,1,
44.60824896,-69.59987476,1,
37.09180132,-81.78351868,1,
38.01574454,-77.96651321,1,
39.98005574,-75.86277121,1,
39.93413727,-77.65068317,1,
40.62479916,-75.43988413,1,
36.61320407,-78.29271834,1,
40.7964862,-74.48314969,1,
42.1879014,-77.1434245,1,
42.20466471,-78.1438719,1,
37.30270829,-79.32449328,1,
42.42827383,-79.33964423,1,
44.26197402,-72.58237625,1,
44.39786412,-72.02566446,1,
43.28145591,-72.4775661,1,
36.95009275,-81.08449752,1,
43.60712212,-72.97941763,1,
39.83077916,-77.23206537,1,
43.93922729,-72.60349022,1,
38.28296987,-77.45263013,1,
44.82005009,-71.89051077,1,
44.50852652,-72.36587855,1,
36.5781086,-79.37959753,1,
42.9183635,-72.53512251,1,
43.34994882,-72.99523634,1,
44.00782385,-72.11433605,1,
37.71099589,-76.38080934,1,
44.80906851,-73.08258019,1,
44.95097199,-72.160201,1,
42.88250818,-73.19990221,1,
42.01238893,-76.52157462,1,
41.95832833,-75.29274335,1,
41.64600105,-74.66227251,1,
43.99861821,-73.15260554,1,
38.91750414,-75.62962848,1,
44.66543341,-113.3434721,1,
35.19032696,-114.0525284,1,
31.29115281,-105.853715,1,
31.41464236,-103.5007565,1,
36.90423768,-111.4874741,1,
33.15286803,-107.2490431,1,
42.20914231,-111.9360123,1,
42.30946128,-113.3698946,1,
31.83024416,-107.6390135,1,
41.99773219,-117.7163128,1,
40.64646518,-116.940946,1,
39.25858634,-114.8587352,1,
32.39464199,-112.8717418,1,
34.12148101,-109.2910841,1,
35.52546997,-108.7442907,1,
38.06586992,-117.2286543,1,
33.82800726,-118.3539357,1,
37.51106262,-121.9437073,1,
37.01853262,-121.5607998,1,
37.31898607,-121.8598398,1,
33.79920003,-116.4055539,1,
32.68367571,-114.6421862,1,
32.77024648,-115.2733228,1,
33.07001016,-115.7352742,1,
39.47461388,-118.7980902,1,
32.9326903,-115.2915851,1,
32.67176041,-115.5266119,1,
34.51132654,-117.3229193,1,
32.71209467,-114.9431662,1,
35.47145166,-120.6540019,1,
34.10430347,-117.2833517,1,
34.64880506,-118.1470678,1,
34.41262582,-118.5536412,1,
38.69733867,-120.8241688,1,
39.18081761,-119.7652829,1,
34.19080892,-119.1736884,1,
32.74496031,-117.2454467,1,
33.10513783,-116.7853516,1,
32.60799113,-116.9321745,1,
33.7106227,-117.9979233,1,
38.00513701,-122.0415169,1,
41.31420387,-122.3143421,1,
33.64143462,-117.7378478,1,
38.02209556,-121.324113,1,
38.68503714,-121.7625411,1,
33.41194682,-117.6004311,1,
33.88602669,-117.5730602,1,
33.70096421,-117.3126492,1,
37.31346049,-120.4711951,1,
34.4156881,-119.8452764,1,
32.74582897,-116.9438141,1,
40.80499336,-124.1360908,1,
32.96718367,-117.0911869,1,
32.92769291,-117.2168844,1,
33.45578071,-117.6068538,1,
33.8073041,-116.9713588,1,
45.63650099,-89.38224928,1,
44.88362739,-91.4230576,1,
46.34891338,-94.25436117,1,
44.59914568,-87.45356275,1,
43.11659395,-88.06336477,1,
42.88743017,-90.93038126,1,
39.78250835,-86.30468841,1,
40.16878215,-95.94690239,1,
43.99622249,-95.7519592,1,
42.56666569,-93.84133041,1,
43.52058343,-93.70710056,1,
45.88682579,-95.30449031,1,
40.73924988,-92.4097809,1,
42.36298823,-92.78430742,1,
42.77617279,-93.20074845,1,
42.30650893,-93.30894082,1,
43.06768013,-92.3491162,1,
42.37131124,-91.89033324,1,
45.12307137,-94.9920747,1,
43.40014299,-94.80934439,1,
43.63631798,-91.50567169,1,
45.06666494,-94.09515518,1,
43.51922959,-92.51999396,1,
44.01354517,-92.40043081,1,
45.72484557,-94.96101031,1,
44.72321909,-94.48051716,1,
43.24125696,-94.03119258,1,
43.07506093,-88.48035052,1,
46.51229624,-99.77034424,1,
45.44907891,-99.34631275,1,
42.06204936,-82.5997305,1,
48.19379991,-101.3000411,1,
42.26009143,-81.91542737,1,
44.09897304,-103.1983831,1,
38.27732213,-85.73521073,1,
41.12157298,-100.7579174,1,
46.79186062,-100.7488235,1,
39.1190696,-88.55788739,1,
38.3181687,-88.90850742,1,
40.26611385,-96.74489531,1,
41.18084119,-89.66062961,1,
40.33543478,-97.57503094,1,
40.39640202,-90.15600684,1,
41.87887377,-103.6791038,1,
40.91029858,-98.38095117,1,
39.60738535,-90.8064387,1,
41.47472461,-84.53273256,1,
40.60399071,-89.4893253,1,
46.24913707,-97.45288853,1,
42.28639534,-85.56145568,1,
42.49748933,-91.11057985,1,
48.14613854,-103.6254304,1,
48.09754759,-98.8410544,1,
43.81702969,-84.76732809,1,
40.59737436,-88.04078121,1,
42.79908471,-102.2028267,1,
40.42768498,-86.91104164,1,
48.11217139,-96.14895894,1,
46.16728188,-103.4092504,1,
45.33891445,-97.30854805,1,
42.6121468,-97.27738061,1,
42.02176144,-97.42585331,1,
44.04617977,-82.99412111,1,
40.84860705,-96.60099016,1,
46.54726547,-87.46116147,1,
46.47023582,-90.12615984,1,
42.61732302,-89.63170474,1,
41.49361397,-90.40192725,1,
41.04497844,-94.37349388,1,
38.14195417,-89.70120788,1,
38.87105824,-90.07040369,1,
39.18567154,-89.66929161,1,
39.10285678,-90.31888385,1,
41.08077887,-87.8620851,1,
41.66632033,-86.88748494,1,
41.4741446,-87.30155711,1,
38.5949109,-89.95501411,1,
38.66466257,-86.91118852,1,
38.74001328,-89.67735748,1,
38.52101653,-88.00595013,1,
40.09253836,-88.23751807,1,
41.69844512,-98.01172087,1,
45.17857223,-89.6629835,1,
41.42980203,-97.36379025,1,
44.56400406,-91.67140756,1,
40.87018646,-97.59150569,1,
43.28557615,-96.18149797,1,
41.79695904,-88.11597349,1,
39.80991487,-86.03840747,1,
46.86526187,-96.86479756,1,
39.4317773,-87.35890053,1,
44.95204977,-95.68937128,1,
44.28678156,-88.4049192,1,
42.04940566,-90.66235281,1,
41.45827953,-91.02453384,1,
42.33160928,-83.20843114,1,
43.61200346,-86.36351382,1,
40.88916885,-88.61365951,1,
40.71081504,-99.07916606,1,
41.77348617,-87.85652892,1,
42.26162003,-98.34436196,1,
42.60748026,-83.34019108,1,
41.70386769,-93.24561952,1,
43.38974348,-124.2510204,1,
47.23300196,-123.1245983,1,
44.97298307,-122.9553106,1,
44.09433513,-121.3018682,1,
44.60156146,-121.140966,1,
46.1134845,-122.8894513,1,
46.97757808,-123.6023562,1,
47.6806597,-122.136638,1,
48.38445814,-122.3330413,1,
46.3038064,-120.0214054,1,
46.24907804,-119.08032,1,
45.58640974,-120.686572,1,
45.67092545,-118.8501763,1,
45.80515885,-119.3211185,1,
47.61150403,-119.2933892,1,
47.12114062,-118.3831956,1,
46.81041229,-119.173637,1,
45.48558264,-123.8461834,1,
44.04504418,-123.1618894,1,
44.28983328,-123.154417,1,
45.23412655,-122.8159281,1,
44.55834687,-123.1110658,1,
45.18789353,-123.2090696,1,
47.52664356,-121.8261339,1,
47.80347679,-122.5691553,1,
46.67542618,-122.9699935,1,
47.45119469,-122.3207873,1,
48.82843254,-122.5550627,1,
48.53269429,-123.0186296,1,
45.50698353,-122.6727535,1,
30.39457336,-88.64513608,1,
30.92514016,-88.58940798,1,
30.77274594,-89.85313971,1,
31.74851547,-106.3162434,1,
32.42659834,-96.83827645,1,
29.13894629,-98.90508062,1,
30.84542734,-89.54222505,1,
30.31172382,-89.60430758,1,
31.26705658,-90.47697528,1,
31.12080839,-97.73216241,1,
30.52822385,-89.11103937,1,
33.22354335,-96.62329786,1,
31.46225694,-90.83753442,1,
33.33869567,-91.04095493,1,
32.90768656,-90.86932178,1,
32.33212798,-90.82532397,1,
31.06510889,-98.17881067,1,
31.88318206,-91.00590869,1,
30.77910998,-89.14331596,1,
32.01137325,-97.12966395,1,
37.59899828,-90.62796275,1,
32.70482228,-103.1269131,1,
27.74985461,-98.07192209,1,
39.84051335,-96.72070992,1,
29.35795981,-94.95284156,1,
38.38900601,-93.80866234,1,
37.969074,-100.8964133,1,
38.4681284,-101.7522351,1,
38.48572509,-100.9075539,1,
38.35467529,-98.76483517,1,
39.382221,-97.16961646,1,
26.15545686,-97.95759299,1,
40.26611385,-96.74489531,1,
40.33543478,-97.57503094,1,
40.91029858,-98.38095117,1,
39.84191194,-96.05536514,1,
30.13822903,-90.95605815,1,
30.00821941,-90.16238119,1,
28.98289159,-95.96354301,1,
31.63808195,-91.54507707,1,
30.08977646,-94.19174889,1,
30.95871201,-92.19054202,1,
30.70361417,-91.47610391,1,
29.25488179,-90.66186006,1,
33.00614503,-93.46591704,1,
32.52825562,-92.03531023,1,
29.70353872,-96.57251793,1,
32.86082049,-91.40612625,1,
30.31521034,-95.45713767,1,
32.56355829,-92.60566325,1,
32.10531116,-92.0747833,1,
39.74936554,-94.68170701,1,
39.77451522,-93.51080609,1,
30.93849412,-90.50511659,1,
31.59940263,-97.10592963,1,
30.09641039,-95.62585935,1,
37.36369925,-96.29544525,1,
32.03936827,-93.32384312,1,
31.22557236,-101.9340559,1,
29.74486139,-92.32795913,1,
35.70014575,-90.01311102,1,
32.75689509,-97.79674078,1,
29.61079442,-95.22698281,1,
29.89202288,-95.29884487,1,
33.21851303,-98.15955938,1,
34.19688807,-101.7534756,1,
35.57071287,-100.9700937,1,
31.1091822,-99.33084564,1,
29.39643102,-100.9007724,1,
35.2115662,-101.9079397,1,
30.64259577,-97.03165287,1,
30.70223517,-94.93292071,1,
31.31806617,-95.45862511,1,
30.21869572,-92.0512963,1,
37.7271207,-89.86453352,1,
36.30508347,-96.48266962,1,
38.70910975,-93.23269539,1,
34.59000514,-95.3539911,1,
40.21603345,-92.57897646,1,
39.18607404,-94.57995612,1,
35.52172201,-97.9334004,1,
37.30194661,-89.58577929,1,
35.8756778,-97.42553623,1,
38.21133135,-90.38861766,1,
36.14601648,-98.03311062,1,
38.7443644,-90.41818329,1,
35.74244167,-95.34421164,1,
38.98901454,-90.98107675,1,
35.25004061,-97.49008761,1,
36.76039363,-90.39199907,1,
35.66635809,-95.96367995,1,
35.05193142,-97.93883239,1,
32.33634799,-95.28149069,1,
36.72435337,-91.83492724,1,
34.17194357,-97.13527534,1,
37.68368841,-95.45219313,1,
33.21497048,-97.12553856,1,
38.50523018,-90.62008434,1,
32.95616992,-96.71489962,1,
37.94810269,-91.76779407,1,
32.51103339,-93.75072914,1,
32.45372427,-99.7304366,1,
37.21112709,-93.23248123,1,
36.35598227,-93.58035967,1,
37.06555781,-94.41350314,1,
37.87716053,-94.02322887,1,
35.469529,-93.47958703,1,
35.36346254,-94.36915798,1,
37.83943321,-94.70452137,1,
36.19100864,-94.56242507,1,
38.00856412,-92.7436504,1,
36.75234647,-95.99335086,1,
39.43787924,-98.69333826,1,
36.27101802,-95.84701613,1,
36.67061222,-97.78031012,1,
30.84537635,-93.28833411,1,
30.18235166,-96.60191283,1,
35.77197392,-91.64966447,1,
30.52934817,-92.08063824,1,
32.69529386,-97.36479983,1,
34.48372768,-97.96579291,1,
34.74020923,-97.25336389,1,
28.29857242,-97.27315043,1,
30.50805134,-90.48370488,1,
39.70777072,-104.2176436,1,
38.93169535,-105.1904348,1,
37.9826366,-103.5414276,1,
30.45976265,-84.38486974,1,
31.86239593,-82.58694784,1,
32.21926464,-90.15110063,1,
30.3361815,-89.18842081,1,
31.80019871,-85.95430842,1,
33.4234927,-86.12119075,1,
34.41807823,-87.17203522,1,
32.44741367,-87.01177132,1,
31.41129567,-87.23424115,1,
34.68127322,-87.30944277,1,
31.37748954,-85.91604078,1,
32.91740004,-85.40049388,1,
33.83188794,-87.2775736,1,
33.88757661,-86.39794324,1,
33.52372862,-85.63485351,1,
31.82902286,-86.61742795,1,
33.68520689,-87.82930811,1,
34.14816888,-87.40485887,1,
31.23948665,-85.44019054,1,
31.70036879,-87.78916178,1,
30.91638508,-87.77568391,1,
32.59885116,-85.50391893,1,
31.30737484,-86.48395216,1,
33.66699575,-85.83068407,1,
34.47541599,-87.86454616,1,
32.35384775,-88.68280766,1,
32.08163769,-88.23314775,1,
32.94600586,-87.15063172,1,
31.45098511,-88.19587558,1,
32.83993829,-86.62982913,1,
34.16304348,-85.65861673,1,
34.17986505,-86.84486938,1,
30.24916328,-88.07796894,1,
33.26227178,-88.09539004,1,
31.99463768,-87.33329946,1,
33.36861333,-91.04420982,1,
33.44754391,-86.82028468,1,
36.11497925,-77.43058137,1,
35.01479539,-80.54165602,1,
34.73627083,-80.08672864,1,
36.04994253,-79.44743436,1,
36.34244689,-78.98092878,1,
35.29498338,-78.61933232,1,
35.00770816,-78.30401304,1,
35.4138411,-78.03708044,1,
34.75488631,-77.97550595,1,
34.79298847,-77.37207535,1,
34.80113719,-79.44831265,1,
34.29098421,-78.73254731,1,
34.6046094,-78.96539034,1,
34.94692008,-80.99761572,1,
35.62674171,-80.48312438,1,
31.85010631,-86.64716999,1,
33.96774557,-84.08272512,1,
33.94752783,-83.57965452,1,
33.93845022,-84.52049076,1,
34.32911261,-77.90766467,1,
34.35923635,-89.56369346,1,
36.4869668,-80.73903151,1,
34.94994781,-78.92674415,1,
35.35116334,-80.83894145,1,
36.20117802,-80.39225571,1,
36.14826727,-81.23905942,1,
35.29861894,-81.48627707,1,
35.71535644,-79.76700689,1,
32.25744015,-87.62581393,1,
32.57570689,-88.18174926,1,
31.87498272,-85.22568226,1,
34.24349627,-89.0168557,1,
32.76198909,-89.10152188,1,
34.89423221,-89.99347205,1,
31.56120726,-91.40456576,1,
31.92575109,-89.81952079,1,
32.32705032,-90.18132679,1,
33.46868049,-90.20901956,1,
31.32753896,-89.33628524,1,
33.76400805,-89.82108706,1,
30.42909688,-88.42777307,1,
34.31369998,-89.94053895,1,
31.96999389,-89.2648801,1,
34.6656836,-88.56430111,1,
32.71851096,-89.57144905,1,
34.20222168,-90.57067688,1,
33.74669801,-90.73311772,1,
33.79786962,-88.65836344,1,
34.90647788,-88.54801938,1,
31.59502264,-89.20368744,1,
33.54810703,-89.18248908,1,
34.27681684,-88.41526919,1,
32.97075482,-89.91527889,1,
32.43971422,-89.11234537,1,
32.82955468,-88.4872099,1,
34.62345129,-89.97077064,1,
31.60842632,-90.40944067,1,
30.73497565,-88.11281997,1,
33.10202552,-89.08443537,1,
34.43499289,-86.26817808,1,
34.60353907,-85.9307609,1,
33.99024429,-86.07955699,1,
34.14856842,-87.9536171,1,
33.16511338,-86.75682331,1,
32.32568318,-85.16054685,1,
32.96209404,-86.00681313,1,
33.16796803,-87.50150734,1,
32.41136765,-86.27054085,1,
32.14815081,-85.68676416,1,
33.53234464,-86.85340702,1,
35.1458498,-79.47045536,1,
33.45393703,-88.79419604,1,
34.69812966,-90.38078664,1,
31.67865846,-88.67308995,1,
31.69209294,-90.39938116,1,
33.47901255,-89.72050709,1,
32.84635475,-90.41196286,1,
30.85064839,-91.00637464,1,
31.88318206,-91.00590869,1,
34.74341582,-89.45352673,1,
25.84270666,-80.2509625,1,
35.56083844,-76.56605155,1,
36.39612733,-75.98429045,1,
30.77568041,-85.21830797,1,
30.53295441,-86.12708372,1,
29.23413673,-82.19035229,1,
34.00127803,-81.01605657,1,
30.18591671,-82.59693749,1,
30.53315295,-87.32851715,1,
30.0905312,-83.53689571,1,
31.49505829,-82.87079437,1,
32.1761178,-83.16270589,1,
31.84215583,-81.60012949,1,
32.5910643,-82.31922631,1,
32.92758107,-82.80270457,1,
35.84030521,-78.82580772,1,
37.03098033,-78.92540548,1,
36.70976524,-76.2634191,1,
36.06030422,-76.59944805,1,
35.50984252,-76.01334935,1,
35.27032127,-77.64340646,1,
36.04701024,-75.68197732,1,
35.08855161,-77.03409803,1,
31.4373347,-83.54852967,1,
35.49072772,-79.13547518,1,
33.92834724,-78.0735147,1,
35.367294,-79.87014665,1,
35.54303006,-77.40740844,1,
35.82223397,-78.31267123,1,
35.97114671,-77.92058991,1,
33.08593099,-82.04274175,1,
31.97277324,-83.78192084,1,
31.75550273,-84.79189647,1,
34.26549367,-85.15489311,1,
33.77616392,-84.3956076,1,
34.53369711,-83.97792675,1,
35.1883756,-84.88417964,1,
34.84699205,-82.36771462,1,
35.91093717,-84.11018123,1,
33.46349338,-82.49916448,1,
32.02483253,-81.10993209,1,
34.21689842,-79.78273267,1,
36.44399889,-84.93587517,1,
37.34110292,-85.34604064,1,
35.65323072,-88.37735791,1,
37.84559508,-87.59020615,1,
38.3246451,-82.93406673,1,
33.56165087,-81.71977116,1,
35.8886822,-76.23119359,1,
32.45490942,-83.73343309,1,
31.20776469,-82.36231688,1,
31.66136062,-84.27489637,1,
34.23667291,-84.49488039,1,
32.05146605,-84.78907162,1,
33.57502363,-85.09750599,1,
34.11630421,-82.87175935,1,
34.51491479,-78.52767656,1,
32.4733388,-84.98807895,1,
33.59798643,-83.85884926,1,
33.57625506,-83.18230397,1,
33.24834326,-84.26320541,1,
32.55681036,-84.23656615,1,
35.71727819,-81.33655366,1,
33.08105651,-83.22629463,1,
34.20240935,-83.45706216,1,
49.70006793,-124.9836702,1,
49.37867617,-121.4406599,1,
53.66803627,-115.9909311,1,
49.03220081,-123.0692321,1,
51.19104035,-114.4713768,1,
50.9638194,-114.0041401,1,
50.57055026,-127.0284379,1,
54.33435227,-114.7741678,1,
49.88475587,-119.4953811,1,
51.06407172,-114.0869604,1,
52.32970122,-109.9422992,1,
53.88940374,-119.1115656,1,
52.87900468,-118.081609,1,
52.12542847,-122.142998,1,
49.08858837,-116.5016885,1,
50.99900667,-118.2199692,1,
53.91284147,-122.7454725,1,
56.24945009,-120.8900158,1,
50.70033921,-119.2794621,1,
50.24127998,-119.2311727,1,
49.05216996,-122.3295193,1,
53.27760137,-110.0312282,1,
50.91101472,-97.21569321,1,
53.80252755,-113.6716261,1,
53.36211815,-104.0179989,1,
51.9630205,-102.6714194,1,
52.15338665,-106.6684615,1,
50.28373575,-107.7984374,1,
49.49925981,-119.5921826,1,
50.11248324,-120.7884516,1,
54.3127031,-130.3255334,1,
53.56694771,-113.6062185,1,
46.35806721,-62.25090964,1,
46.06109931,-62.60078901,1,
46.23273841,-63.133419,1,
44.8090685,-73.0825802,1,
43.8699093,-65.96306205,1,
44.26018375,-76.5091823,1,
48.46596131,-81.43194257,1,
45.62442354,-76.01234739,1,
43.13298857,-80.73892961,1,
45.62219266,-61.34155368,1,
43.89796727,-80.11219692,1,
43.43716919,-80.58042592,1,
48.58170865,-71.63183873,1,
43.17859302,-80.2384498,1,
42.89415078,-79.27155596,1,
42.95002419,-79.85895042,1,
43.90285986,-78.66455885,1,
41.60053134,-81.48828391,1,
41.45837543,-82.70663426,1,
41.3624662,-83.64989549,1,
44.36430273,-78.7762211,1,
44.37872945,-79.70971319,1,
44.61059767,-79.41282436,1,
42.08736576,-83.10856126,1,
44.68071741,-73.45397363,1,
42.81735475,-82.99745665,1,
43.42919539,-82.54872034,1,
44.8709403,-74.28815087,1,
42.26009144,-81.91542739,1,
42.66543898,-81.21280143,1,
42.71467603,-81.67887097,1,
42.92794621,-81.2477458,1,
48.89001594,-72.19139666,1,
46.16091357,-60.1886076,1,
44.15534727,-81.65434622,1,
46.15955973,-71.88246923,1,
46.13060679,-67.58221088,1,
44.99481099,-64.13702015,1,
44.69916288,-63.58183515,1,
45.26209276,-72.14036878,1,
45.76666442,-75.58486927,1,
45.50594567,-75.56413174,1,
46.05119094,-74.27285978,1,
46.39720444,-72.28363034,1,
47.00536618,-71.1909365,1,
45.26815942,-66.04951367,1,
45.88532085,-72.49515873,1,
44.69850749,-63.86388848,1,
42.17459225,-82.82325094,1,
45.29685638,-73.31175394,1,
45.56572639,-73.20337322,1,
46.32423849,-79.40910405,1,
42.86130497,-80.72897685,1,
46.54111685,-72.74521103,1,
43.32717468,-81.74270611,1,
44.88760071,-63.51478394,1,
45.48897831,-71.63585238,1,
46.99161628,-65.56746455,1,
45.60981718,-74.61298929,1,
45.41689904,-72.76276333,1,
45.56011156,-73.78582982,1,
46.29694446,-73.37496415,1,
45.88710841,-75.06255458,1,
46.40038226,-74.86487321,1,
46.1205471,-74.59430561,1,
44.78079041,-62.99810528,1,
48.8540192,-64.51068322,1,
48.43488806,-68.55827364,1,
47.83945529,-69.54100875,1,
48.42737171,-71.06165127,1,
48.56290641,-78.11153589,1,
48.25037747,-78.42551552,1,
47.7450029,-64.7102986,1,
45.97182796,-66.59905106,1,
48.00757011,-66.65723325,1,
48.101592,-77.78791809,1,
46.08190117,-64.83061728,1,
44.89347024,-73.83785401,1,
44.66509642,-75.03029398,1,
46.13113834,-70.69907181,1,
47.61858871,-65.64661879,1,
46.24639089,-72.58031028,1,
45.27175495,-73.6159324,1,
45.48787791,-77.67430687,1,
45.150856,-61.97378906,1,
46.84332074,-71.4352243,1,
46.53816141,-71.64163007,1,
46.62366047,-64.8256641,1,
46.47540179,-81.01530006,1,
46.0301656,-73.0954948,1,
42.27538421,-83.05263339,1,
45.50066324,-73.44624678,1,
45.70830364,-73.62148595,1,
45.63815114,-73.98409943,1,
45.32349192,-76.00812598,1,
43.84646912,-70.44689617,1,
40.34100729,-79.94611391,1,
41.27394116,-80.77108396,1,
42.32777585,-77.66126684,1,
40.2616186,-76.77182976,1,
40.68865132,-74.00127178,1,
43.46487249,-76.47880205,1,
43.14794077,-78.69240774,1,
40.84558566,-72.89509079,1,
41.93580879,-71.08589796,1,
42.86031973,-77.02137585,1,
41.92378651,-71.88970728,1,
42.38029891,-76.86409556,1,
42.09588329,-76.01401577,1,
41.49676242,-74.07486243,1,
41.66763477,-74.67985768,1,
43.0606672,-76.05920114,1,
42.69429196,-73.84691595,1,
44.45345118,-73.13290006,1,
43.2720084,-77.6434457,1,
42.06442037,-71.24913611,1,
44.91349025,-72.79793907,1,
40.30315563,-74.37578362,1,
44.89347024,-73.83785401,1,
42.93998811,-78.88455797,1,
41.74187209,-70.61749471,1,
40.07001804,-74.53704342,1,
43.4641668,-71.55885415,1,
42.74726099,-71.48931846,1,
42.30004802,-71.44190644,1,
40.50161261,-74.90111547,1,
43.17640847,-79.24033258,1,
42.89415075,-79.27155593,1,
40.0383017,-74.95920623,1,
39.76032954,-75.52016564,1,
40.7311245,-74.03757186,1,
43.24295397,-78.1948473,1,
40.18286877,-80.22064887,1,
42.73990073,-78.13300651,1,
40.02576263,-79.89834541,1,
42.45299684,-73.20116775,1,
42.65184578,-70.61001633,1,
39.76945113,-76.18001057,1,
42.21010988,-70.99386552,1,
38.81685805,-76.7519261,1,
41.95128665,-70.71127495,1,
39.53848503,-76.33277572,1,
37.81566518,-79.8238593,1,
43.04294935,-70.77475694,1,
36.97774501,-82.57987056,1,
43.05780183,-71.4471201,1,
38.37066756,-81.66319957,1,
38.9744651,-76.52219028,1,
44.67471511,-70.13181718,1,
40.31336071,-75.1357587,1,
40.0796637,-80.89706417,1,
45.02636324,-69.29696757,1,
39.88210923,-83.09278665,1,
45.46367621,-69.59358276,1,
39.28699571,-80.96733718,1,
44.70985567,-67.45826507,1,
42.07830031,-80.09070273,1,
45.36365432,-68.50739287,1,
46.67077221,-68.01678541,1,
42.08736578,-83.10856123,1,
44.45422015,-69.0970803,1,
41.04618989,-85.0803012,1,
44.21838783,-70.51308536,1,
39.21450612,-84.67549876,1,
41.80043579,-72.8366065,1,
41.29766663,-72.91222107,1,
39.27031441,-76.50209618,1,
40.39945785,-79.58957137,1,
42.27515434,-78.66814357,1,
40.05141866,-79.07058442,1,
44.39503814,-68.22168857,1,
39.60932211,-75.95202397,1,
41.77622728,-70.0074505,1,
36.70976524,-76.2634191,1,
42.37227647,-72.50058078,1,
37.16178495,-80.43309582,1,
43.59366804,-70.22823854,1,
42.12204195,-72.74938902,1,
40.03689327,-75.51320154,1,
38.03995548,-78.47864156,1,
38.05017394,-77.34754826,1,
38.47247028,-78.01004071,1,
40.80085334,-75.08125847,1,
41.05879907,-74.75261929,1,
41.93687898,-71.4606728,1,
38.9467584,-83.41645479,1,
41.58810754,-71.43036535,1,
39.94121786,-82.00851417,1,
42.48349054,-71.15823536,1,
39.62888694,-84.1415996,1,
44.66166137,-75.02543311,1,
41.07447435,-73.51771041,1,
41.33580031,-72.11554459,1,
38.31118866,-76.63305497,1,
42.25191336,-71.80506291,1,
38.2194263,-75.34049522,1,
40.54051164,-74.46781521,1,
38.98033806,-80.2197318,1,
40.21960744,-85.4327693,1,
41.08228361,-73.8178127,1,
39.6877926,-111.8360334,1,
40.46178483,-106.8236255,1,
32.11663322,-103.2012722,1,
43.54815796,-113.0090668,1,
44.17418871,-112.2358567,1,
32.26634815,-107.757887,1,
43.74611146,-111.1102561,1,
34.54772753,-112.4584253,1,
35.6072099,-106.0048861,1,
33.30997734,-104.5265649,1,
32.34853912,-108.7040441,1,
43.50099189,-110.8493597,1,
33.44307792,-110.8331098,1,
32.70482226,-103.1269131,1,
43.20543972,-116.7501117,1,
35.17434283,-103.7153498,1,
33.62992368,-112.3690024,1,
33.97002566,-112.7328773,1,
31.9453439,-110.3346852,1,
32.80211554,-109.7110012,1,
36.54158248,-114.4482771,1,
39.93738247,-120.2843988,1,
38.76016282,-119.7648217,1,
39.52858349,-119.7018786,1,
33.17562712,-111.5844821,1,
35.31125015,-106.6848648,1,
33.43734486,-112.5610228,1,
38.39326228,-113.0114438,1,
61.1871364,-149.8948453,1,
38.57500276,-109.5522787,1,
44.00918344,-116.9161138,1,
43.82035537,-111.7835352,1,
42.87293454,-112.4493728,1,
38.93169068,-105.19042,1,
41.30876047,-105.5532246,1,
41.1584517,-105.0763006,1,
40.39020026,-104.7244488,1,
39.36195256,-104.6001536,1,
39.59238422,-104.8804325,1,
40.07860006,-104.8071486,1,
43.13760109,-115.6696375,1,
43.40947168,-111.2966863,1,
40.06405257,-105.2044232,1,
37.98263173,-103.5414134,1,
61.42658421,-150.0792283,1,
61.18732733,-149.8949507,1,
64.8584124,-147.7215263,1,
55.21716892,-118.7975507,1,
37.40466659,-102.6160144,1,
40.75148818,-104.9947764,1,
46.85260773,-114.0272819,1,
45.90329653,-108.3121137,1,
43.49376227,-112.0522775,1,
48.42459742,-98.07091969,1,
43.50506063,-96.68288332,1,
42.02442002,-87.96686881,1,
41.9359267,-85.0217547,1,
42.40898833,-86.2687625,1,
45.46349295,-98.48557062,1,
43.03678059,-85.66313942,1,
44.38657126,-97.55011464,1,
42.74120518,-84.51276042,1,
47.46634307,-99.11866443,1,
44.35374336,-100.3759877,1,
41.78124308,-99.13502049,1,
44.6820587,-91.13828601,1,
43.46182301,-89.76484205,1,
43.78508943,-99.31185938,1,
42.65910035,-88.25959561,1,
42.06966958,-88.29849865,1,
41.45092637,-96.53760313,1,
42.7220158,-87.78027113,1,
41.95104731,-88.71934922,1,
40.67819227,-96.18185583,1,
43.08227704,-98.25588786,1,
42.37982325,-87.91019655,1,
42.87197561,-88.01341886,1,
44.52067754,-99.74366891,1,
44.29843521,-90.83836103,1,
41.71307325,-97.06165359,1,
42.0841417,-87.71569078,1,
44.56181291,-92.53405416,1,
41.65784048,-85.42466323,1,
41.671314,-86.32099354,1,
47.57440058,-95.74915284,1,
45.10015664,-83.45522044,1,
41.26373964,-96.14420689,1,
45.02097972,-84.67160387,1,
47.90354659,-97.04148756,1,
45.39149755,-94.70228809,1,
39.74961083,-89.64550457,1,
44.85233865,-85.85794373,1,
41.54831412,-89.12018057,1,
47.44032056,-98.13590428,1,
40.94300336,-90.37533115,1,
40.40366458,-91.11653597,1,
44.27787998,-92.97431688,1,
41.92066164,-91.43038869,1,
40.28045447,-86.05211023,1,
40.96224027,-87.15282992,1,
43.02541935,-83.65409965,1,
42.96029872,-82.34266359,1,
39.74295323,-91.51711334,1,
40.99219686,-85.78344602,1,
40.74006107,-86.353574,1,
40.14093627,-95.23724631,1,
33.24868181,-100.5733722,1,
30.88661263,-102.8787739,1,
30.34583451,-95.08873453,1,
31.41464235,-103.5007565,1,
30.48858694,-99.76502159,1,
29.4359721,-98.48892647,1,
32.28819064,-97.41212964,1,
29.13706575,-98.16307698,1,
30.20883649,-97.70663652,1,
29.27419394,-97.75127526,1,
29.70301954,-97.10511088,1,
36.90525166,-94.88025325,1,
36.41295576,-99.38461703,1,
32.21737127,-98.20329901,1,
29.97788662,-92.1071733,1,
31.28012881,-94.73276913,1,
29.79161427,-91.50091294,1,
29.57905414,-90.71096799,1,
30.39606423,-91.10718182,1,
30.09139501,-93.73602363,1,
36.57587312,-94.77145521,1,
28.09127781,-97.82521777,1,
35.46353581,-97.62327908,1,
36.70523384,-101.4883935,1,
35.38671499,-96.92083314,1,
30.48770986,-98.10007031,1,
36.2617312,-95.32969888,1,
30.73749564,-96.56533003,1,
36.74132847,-97.07099084,1,
29.71993613,-95.55120847,1,
30.3062704,-98.90560895,1,
30.77325503,-98.40592401,1,
27.57332332,-99.47159185,1,
32.20640339,-95.83543095,1,
31.91812801,-94.68215195,1,
31.89642002,-102.3317428,1,
33.95027039,-98.52955395,1,
33.54057158,-97.83797689,1,
33.645772,-97.1368441,1,
33.75877327,-96.58670605,1,
33.59604739,-96.19433438,1,
33.22765288,-97.59744695,1,
29.26552162,-94.83250721,1,
27.4890668,-97.85280728,1,
26.36628884,-98.79525131,1,
28.54317281,-99.84844572,1,
29.08965104,-97.27097308,1,
30.64568947,-97.69143072,1,
28.93724861,-98.51297171,1,
29.23588702,-99.75386017,1,
29.34384182,-99.12593606,1,
31.86208397,-106.587177,1,
31.25038014,-92.43360558,1,
29.56074485,-104.3778459,1,
34.1638531,-99.31060667,1,
33.43837709,-94.00188115,1,
33.15524076,-94.97490209,1,
33.11419527,-96.10899706,1,
31.25758823,-95.97859793,1,
33.13889728,-95.59707958,1,
31.72566426,-96.15883633,1,
30.09444099,-96.05981362,1,
40.25127915,-105.8335843,1,
30.24776172,-81.60435637,1,
38.05260456,-84.7298436,1,
32.85124272,-84.61131265,1,
36.29256589,-88.33087392,1,
37.77984421,-86.45957992,1,
36.01817806,-86.60615857,1,
36.16949633,-86.82521943,1,
35.90098086,-86.87964578,1,
32.92506284,-83.71042469,1,
36.03661639,-89.39219088,1,
38.05764913,-83.94066537,1,
36.98908067,-86.46403885,1,
37.0984022,-88.62457661,1,
35.07150029,-90.01262542,1,
35.83933992,-90.70430732,1,
28.57096794,-81.42364864,1,
34.88693614,-91.19617263,1,
34.31543714,-83.81669829,1,
34.51143157,-83.52372168,1,
34.86367365,-84.32531785,1,
31.17158403,-84.73521622,1,
31.15956773,-81.49521044,1,
34.20655315,-84.13828399,1,
35.53647879,-86.45083342,1,
30.84729129,-83.28925773,1,
28.4406881,-81.09254887,1,
36.08920376,-87.38657383,1,
32.46062702,-81.80002748,1,
31.20205239,-83.77096744,1,
48.77711238,-123.6854065,1,
49.73329576,-114.8858651,1,
50.67306632,-120.378821,1,
49.70623788,-112.8352785,1,
52.27121713,-113.8170764,1,
56.46709511,-111.1934388,1,
49.18392716,-123.9532252,1,
49.91606178,-97.21051207,1,
51.06027911,-99.5237014,1,
49.84951555,-100.9292487,1,
50.45418073,-104.6018265,1,
50.02185009,-110.6973424,1,
49.60221825,-119.6816938,1,
46.09901853,-76.04685708,1,
48.63791112,-72.44133904,1,
45.61720732,-62.01056493,1,
45.37875382,-63.23359862,1,
43.86398269,-79.71757193,1,
48.95418364,-54.61015566,1,
46.66677901,-72.02777612,1,
42.06204939,-82.59973057,1,
44.15458285,-77.430453,1,
42.28753736,-82.75043079,1,
43.76697557,-79.14792825,1,
45.41499783,-63.78134669,1,
43.70129284,-79.60715155,1,
43.21419262,-79.71003404,1,
46.10621348,-71.30170192,1,
44.168611,-80.39380901,1,
48.39054123,-77.24069052,1,
45.51277508,-61.02661405,1,
44.14385101,-81.01662071,1,
46.11345384,-60.77535213,1,
46.62450055,-61.01407433,1,
43.5458394,-80.24787413,1,
45.92698195,-60.00069041,1,
44.59998598,-64.32143653,1,
42.23355639,-83.74237054,1,
45.34091953,-64.78766121,1,
42.60748024,-83.34019108,1,
43.67169111,-79.76889992,1,
45.40515372,-64.32845425,1,
43.98292761,-78.16917875,1,
45.05222265,-63.1336785,1,
44.64879997,-77.12110443,1,
45.18192543,-63.71762879,1,
44.91699313,-76.02059523,1,
40.74147379,-74.17770163,1,
38.37117218,-75.52366847,1,
37.26576246,-81.23900937,1,
39.67673603,-75.74300795,1,
39.06023249,-77.46222066,1,
38.79575916,-77.60131209,1,
37.26663729,-76.02286677,1,
39.12015162,-78.20072468,1,
38.42608344,-78.88938179,1,
38.53232312,-76.78453448,1,
42.25232217,-73.75754451,1,
42.66745458,-74.48637425,1,
39.96173219,-76.73049482,1,
40.92335802,-72.71404465,1,
39.10066585,-74.8028956,1,
40.25762866,-74.79668648,1,
42.2262019,-84.39001597,1,
44.29609339,-69.74543601,1,
41.9359267,-85.0217547,1,
40.58079814,-77.61214079,1,
40.57892354,-73.9826273,1,
40.8319802,-77.80895326,1,
40.92624724,-73.86912162,1,
41.39286982,-73.44306964,1,
40.80629654,-73.21844542,1,
41.29517471,-73.91930519,1,
41.16251299,-81.85855089,1,
40.70641183,-73.66622819,1,
41.622634,-80.21300648,1,
40.92490367,-74.27606475,1,
41.88362879,-80.75081592,1,
40.73961308,-114.0797986,1,
34.78692854,-112.0906072,1,
43.90734942,-113.6027683,1,
35.19711249,-111.6346758,1,
32.94728089,-112.7147887,1,
43.19259925,-112.3540835,1,
33.38031301,-111.8479944,1,
43.90863272,-116.201949,1,
31.03973344,-104.8288835,1,
34.24377482,-111.325595,1,
35.47275645,-115.5439364,1,
36.44849142,-116.4636814,1,
36.08351121,-115.184896,1,
33.49905384,-112.0472416,1,
32.87989416,-111.7280036,1,
32.21383444,-110.9435826,1,
32.59597277,-110.6244784,1,
31.96043163,-110.7711378,1,
32.56830051,-111.3436926,1,
32.50134727,-110.9268244,1,
34.64303818,-106.7760367,1,
35.01753747,-106.5976724,1,
34.99207897,-106.0431545,1,
32.37588757,-104.2280167,1,
35.53312945,-114.3592197,1,
34.87927368,-114.1469782,1,
33.02841061,-112.0555275,1,
31.73002857,-111.0713477,1,
35.25436974,-114.2542534,1,
34.8522332,-114.5950906,1,
35.1074901,-114.6049729,1,
34.50832359,-114.3471201,1,
33.6656442,-114.2272997,1,
35.27565454,-116.0734562,1,
32.2562783,-109.8309683,1,
39.79556086,-119.3056278,1,
36.80296912,-114.0704562,1,
35.9728258,-114.8535771,1,
31.74851547,-106.3162434,1,
36.12844962,-111.2391951,1,
35.32918513,-112.8856779,1,
33.82174805,-113.5419624,1,
32.08554275,-111.2923203,1,
33.6088333,-114.6101362,1,
31.34528018,-109.5533832,1,
34.14521547,-114.2917681,1,
33.49163394,-112.8736381,1,
33.4146171,-111.556636,1,
33.8324099,-111.943773,1,
33.45346317,-112.3543417,1,
32.68367528,-114.6421863,1,
39.03840526,-104.2977154,1,
39.47461319,-118.7980895,1,
39.18081676,-119.7652819,1,
39.33550629,-120.1699316,1,
39.52968395,-106.0476795,1,
40.61996166,-103.2262752,1,
39.91715783,-105.7861091,1,
45.19206805,-113.8969185,1,
42.42344388,-112.1256951,1,
42.94443093,-112.8393719,1,
35.08166205,-114.5940815,1,
34.5708476,-114.3680793,1,
32.91707942,-105.927669,1,
32.28002039,-106.7550479,1,
46.40892757,-117.0261593,1,
35.03994831,-107.3723249,1,
47.74156112,-116.7965254,1,
40.70960133,-111.9778925,1,
41.22341767,-111.9695488,1,
40.53374243,-112.298833,1,
42.53640479,-114.4475735,1,
39.08441695,-108.4603134,1,
38.76517298,-102.7918413,1,
38.68252902,-104.7001005,1,
41.18796767,-104.3531542,1,
38.43824417,-105.2447503,1,
37.24812132,-107.8676662,1,
39.26945088,-103.7159717,1,
48.2260272,-114.3056002,1,
43.70568524,-116.7011358,1,
48.19244393,-106.6209202,1,
53.1872937,-114.3203539,1,
41.73694219,-111.8366652,1,
46.44695223,-105.7968413,1,
41.11759106,-104.8100803,1,
43.85302963,-88.85558764,1,
43.67641609,-90.31437315,1,
43.17757721,-89.24515829,1,
43.90111689,-91.09079965,1,
43.61973069,-90.87879728,1,
44.57805515,-90.45558331,1,
44.24880177,-91.47438864,1,
45.31023769,-90.95874752,1,
39.61048949,-97.66231555,1,
39.84191194,-96.05536514,1,
44.02434483,-88.02416494,1,
44.44205466,-87.78713391,1,
45.16234083,-89.1526492,1,
45.10399037,-88.02232595,1,
44.79998641,-90.06854677,1,
46.46089538,-95.1860818,1,
44.5202918,-89.44365454,1,
44.73952682,-93.12533832,1,
45.34262695,-92.66117515,1,
45.42738673,-91.7357789,1,
44.92179641,-91.9277916,1,
39.85116474,-95.55965249,1,
39.84051335,-96.72070992,1,
43.88354516,-89.48124246,1,
45.50345333,-93.23652627,1,
45.97081045,-94.32284452,1,
46.53360609,-93.72886261,1,
43.7192435,-96.51370385,1,
46.03543754,-99.35920326,1,
45.05393269,-87.13731834,1,
43.74742163,-87.73477834,1,
42.34854562,-95.4992153,1,
41.48662683,-91.69394332,1,
42.47705992,-96.24245303,1,
41.54913335,-95.91415345,1,
42.02869167,-96.0952662,1,
41.71340759,-92.72552919,1,
41.34711731,-92.2116045,1,
41.99437441,-92.20331289,1,
42.09377807,-94.87771063,1,
43.1490018,-93.29921664,1,
42.98227104,-95.6691763,1,
42.70997877,-92.47654694,1,
41.11969691,-91.44452362,1,
42.96427509,-94.44057391,1,
40.70939151,-94.23342285,1,
41.35791597,-93.55913579,1,
41.83394588,-94.03488518,1,
42.01049272,-93.47725344,1,
41.34299063,-94.00113731,1,
41.03596048,-95.82474006,1,
41.28365962,-92.62512896,1,
40.69739922,-92.868736,1,
42.00901025,-92.90976926,1,
41.49732039,-94.64971375,1,
41.45985652,-95.33608024,1,
40.73084068,-95.02884557,1,
40.5996849,-95.66640021,1,
41.02700456,-95.22944309,1,
41.73035712,-94.93844417,1,
40.74000973,-93.73956878,1,
45.79399553,-97.75209188,1,
42.26725565,-94.17246644,1,
42.99893465,-91.65669746,1,
44.62417486,-93.74704364,1,
45.5640923,-95.88904201,1,
44.06385733,-93.27368514,1,
44.31892002,-94.45697553,1,
44.24391353,-94.98045424,1,
43.82163429,-94.4291182,1,
43.76015071,-93.20856505,1,
44.00976803,-96.28746438,1,
43.6246325,-95.59813537,1,
45.81096784,-96.49111593,1,
45.2042212,-93.55544179,1,
39.21117085,-85.92222263,1,
42.81735474,-82.99745666,1,
43.42919539,-82.54872035,1,
29.28926097,-95.74040427,1,
37.5510857,-99.63507467,1,
38.4532856,-99.89472018,1,
29.80576102,-94.3714652,1,
37.1445363,-98.03043738,1,
37.26555103,-97.39707121,1,
38.53196444,-99.30545427,1,
37.91119615,-99.40604524,1,
37.27357587,-99.3275946,1,
38.40405396,-96.17841403,1,
29.89751235,-95.29737388,1,
37.24071458,-97.02437624,1,
28.83420942,-96.95836915,1,
37.55863496,-97.3448755,1,
39.07801872,-93.74008219,1,
39.38517014,-93.48617105,1,
40.01373745,-92.20824598,1,
40.37947787,-93.33536379,1,
40.26501747,-94.02288348,1,
40.29900737,-94.87701915,1,
39.17901186,-96.57370537,1,
29.32875278,-96.09204362,1,
38.96223086,-95.24256437,1,
29.82341511,-98.75551693,1,
38.19579834,-95.73807058,1,
37.81475386,-96.89780891,1,
29.54250917,-95.82853177,1,
37.75541376,-97.26309294,1,
31.74318111,-98.94511699,1,
40.14093627,-95.23724631,1,
32.3982499,-98.98289519,1,
38.97125641,-97.01996459,1,
37.69067817,-98.74098164,1,
38.06702158,-99.89760507,1,
38.47950156,-100.4684155,1,
29.01360005,-95.40365346,1,
39.0176894,-99.86811863,1,
29.40308172,-95.2420202,1,
38.79993337,-97.63687749,1,
30.85064839,-91.00637464,1,
38.87261203,-94.17240229,1,
38.84497758,-94.81465471,1,
32.87858601,-97.04219035,1,
29.64432951,-89.92848404,1,
31.43931734,-97.40633618,1,
29.8548847,-89.98744092,1,
32.74836249,-96.47187979,1,
30.81531221,-92.66000595,1,
32.91136246,-97.05949924,1,
30.2223598,-92.65838249,1,
29.40443207,-90.27409692,1,
31.95213293,-102.141267,1,
33.52039294,-101.8783663,1,
32.74075578,-101.9530276,1,
32.70973432,-100.9112729,1,
30.23360551,-93.13107649,1,
32.28539497,-101.4981642,1,
31.46508991,-100.4399943,1,
31.83674484,-100.987632,1,
29.33678259,-89.40637187,1,
29.93447576,-91.01636999,1,
30.07008361,-90.49613678,1,
27.83184963,-97.06081185,1,
30.429336,-89.89812529,1,
33.64187537,-95.53235939,1,
34.66873061,-92.38770934,1,
32.65493647,-96.71890412,1,
34.11341554,-93.05455034,1,
31.29115283,-105.853715,1,
30.00845327,-97.12548833,1,
30.3379842,-97.37656511,1,
32.61478069,-93.2864889,1,
31.76215381,-93.08815282,1,
29.91446384,-93.94497924,1,
29.88476788,-97.92906375,1,
31.51610862,-96.5154142,1,
35.75388152,-96.65601808,1,
32.47457572,-100.3993817,1,
36.0471063,-96.08718553,1,
36.11781874,-96.97816038,1,
35.90641676,-92.63348932,1,
25.98088525,-97.48272692,1,
29.7321043,-97.66073107,1,
35.11363244,-92.5056818,1,
35.28139509,-95.58487462,1,
31.97323198,-94.00323404,1,
34.77515926,-96.66432955,1,
36.75874002,-98.35762333,1,
30.28157149,-98.40232938,1,
33.20714168,-92.6686397,1,
48.4412492,-123.3720839,1,
43.37838102,-72.32978131,1,
42.92416198,-72.28588547,1,
39.73405075,-75.61796619,1,
49.69188289,-83.68140853,1,
49.70693077,-86.95410135,1,
51.47449167,-90.16493452,1,
41.84929428,-90.15457257,1,
32.97732402,-111.5175387,1,
42.94856959,-81.88017256,1,
45.38687768,-61.50361091,1,
40.26780432,-103.8254326,1,
27.29144541,-82.44996426,1,
32.20171485,-82.36147112,1,
36.19256756,-86.29068324,1,
35.85089543,-86.42868967,1,
35.03972201,-85.68144078,1,
35.2339479,-85.19994714,1,
35.0158212,-85.37752484,1,
34.74582098,-85.27392044,1,
34.76271359,-84.96826244,1,
34.20365361,-84.78725536,1,
34.8591422,-83.40395761,1,
33.6999306,-84.16759306,1,
34.01329355,-85.02954395,1,
33.73179489,-84.75614696,1,
36.48446291,-86.88828056,1,
29.73637725,-84.89685899,1,
27.51384601,-81.49742432,1,
26.05634409,-81.69683161,1,
32.81383382,-79.84438409,1,
33.70221124,-78.91159633,1,
28.34090929,-82.69534272,1,
29.50175016,-82.86707892,1,
36.30066254,-82.37073949,1,
26.93230921,-80.12897567,1,
29.25947463,-81.11531926,1,
28.07655881,-80.69555742,1,
33.39356677,-84.74279636,1,
33.06074694,-85.03138531,1,
25.45827049,-80.47249019,1,
24.66909094,-81.35881224,1,
32.93535563,-80.69003195,1,
36.8630176,-87.48131126,1,
36.60719594,-83.71685542,1,
42.96029866,-82.34266361,1,
44.77698373,-63.20543815,1,
43.61566084,-79.38327166,1,
44.81649636,-63.61675568,1,
45.3324225,-61.02888733,1,
44.37300567,-65.03309668,1,
44.56210224,-63.73203707,1,
44.03911811,-79.45502776,1,
45.85472177,-63.65783366,1,
43.17640842,-79.24033258,1,
45.56673198,-62.63421613,1,
43.58037213,-65.61544411,1,
45.8318931,-64.18804876,1,
43.74333297,-81.71378719,1,
43.36759579,-80.2719312,1,
46.06139875,-61.40765425,1,
46.82477855,-60.35857774,1,
43.4676941,-81.19604734,1,
44.11024291,-78.9575837,1,
44.62066815,-65.75981341,1,
45.05925066,-64.63102813,1,
44.32083345,-64.56063621,1,
44.03260124,-64.70626932,1,
42.7174065,-78.84646479,1,
44.22561454,-66.13169955,1,
43.7715255,-65.30155503,1,
44.90608298,-75.16463542,1,
44.30876327,-75.44935811,1,
46.40449859,-81.17736348,1,
46.80666882,-64.14749134,1,
46.25164021,-63.68569851,1,
46.45723496,-63.32803395,1,
46.41168786,-62.70801407,1,
45.41421581,-74.0254965,1,
45.26783497,-75.30436834,1,
46.57714112,-80.81073964,1,
47.36327038,-68.3256418,1,
44.29127294,-77.80488633,1,
44.42934903,-78.26918827,1,
46.55622284,-66.11151768,1,
42.84482926,-80.31747552,1,
45.7354493,-65.48957974,1,
45.47828568,-76.70143652,1,
45.0259137,-74.73391219,1,
43.46870267,-79.67998643,1,
45.04659732,-78.50851181,1,
46.47618667,-71.02813832,1,
46.63232987,-81.39673655,1,
44.59289217,-75.68821435,1,
44.56985006,-80.94143148,1,
46.67538419,-71.17005645,1,
45.82374491,-77.12311938,1,
44.88446695,-65.16831022,1,
42.40652603,-82.19814212,1,
47.49803107,-67.39410291,1,
47.84454656,-83.40445708,1,
48.61080147,-93.39895438,1,
49.75966825,-94.47018499,1,
49.41853486,-91.66216267,1,
45.71161394,-63.30055185,1,
48.39273309,-89.23851167,1,
46.31725217,-78.7028013,1,
48.59496706,-85.2786768,1,
46.04324924,-73.70770675,1,
46.52228708,-84.27418252,1,
43.75553687,-80.67114045,1,
46.70513669,-80.92075868,1,
42.62345519,-80.44969901,1,
42.93998814,-78.88455794,1,
45.04144362,-79.31962907,1,
45.34534217,-80.03474842,1,
44.95097198,-72.16020099,1,
44.11693349,-70.23778905,1,
43.9765997,-75.95995758,1,
36.68968185,-82.02410893,1,
43.17778578,-75.48718944,1,
36.99580437,-79.88950124,1,
39.40627677,-78.1484028,1,
43.47010534,-76.23191278,1,
38.94605795,-77.09790287,1,
36.78873234,-75.95953601,1,
44.02823841,-75.92109681,1,
41.18999688,-75.43114051,1,
38.32634447,-75.08793644,1,
42.71740651,-78.84646478,1,
37.98181394,-75.8572343,1,
36.82515374,-77.26163116,1,
43.01841647,-74.99585662,1,
37.5683729,-78.54000736,1,
36.81650291,-77.79106845,1,
44.8709403,-74.28815086,1,
44.30876326,-75.44935809,1,
39.99925416,-76.35021886,1,
39.95278426,-74.19349824,1,
39.63382039,-74.80388182,1,
37.19515157,-78.20962708,1,
36.97624506,-76.99237746,1,
37.89491007,-76.88110486,1,
38.6102709,-75.20286514,1,
37.03098033,-78.92540548,1,
39.18674451,-75.53880859,1,
37.70088213,-77.4470552,1,
39.42270228,-75.20590204,1,
39.22922637,-76.04959,1,
38.55821867,-75.98687928,1,
39.88851178,-74.7453086,1,
41.17523298,-73.19584327,1,
40.89956811,-80.81671932,1,
41.63775537,-71.95080812,1,
41.5437098,-73.04907432,1,
41.4039949,-71.74939913,1,
41.3487351,-79.71903306,1,
41.27357776,-72.48994857,1,
41.16789953,-80.11400045,1,
41.57767008,-72.6718046,1,
40.64608617,-79.71344866,1,
44.0218089,-71.12198773,1,
40.62265243,-79.94692312,1,
43.44765431,-70.7707943,1,
40.44688085,-80.17721028,1,
42.57390684,-71.79255818,1,
39.64577,-79.99768019,1,
43.61730967,-116.3431972,1,
41.87887377,-103.6791038,1,
40.91294681,-111.3988294,1,
40.98028624,-111.9068547,1,
42.85150595,-106.2658695,1,
44.78018338,-106.9400315,1,
37.13814654,-104.5235677,1,
44.51838906,-109.0878859,1,
47.52642064,-111.2977496,1,
48.55411818,-109.7373231,1,
37.12607896,-113.5190114,1,
39.59700686,-110.7882786,1,
39.52268422,-107.3198079,1,
41.58049356,-109.252156,1,
43.04357993,-108.3781099,1,
41.78458788,-107.2257747,1,
44.27380093,-105.4984378,1,
43.68698595,-114.3690996,1,
43.58225691,-116.5700246,1,
44.08165871,-111.4549066,1,
48.55910519,-113.015591,1,
37.63211784,-104.7915612,1,
38.27169421,-104.6141546,1,
40.25127436,-105.833569,1,
40.50594786,-111.4121809,1,
39.53983479,-105.2978892,1,
38.96006404,-104.7808553,1,
39.7077658,-104.2176288,1,
40.40186321,-105.1047221,1,
40.63912927,-104.3321108,1,
54.33435213,-114.7741678,1,
53.6680361,-115.9909309,1,
41.76218485,-104.8208448,1,
40.26779924,-103.8254177,1,
45.9378327,-112.5100302,1,
37.6858211,-113.0613982,1,
39.80319396,-105.0877767,1,
40.14436378,-111.595592,1,
49.73329565,-114.8858647,1,
53.70615841,-113.1893399,1,
32.80590995,-117.1160429,1,
34.13594833,-116.0520189,1,
35.71125242,-121.0607439,1,
38.25987375,-122.607438,1,
38.31366361,-123.0688757,1,
33.44576206,-118.4829962,1,
35.27565478,-116.0734565,1,
33.60883356,-114.6101362,1,
34.8944643,-117.050001,1,
41.83081275,-122.4204407,1,
41.71156691,-121.506923,1,
33.197793,-117.3780743,1,
34.12840697,-117.8270177,1,
34.1592983,-118.8327415,1,
40.62532998,-122.373861,1,
41.80708003,-123.3600346,1,
33.23746167,-115.5172042,1,
37.39493645,-122.150442,1,
35.72916346,-120.2278807,1,
36.41717755,-120.9814685,1,
39.93738325,-120.2843996,1,
38.7601638,-119.7648228,1,
39.79556154,-119.3056285,1,
34.15755946,-115.1450869,1,
36.85481223,-120.7790077,1,
38.77781534,-122.5757802,1,
42.14337902,-121.8086306,1,
42.37988458,-122.8844586,1,
40.30961649,-121.22909,1,
39.33550732,-120.1699328,1,
37.7694404,-120.8377824,1,
37.4699524,-121.9247991,1,
32.97599496,-116.3485256,1,
35.4727566,-115.5439366,1,
37.74879205,-122.4004425,1,
36.0079736,-119.9673982,1,
33.94066211,-118.0803586,1,
37.43032514,-121.0677721,1,
39.49631065,-121.6097586,1,
36.65084631,-120.249029,1,
38.3811026,-121.3650728,1,
32.62458762,-116.4753352,1,
37.09832612,-120.7016539,1,
39.14533263,-121.6426255,1,
38.79037812,-121.3125847,1,
37.50616769,-122.4903335,1,
36.95895879,-122.0546058,1,
32.57482917,-117.126541,1,
38.24907814,-122.0678989,1,
37.69556762,-121.9016032,1,
34.01771026,-118.47168,1,
37.71417528,-122.2220707,1,
35.35073132,-118.9687648,1,
36.40027916,-119.1038226,1,
35.49996613,-119.5459766,1,
35.14918582,-119.4598145,1,
35.60266478,-118.4873182,1,
35.09979911,-117.9892429,1,
34.80605459,-118.87157,1,
21.42480448,-157.9992227,1,
36.42399429,-120.1019695,1,
38.44067376,-122.7469926,1,
39.71414092,-121.8052763,1,
36.81444515,-119.7474562,1,
35.75937494,-119.2438283,1,
36.32343461,-119.6227568,1,
39.52156025,-122.2156893,1,
34.88856712,-119.815345,1,
39.52858426,-119.7018795,1,
40.37907014,-120.465549,1,
39.1341215,-123.1965119,1,
37.97143185,-120.3648599,1,
32.67517511,-117.1000214,1,
33.8565898,-117.8605386,1,
32.58940768,-117.1104233,1,
33.55575638,-116.6720441,1,
41.77518136,-124.1907782,1,
34.64251649,-120.44716,1,
34.14876254,-118.0934138,1,
34.21673768,-118.4783738,1,
33.25689915,-116.3780239,1,
41.01810487,-121.4315552,1,
33.14063878,-117.1435642,1,
36.22402548,-121.1178302,1,
36.57961912,-121.8202355,1,
32.63023843,-116.9677477,1,
32.96179427,-115.5453183,1,
41.69920948,-122.6440329,1,
20.89087214,-156.656122,1,
38.63499661,-121.5065457,1,
38.47235001,-121.8208018,1,
37.96371085,-121.7627535,1,
37.98012033,-122.3280048,1,
32.95839431,-117.0372587,1,
37.75147908,-121.4729977,1,
33.55243614,-117.1919795,1,
33.04265825,-116.8666516,1,
34.92056892,-120.4188651,1,
35.12845645,-118.4663893,1,
34.18806947,-118.3242814,1,
46.35659012,-98.30390958,1,
43.39019986,-87.88162039,1,
43.44454821,-88.85481238,1,
42.10715144,-96.70637807,1,
44.44544565,-95.77985293,1,
43.36629392,-90.38235825,1,
44.5338805,-98.98785598,1,
44.35391895,-89.04494692,1,
43.70881474,-98.02426656,1,
44.39007787,-89.84125921,1,
44.03497644,-90.07875401,1,
42.09502247,-89.81590197,1,
44.3246543,-96.74835032,1,
45.20004294,-96.6395081,1,
45.58251915,-94.09244567,1,
45.03510951,-92.85365328,1,
45.50471245,-100.03242,1,
44.37452917,-98.23912667,1,
42.5939389,-90.43136991,1,
42.59385323,-89.01601047,1,
43.98803174,-97.09257729,1,
41.60170984,-87.62109009,1,
41.50990806,-88.13512594,1,
42.28470198,-88.15562509,1,
43.38533587,-98.84387501,1,
42.2382205,-89.1118897,1,
43.35921277,-97.42157372,1,
43.01082075,-89.7201029,1,
40.78338489,-91.60265521,1,
47.66571819,-117.4205595,1,
43.98641245,-124.1112966,1,
46.61672068,-120.5511147,1,
47.23505092,-119.8378877,1,
47.56366236,-117.5946612,1,
47.2278807,-117.0675921,1,
46.95449306,-117.3324106,1,
46.08181622,-118.2822031,1,
45.51908404,-123.0252908,1,
45.49763989,-122.4158998,1,
46.98353899,-120.5469793,1,
43.74637666,-122.4852526,1,
44.67484497,-124.061133,1,
49.25138811,-123.000174,1,
41.83081256,-122.4204405,1,
41.71156675,-121.5069228,1,
46.40892769,-117.026159,1,
47.74156129,-116.796525,1,
41.31420371,-122.3143419,1,
45.6761241,-121.877343,1,
44.92271831,-120.9461366,1,
49.03220124,-123.0692309,1,
41.80707977,-123.3600345,1,
47.10583705,-122.2884476,1,
47.21878215,-122.7582972,1,
46.94871335,-122.6057169,1,
48.10039496,-119.7802805,1,
47.96780948,-124.4096959,1,
44.02717975,-116.9381518,1,
48.11142901,-123.3629165,1,
45.71179604,-121.5381623,1,
49.73329579,-114.8858644,1,
44.43484471,-121.9458173,1,
49.05217033,-122.3295184,1,
49.14657642,-122.0025559,1,
49.18392781,-123.9532239,1,
49.27858775,-122.7911001,1,
44.39765544,-122.7275728,1,
46.55466487,-122.2736584,1,
47.20331106,-121.9853478,1,
46.76175985,-119.9323339,1,
48.48070787,-123.3915478,1,
45.71855481,-120.2025249,1,
45.22695045,-120.1805778,1,
47.40436411,-120.2849553,1,
42.14337889,-121.8086305,1,
42.37988441,-122.8844585,1,
43.29838107,-123.3492032,1,
45.15448937,-122.6020193,1,
42.5798267,-121.8801122,1,
43.8119885,-120.603345,1,
45.36074017,-119.565154,1,
47.98149164,-122.2080732,1,
30.90877228,-94.01613864,1,
32.54332607,-95.85360238,1,
38.03128436,-97.90234968,1,
37.65054622,-98.09443451,1,
32.53433498,-94.77130366,1,
38.35990366,-97.01184784,1,
30.72070314,-95.55257915,1,
37.8517423,-96.28992503,1,
38.63730834,-95.83053909,1,
37.86012171,-100.3546394,1,
36.36393484,-94.31139108,1,
30.38161862,-96.06671834,1,
39.11574288,-94.92861974,1,
38.41042852,-94.3454083,1,
30.04537254,-94.89052893,1,
39.37133689,-94.36830768,1,
29.61695433,-98.12479479,1,
38.88933989,-94.52200349,1,
30.07303111,-99.2056814,1,
39.78244857,-93.09701653,1,
31.07386393,-97.35187849,1,
26.54619001,-98.12348918,1,
26.29795248,-98.16203462,1,
26.13092025,-98.25526361,1,
26.1897965,-97.68264978,1,
26.49544724,-97.77929002,1,
38.57297281,-94.87827376,1,
39.08971257,-95.70269998,1,
40.16878215,-95.94690239,1,
29.78583564,-95.94553231,1,
38.59243761,-98.41442633,1,
37.28511429,-100.3586061,1,
36.17274913,-94.11656779,1,
29.56346403,-94.3908546,1,
38.97489746,-92.49310912,1,
29.73093504,-93.89722468,1,
31.92332862,-97.65736993,1,
49.49403388,-117.2947742,1,
64.8584124,-147.7215263,1,
34.73468837,-76.81261031,1,
47.52309984,-92.58993432,1,
43.5413133,-96.65967691,1,
46.87982171,-98.72343817,1,
44.37960589,-100.3112538,1,
46.59338072,-111.9895526,1,
45.69539717,-111.0423595,1,
29.01250005,-81.3014314,1,
28.7004226,-100.4806355,1,
29.85693049,-81.32572238,1,
27.82965609,-80.48244127,1,
27.26608315,-80.28812224,1,
25.98796667,-80.12469102,1,
31.36007023,-110.9335426,1,
26.52916034,-80.09670121,1,
46.30217305,-79.46138161,1,
26.12446549,-98.21960006,1,
27.73768727,-97.4380444,1,
42.66340008,-95.1971756,1,
39.75389932,-92.46338944,1,
39.72421228,-91.40045303,1,
39.12124185,-91.89032116,1,
38.54029545,-92.11862202,1,
38.50681802,-90.65752248,1,
42.59481097,-71.76069658,1,
45.77299927,-74.00183624,1,
43.79850229,-70.18897198,1,
43.90693109,-69.90710888,1,
44.09096569,-69.13760565,1,
41.18797287,-104.3531696,1,
39.52968858,-106.0476947,1,
41.30876539,-105.5532401,1,
39.26945593,-103.7159863,1,
37.63212244,-104.7915756,1,
40.4018681,-105.1047373,1,
39.5923891,-104.8804475,1,
34.71106293,-86.65341242,1,
48.37786286,-123.7255858,1,
53.53655572,-113.3302663,1,
52.32752341,-112.7133468,1,
53.02323715,-112.8223512,1,
51.791717,-114.1057837,1,
51.08855398,-115.3628785,1,
52.37068844,-114.9073423,1,
49.69920791,-123.1540023,1,
50.0243994,-125.2439454,1,
51.04307948,-113.3953451,1,
50.13130553,-122.9546013,1,
33.62992373,-112.3690024,1,
53.70604666,-113.1892871,1,
53.18729388,-114.3203541,1,
53.26475524,-113.8047517,1,
55.21716892,-118.7975507,1,
53.70305673,-114.195251,1,
51.28669948,-113.9981534,1,
51.66310134,-112.7679999,1,
50.01552564,-113.5732457,1,
50.58225931,-113.8737912,1,
49.14657615,-122.0025566,1,
49.27858744,-122.7911011,1,
49.47222499,-123.7630586,1,
54.76259645,-111.9458468,1,
48.82843218,-122.5550636,1,
48.53269386,-123.0186306,1,
48.38445778,-122.3330421,1,
53.56945858,-113.5015741,1,
53.24973461,-114.9794751,1,
49.25138772,-123.0001751,1,
48.48070743,-123.3915491,1,
36.4869668,-80.73903151,1,
36.34825503,-78.36664384,1,
36.50385165,-77.64604948,1,
43.09319024,-77.52530899,1,
36.04701024,-75.68197732,1,
42.54891487,-77.6979432,1,
36.44312959,-76.57360477,1,
42.98832239,-78.12232643,1,
36.27972907,-77.01934351,1,
37.66268704,-77.93676566,1,
44.68071742,-73.45397364,1,
39.38776814,-74.51717326,1,
39.52564206,-76.65170055,1,
39.64621963,-78.7299714,1,
42.23355641,-83.74237054,1,
43.68112991,-70.45103447,1,
41.47472461,-84.53273256,1,
44.8258916,-68.74405612,1,
41.36246621,-83.64989551,1,
40.75411278,-84.08106022,1,
39.33669368,-82.11258566,1,
40.77242824,-82.52853813,1,
40.79257661,-81.37837667,1,
41.60053135,-81.48828391,1,
41.45837542,-82.70663426,1,
37.36309426,-79.95749166,1,
37.5280542,-75.84796186,1,
42.58436312,-76.21133124,1,
41.30666422,-76.01726446,1,
38.88848537,-78.49915089,1,
40.67515922,-76.22651045,1,
38.02050759,-79.0186777,1,
37.27639739,-76.69550536,1,
36.86358873,-76.5735579,1,
41.26320459,-70.06112035,1,
37.26330556,-77.4110868,1,
38.72833938,-77.18397161,1,
40.43962205,-75.89219013,1,
43.31767437,-73.56871376,1,
40.01315259,-75.17632991,1,
39.13159958,-76.79042537,1,
44.20968087,-73.54051452,1,
39.63405379,-77.71419389,1,
43.2348874,-70.80976318,1,
44.60824896,-69.59987476,1,
37.09180132,-81.78351868,1,
38.01574454,-77.96651321,1,
39.98005574,-75.86277121,1,
39.93413727,-77.65068317,1,
40.62479916,-75.43988413,1,
36.61320407,-78.29271834,1,
40.7964862,-74.48314969,1,
42.1879014,-77.1434245,1,
42.20466471,-78.1438719,1,
37.30270829,-79.32449328,1,
42.42827383,-79.33964423,1,
44.26197402,-72.58237625,1,
44.39786412,-72.02566446,1,
43.28145591,-72.4775661,1,
43.60712212,-72.97941763,1,
39.83077916,-77.23206537,1,
43.93922729,-72.60349022,1,
38.28296987,-77.45263013,1,
44.82005009,-71.89051077,1,
44.50852652,-72.36587855,1,
36.5781086,-79.37959753,1,
42.9183635,-72.53512251,1,
43.34994882,-72.99523634,1,
37.71099589,-76.38080934,1,
44.80906851,-73.08258019,1,
44.95097199,-72.160201,1,
42.88250818,-73.19990221,1,
42.01238893,-76.52157462,1,
41.95832833,-75.29274335,1,
41.64600105,-74.66227251,1,
43.99861821,-73.15260554,1,
38.91750414,-75.62962848,1,
44.66543341,-113.3434721,1,
35.19032696,-114.0525284,1,
31.29115281,-105.853715,1,
31.41464236,-103.5007565,1,
36.90423768,-111.4874741,1,
33.15286803,-107.2490431,1,
42.20914231,-111.9360123,1,
42.30946128,-113.3698946,1,
31.83024416,-107.6390135,1,
41.99773219,-117.7163128,1,
40.64646518,-116.940946,1,
39.25858634,-114.8587352,1,
32.39464199,-112.8717418,1,
34.12148101,-109.2910841,1,
35.52546997,-108.7442907,1,
38.06586992,-117.2286543,1,
33.82800726,-118.3539357,1,
37.01853262,-121.5607998,1,
37.31898607,-121.8598398,1,
33.79920003,-116.4055539,1,
32.68367571,-114.6421862,1,
32.77024648,-115.2733228,1,
33.07001016,-115.7352742,1,
39.47461388,-118.7980902,1,
32.9326903,-115.2915851,1,
32.67176041,-115.5266119,1,
34.51132654,-117.3229193,1,
32.71209467,-114.9431662,1,
35.47145166,-120.6540019,1,
34.10430347,-117.2833517,1,
34.64880506,-118.1470678,1,
34.41262582,-118.5536412,1,
38.69733867,-120.8241688,1,
39.18081761,-119.7652829,1,
34.19080892,-119.1736884,1,
32.74496031,-117.2454467,1,
33.10513783,-116.7853516,1,
32.60799113,-116.9321745,1,
33.7106227,-117.9979233,1,
38.00513701,-122.0415169,1,
41.31420387,-122.3143421,1,
33.64143462,-117.7378478,1,
38.02209556,-121.324113,1,
38.68503714,-121.7625411,1,
33.41194682,-117.6004311,1,
33.88602669,-117.5730602,1,
33.70096421,-117.3126492,1,
37.31346049,-120.4711951,1,
34.4156881,-119.8452764,1,
32.74582897,-116.9438141,1,
40.80499336,-124.1360908,1,
32.96718367,-117.0911869,1,
32.92769291,-117.2168844,1,
33.45578071,-117.6068538,1,
33.8073041,-116.9713588,1,
45.63650099,-89.38224928,1,
44.88362739,-91.4230576,1,
46.34891338,-94.25436117,1,
44.59914568,-87.45356275,1,
43.11659395,-88.06336477,1,
42.88743017,-90.93038126,1,
39.78250835,-86.30468841,1,
43.99622249,-95.7519592,1,
42.56666569,-93.84133041,1,
43.52058343,-93.70710056,1,
45.88682579,-95.30449031,1,
40.73924988,-92.4097809,1,
42.36298823,-92.78430742,1,
42.77617279,-93.20074845,1,
42.30650893,-93.30894082,1,
43.06768013,-92.3491162,1,
42.37131124,-91.89033324,1,
45.12307137,-94.9920747,1,
43.40014299,-94.80934439,1,
43.63631798,-91.50567169,1,
45.06666494,-94.09515518,1,
43.51922959,-92.51999396,1,
44.01354517,-92.40043081,1,
45.72484557,-94.96101031,1,
44.72321909,-94.48051716,1,
43.24125696,-94.03119258,1,
43.07506093,-88.48035052,1,
46.51229624,-99.77034424,1,
45.44907891,-99.34631275,1,
42.06204936,-82.5997305,1,
48.19379991,-101.3000411,1,
42.26009143,-81.91542737,1,
44.09897304,-103.1983831,1,
38.27732213,-85.73521073,1,
41.12157298,-100.7579174,1,
46.79186062,-100.7488235,1,
39.1190696,-88.55788739,1,
38.3181687,-88.90850742,1,
40.26611385,-96.74489531,1,
41.18084119,-89.66062961,1,
40.33543478,-97.57503094,1,
40.39640202,-90.15600684,1,
41.87887377,-103.6791038,1,
40.91029858,-98.38095117,1,
39.60738535,-90.8064387,1,
41.47472461,-84.53273256,1,
40.60399071,-89.4893253,1,
46.24913707,-97.45288853,1,
42.28639534,-85.56145568,1,
42.49748933,-91.11057985,1,
48.14613854,-103.6254304,1,
43.81702969,-84.76732809,1,
42.79908471,-102.2028267,1,
48.11217139,-96.14895894,1,
46.16728188,-103.4092504,1,
45.33891445,-97.30854805,1,
42.6121468,-97.27738061,1,
42.02176144,-97.42585331,1,
44.04617977,-82.99412111,1,
40.84860705,-96.60099016,1,
46.47023582,-90.12615984,1,
42.61732302,-89.63170474,1,
41.49361397,-90.40192725,1,
41.04497844,-94.37349388,1,
38.14195417,-89.70120788,1,
38.87105824,-90.07040369,1,
39.18567154,-89.66929161,1,
39.10285678,-90.31888385,1,
41.08077887,-87.8620851,1,
41.66632033,-86.88748494,1,
41.4741446,-87.30155711,1,
38.5949109,-89.95501411,1,
38.66466257,-86.91118852,1,
38.74001328,-89.67735748,1,
38.52101653,-88.00595013,1,
40.09253836,-88.23751807,1,
41.69844512,-98.01172087,1,
45.17857223,-89.6629835,1,
41.42980203,-97.36379025,1,
44.56400406,-91.67140756,1,
40.87018646,-97.59150569,1,
43.28557615,-96.18149797,1,
41.79695904,-88.11597349,1,
39.80991487,-86.03840747,1,
46.86526187,-96.86479756,1,
39.4317773,-87.35890053,1,
44.95204977,-95.68937128,1,
44.28678156,-88.4049192,1,
41.45827953,-91.02453384,1,
42.33160928,-83.20843114,1,
43.61200346,-86.36351382,1,
40.88916885,-88.61365951,1,
40.71081504,-99.07916606,1,
41.77348617,-87.85652892,1,
42.26162003,-98.34436196,1,
41.70386769,-93.24561952,1,
43.38974348,-124.2510204,1,
47.23300196,-123.1245983,1,
44.97298307,-122.9553106,1,
44.09433513,-121.3018682,1,
44.60156146,-121.140966,1,
46.1134845,-122.8894513,1,
47.6806597,-122.136638,1,
48.38445814,-122.3330413,1,
46.3038064,-120.0214054,1,
46.24907804,-119.08032,1,
45.58640974,-120.686572,1,
45.67092545,-118.8501763,1,
45.80515885,-119.3211185,1,
47.61150403,-119.2933892,1,
47.12114062,-118.3831956,1,
46.81041229,-119.173637,1,
45.48558264,-123.8461834,1,
44.04504418,-123.1618894,1,
44.28983328,-123.154417,1,
45.23412655,-122.8159281,1,
44.55834687,-123.1110658,1,
45.18789353,-123.2090696,1,
47.52664356,-121.8261339,1,
47.80347679,-122.5691553,1,
46.67542618,-122.9699935,1,
47.45119469,-122.3207873,1,
48.82843254,-122.5550627,1,
48.53269429,-123.0186296,1,
45.50698353,-122.6727535,1,
30.39457336,-88.64513608,1,
30.92514016,-88.58940798,1,
30.77274594,-89.85313971,1,
31.74851547,-106.3162434,1,
32.42659834,-96.83827645,1,
29.13894629,-98.90508062,1,
30.84542734,-89.54222505,1,
30.31172382,-89.60430758,1,
31.26705658,-90.47697528,1,
31.12080839,-97.73216241,1,
30.52822385,-89.11103937,1,
31.46225694,-90.83753442,1,
33.33869567,-91.04095493,1,
32.90768656,-90.86932178,1,
32.33212798,-90.82532397,1,
31.06510889,-98.17881067,1,
30.77910998,-89.14331596,1,
32.01137325,-97.12966395,1,
37.59899828,-90.62796275,1,
32.70482228,-103.1269131,1,
27.74985461,-98.07192209,1,
29.35795981,-94.95284156,1,
38.38900601,-93.80866234,1,
37.969074,-100.8964133,1,
38.4681284,-101.7522351,1,
38.48572509,-100.9075539,1,
39.382221,-97.16961646,1,
26.15545686,-97.95759299,1,
40.26611385,-96.74489531,1,
40.33543478,-97.57503094,1,
40.91029858,-98.38095117,1,
39.84191194,-96.05536514,1,
30.13822903,-90.95605815,1,
30.00821941,-90.16238119,1,
28.98289159,-95.96354301,1,
31.63808195,-91.54507707,1,
30.08977646,-94.19174889,1,
30.95871201,-92.19054202,1,
30.70361417,-91.47610391,1,
29.25488179,-90.66186006,1,
33.00614503,-93.46591704,1,
32.52825562,-92.03531023,1,
29.70353872,-96.57251793,1,
32.86082049,-91.40612625,1,
30.31521034,-95.45713767,1,
32.56355829,-92.60566325,1,
32.10531116,-92.0747833,1,
39.74936554,-94.68170701,1,
39.77451522,-93.51080609,1,
30.93849412,-90.50511659,1,
31.59940263,-97.10592963,1,
30.09641039,-95.62585935,1,
37.36369925,-96.29544525,1,
32.03936827,-93.32384312,1,
31.22557236,-101.9340559,1,
29.74486139,-92.32795913,1,
35.70014575,-90.01311102,1,
32.75689509,-97.79674078,1,
29.61079442,-95.22698281,1,
29.89202288,-95.29884487,1,
33.21851303,-98.15955938,1,
35.57071287,-100.9700937,1,
31.1091822,-99.33084564,1,
29.39643102,-100.9007724,1,
35.2115662,-101.9079397,1,
30.70223517,-94.93292071,1,
31.31806617,-95.45862511,1,
30.21869572,-92.0512963,1,
37.7271207,-89.86453352,1,
36.30508347,-96.48266962,1,
38.70910975,-93.23269539,1,
34.59000514,-95.3539911,1,
40.21603345,-92.57897646,1,
39.18607404,-94.57995612,1,
35.52172201,-97.9334004,1,
37.30194661,-89.58577929,1,
35.8756778,-97.42553623,1,
38.21133135,-90.38861766,1,
36.14601648,-98.03311062,1,
38.7443644,-90.41818329,1,
35.74244167,-95.34421164,1,
38.98901454,-90.98107675,1,
35.25004061,-97.49008761,1,
36.76039363,-90.39199907,1,
35.66635809,-95.96367995,1,
35.05193142,-97.93883239,1,
32.33634799,-95.28149069,1,
36.72435337,-91.83492724,1,
34.17194357,-97.13527534,1,
37.68368841,-95.45219313,1,
38.50523018,-90.62008434,1,
32.95616992,-96.71489962,1,
37.94810269,-91.76779407,1,
32.51103339,-93.75072914,1,
32.45372427,-99.7304366,1,
37.21112709,-93.23248123,1,
36.35598227,-93.58035967,1,
37.06555781,-94.41350314,1,
37.87716053,-94.02322887,1,
35.469529,-93.47958703,1,
35.36346254,-94.36915798,1,
37.83943321,-94.70452137,1,
36.19100864,-94.56242507,1,
38.00856412,-92.7436504,1,
36.75234647,-95.99335086,1,
39.43787924,-98.69333826,1,
36.27101802,-95.84701613,1,
36.67061222,-97.78031012,1,
30.84537635,-93.28833411,1,
30.18235166,-96.60191283,1,
35.77197392,-91.64966447,1,
30.52934817,-92.08063824,1,
32.69529386,-97.36479983,1,
34.48372768,-97.96579291,1,
34.74020923,-97.25336389,1,
28.29857242,-97.27315043,1,
30.50805134,-90.48370488,1,
39.70777072,-104.2176436,1,
38.93169535,-105.1904348,1,
37.9826366,-103.5414276,1,
30.45976265,-84.38486974,1,
31.86239593,-82.58694784,1,
32.21926464,-90.15110063,1,
30.3361815,-89.18842081,1,
31.80019871,-85.95430842,1,
33.4234927,-86.12119075,1,
32.44741367,-87.01177132,1,
31.41129567,-87.23424115,1,
34.68127322,-87.30944277,1,
31.37748954,-85.91604078,1,
32.91740004,-85.40049388,1,
33.83188794,-87.2775736,1,
33.88757661,-86.39794324,1,
33.52372862,-85.63485351,1,
31.82902286,-86.61742795,1,
33.68520689,-87.82930811,1,
34.14816888,-87.40485887,1,
31.23948665,-85.44019054,1,
31.70036879,-87.78916178,1,
30.91638508,-87.77568391,1,
32.59885116,-85.50391893,1,
31.30737484,-86.48395216,1,
33.66699575,-85.83068407,1,
34.47541599,-87.86454616,1,
32.35384775,-88.68280766,1,
32.08163769,-88.23314775,1,
32.94600586,-87.15063172,1,
31.45098511,-88.19587558,1,
32.83993829,-86.62982913,1,
34.16304348,-85.65861673,1,
34.17986505,-86.84486938,1,
30.24916328,-88.07796894,1,
33.26227178,-88.09539004,1,
31.99463768,-87.33329946,1,
33.36861333,-91.04420982,1,
33.44754391,-86.82028468,1,
36.11497925,-77.43058137,1,
35.01479539,-80.54165602,1,
34.73627083,-80.08672864,1,
36.04994253,-79.44743436,1,
35.29498338,-78.61933232,1,
35.00770816,-78.30401304,1,
35.4138411,-78.03708044,1,
34.75488631,-77.97550595,1,
34.80113719,-79.44831265,1,
34.6046094,-78.96539034,1,
34.94692008,-80.99761572,1,
35.62674171,-80.48312438,1,
31.85010631,-86.64716999,1,
33.96774557,-84.08272512,1,
33.93845022,-84.52049076,1,
34.32911261,-77.90766467,1,
34.35923635,-89.56369346,1,
36.4869668,-80.73903151,1,
34.94994781,-78.92674415,1,
35.35116334,-80.83894145,1,
36.20117802,-80.39225571,1,
36.14826727,-81.23905942,1,
35.29861894,-81.48627707,1,
35.71535644,-79.76700689,1,
32.25744015,-87.62581393,1,
34.24349627,-89.0168557,1,
32.76198909,-89.10152188,1,
34.89423221,-89.99347205,1,
31.56120726,-91.40456576,1,
31.92575109,-89.81952079,1,
32.32705032,-90.18132679,1,
33.46868049,-90.20901956,1,
31.32753896,-89.33628524,1,
30.42909688,-88.42777307,1,
34.31369998,-89.94053895,1,
31.96999389,-89.2648801,1,
34.6656836,-88.56430111,1,
32.71851096,-89.57144905,1,
34.20222168,-90.57067688,1,
33.74669801,-90.73311772,1,
33.79786962,-88.65836344,1,
34.90647788,-88.54801938,1,
31.59502264,-89.20368744,1,
33.54810703,-89.18248908,1,
34.27681684,-88.41526919,1,
32.97075482,-89.91527889,1,
32.43971422,-89.11234537,1,
34.62345129,-89.97077064,1,
31.60842632,-90.40944067,1,
30.73497565,-88.11281997,1,
33.10202552,-89.08443537,1,
34.43499289,-86.26817808,1,
34.60353907,-85.9307609,1,
33.99024429,-86.07955699,1,
34.14856842,-87.9536171,1,
33.16511338,-86.75682331,1,
32.32568318,-85.16054685,1,
32.96209404,-86.00681313,1,
33.16796803,-87.50150734,1,
32.41136765,-86.27054085,1,
32.14815081,-85.68676416,1,
33.53234464,-86.85340702,1,
35.1458498,-79.47045536,1,
33.45393703,-88.79419604,1,
34.69812966,-90.38078664,1,
31.67865846,-88.67308995,1,
31.69209294,-90.39938116,1,
33.47901255,-89.72050709,1,
32.84635475,-90.41196286,1,
30.85064839,-91.00637464,1,
31.88318206,-91.00590869,1,
34.74341582,-89.45352673,1,
25.84270666,-80.2509625,1,
35.56083844,-76.56605155,1,
36.39612733,-75.98429045,1,
30.77568041,-85.21830797,1,
30.53295441,-86.12708372,1,
29.23413673,-82.19035229,1,
30.18591671,-82.59693749,1,
30.53315295,-87.32851715,1,
30.0905312,-83.53689571,1,
31.49505829,-82.87079437,1,
32.1761178,-83.16270589,1,
31.84215583,-81.60012949,1,
32.5910643,-82.31922631,1,
32.92758107,-82.80270457,1,
35.84030521,-78.82580772,1,
36.70976524,-76.2634191,1,
36.06030422,-76.59944805,1,
35.50984252,-76.01334935,1,
35.27032127,-77.64340646,1,
35.08855161,-77.03409803,1,
31.4373347,-83.54852967,1,
35.49072772,-79.13547518,1,
33.92834724,-78.0735147,1,
35.367294,-79.87014665,1,
35.54303006,-77.40740844,1,
35.82223397,-78.31267123,1,
35.97114671,-77.92058991,1,
31.97277324,-83.78192084,1,
31.75550273,-84.79189647,1,
34.26549367,-85.15489311,1,
33.77616392,-84.3956076,1,
34.53369711,-83.97792675,1,
35.1883756,-84.88417964,1,
34.84699205,-82.36771462,1,
35.91093717,-84.11018123,1,
33.46349338,-82.49916448,1,
32.02483253,-81.10993209,1,
34.21689842,-79.78273267,1,
36.44399889,-84.93587517,1,
37.34110292,-85.34604064,1,
35.65323072,-88.37735791,1,
37.84559508,-87.59020615,1,
38.3246451,-82.93406673,1,
33.56165087,-81.71977116,1,
35.8886822,-76.23119359,1,
32.45490942,-83.73343309,1,
31.20776469,-82.36231688,1,
31.66136062,-84.27489637,1,
34.23667291,-84.49488039,1,
32.05146605,-84.78907162,1,
33.57502363,-85.09750599,1,
34.11630421,-82.87175935,1,
34.51491479,-78.52767656,1,
32.4733388,-84.98807895,1,
33.59798643,-83.85884926,1,
33.57625506,-83.18230397,1,
33.24834326,-84.26320541,1,
32.55681036,-84.23656615,1,
35.71727819,-81.33655366,1,
33.08105651,-83.22629463,1,
34.20240935,-83.45706216,1,
49.70006793,-124.9836702,1,
53.66803627,-115.9909311,1,
49.03220081,-123.0692321,1,
51.19104035,-114.4713768,1,
50.9638194,-114.0041401,1,
50.57055026,-127.0284379,1,
54.33435227,-114.7741678,1,
49.88475587,-119.4953811,1,
51.06407172,-114.0869604,1,
52.32970122,-109.9422992,1,
53.88940374,-119.1115656,1,
52.87900468,-118.081609,1,
52.12542847,-122.142998,1,
49.08858837,-116.5016885,1,
50.99900667,-118.2199692,1,
53.91284147,-122.7454725,1,
56.24945009,-120.8900158,1,
50.70033921,-119.2794621,1,
50.24127998,-119.2311727,1,
49.05216996,-122.3295193,1,
53.27760137,-110.0312282,1,
50.91101472,-97.21569321,1,
53.80252755,-113.6716261,1,
53.36211815,-104.0179989,1,
51.9630205,-102.6714194,1,
52.15338665,-106.6684615,1,
50.28373575,-107.7984374,1,
49.49925981,-119.5921826,1,
50.11248324,-120.7884516,1,
54.3127031,-130.3255334,1,
53.56694771,-113.6062185,1,
46.35806721,-62.25090964,1,
46.06109931,-62.60078901,1,
46.23273841,-63.133419,1,
44.8090685,-73.0825802,1,
43.8699093,-65.96306205,1,
44.26018375,-76.5091823,1,
48.46596131,-81.43194257,1,
45.62442354,-76.01234739,1,
43.13298857,-80.73892961,1,
45.62219266,-61.34155368,1,
43.89796727,-80.11219692,1,
43.43716919,-80.58042592,1,
48.58170865,-71.63183873,1,
43.17859302,-80.2384498,1,
42.89415078,-79.27155596,1,
42.95002419,-79.85895042,1,
43.90285986,-78.66455885,1,
41.60053134,-81.48828391,1,
41.45837543,-82.70663426,1,
41.3624662,-83.64989549,1,
44.36430273,-78.7762211,1,
44.37872945,-79.70971319,1,
44.61059767,-79.41282436,1,
42.08736576,-83.10856126,1,
44.68071741,-73.45397363,1,
42.81735475,-82.99745665,1,
43.42919539,-82.54872034,1,
44.8709403,-74.28815087,1,
42.26009144,-81.91542739,1,
42.66543898,-81.21280143,1,
42.71467603,-81.67887097,1,
42.92794621,-81.2477458,1,
48.89001594,-72.19139666,1,
46.16091357,-60.1886076,1,
44.15534727,-81.65434622,1,
46.15955973,-71.88246923,1,
46.13060679,-67.58221088,1,
44.99481099,-64.13702015,1,
44.69916288,-63.58183515,1,
45.26209276,-72.14036878,1,
45.76666442,-75.58486927,1,
45.50594567,-75.56413174,1,
46.05119094,-74.27285978,1,
46.39720444,-72.28363034,1,
47.00536618,-71.1909365,1,
45.26815942,-66.04951367,1,
45.88532085,-72.49515873,1,
44.69850749,-63.86388848,1,
42.17459225,-82.82325094,1,
45.29685638,-73.31175394,1,
45.56572639,-73.20337322,1,
46.32423849,-79.40910405,1,
42.86130497,-80.72897685,1,
43.32717468,-81.74270611,1,
44.88760071,-63.51478394,1,
45.48897831,-71.63585238,1,
46.99161628,-65.56746455,1,
45.60981718,-74.61298929,1,
45.41689904,-72.76276333,1,
45.56011156,-73.78582982,1,
46.29694446,-73.37496415,1,
45.88710841,-75.06255458,1,
46.1205471,-74.59430561,1,
44.78079041,-62.99810528,1,
48.8540192,-64.51068322,1,
48.43488806,-68.55827364,1,
47.83945529,-69.54100875,1,
48.42737171,-71.06165127,1,
48.56290641,-78.11153589,1,
48.25037747,-78.42551552,1,
47.7450029,-64.7102986,1,
45.97182796,-66.59905106,1,
48.00757011,-66.65723325,1,
48.101592,-77.78791809,1,
46.08190117,-64.83061728,1,
44.89347024,-73.83785401,1,
44.66509642,-75.03029398,1,
46.13113834,-70.69907181,1,
47.61858871,-65.64661879,1,
46.24639089,-72.58031028,1,
45.27175495,-73.6159324,1,
45.48787791,-77.67430687,1,
45.150856,-61.97378906,1,
46.84332074,-71.4352243,1,
46.53816141,-71.64163007,1,
46.47540179,-81.01530006,1,
42.27538421,-83.05263339,1,
45.50066324,-73.44624678,1,
45.70830364,-73.62148595,1,
45.63815114,-73.98409943,1,
45.32349192,-76.00812598,1,
43.84646912,-70.44689617,1,
40.34100729,-79.94611391,1,
41.27394116,-80.77108396,1,
40.2616186,-76.77182976,1,
40.68865132,-74.00127178,1,
43.46487249,-76.47880205,1,
43.14794077,-78.69240774,1,
40.84558566,-72.89509079,1,
41.93580879,-71.08589796,1,
42.86031973,-77.02137585,1,
41.92378651,-71.88970728,1,
42.38029891,-76.86409556,1,
42.09588329,-76.01401577,1,
41.49676242,-74.07486243,1,
41.66763477,-74.67985768,1,
43.0606672,-76.05920114,1,
42.69429196,-73.84691595,1,
44.45345118,-73.13290006,1,
43.2720084,-77.6434457,1,
42.06442037,-71.24913611,1,
44.91349025,-72.79793907,1,
40.30315563,-74.37578362,1,
44.89347024,-73.83785401,1,
42.93998811,-78.88455797,1,
40.07001804,-74.53704342,1,
43.4641668,-71.55885415,1,
42.74726099,-71.48931846,1,
42.30004802,-71.44190644,1,
40.50161261,-74.90111547,1,
43.17640847,-79.24033258,1,
42.89415075,-79.27155593,1,
40.0383017,-74.95920623,1,
39.76032954,-75.52016564,1,
40.7311245,-74.03757186,1,
43.24295397,-78.1948473,1,
40.18286877,-80.22064887,1,
42.73990073,-78.13300651,1,
40.02576263,-79.89834541,1,
42.45299684,-73.20116775,1,
42.65184578,-70.61001633,1,
39.76945113,-76.18001057,1,
42.21010988,-70.99386552,1,
38.81685805,-76.7519261,1,
41.95128665,-70.71127495,1,
39.53848503,-76.33277572,1,
37.81566518,-79.8238593,1,
43.04294935,-70.77475694,1,
36.97774501,-82.57987056,1,
43.05780183,-71.4471201,1,
38.37066756,-81.66319957,1,
38.9744651,-76.52219028,1,
44.67471511,-70.13181718,1,
40.31336071,-75.1357587,1,
40.0796637,-80.89706417,1,
45.02636324,-69.29696757,1,
39.88210923,-83.09278665,1,
45.46367621,-69.59358276,1,
39.28699571,-80.96733718,1,
44.70985567,-67.45826507,1,
42.07830031,-80.09070273,1,
45.36365432,-68.50739287,1,
46.67077221,-68.01678541,1,
42.08736578,-83.10856123,1,
44.45422015,-69.0970803,1,
41.04618989,-85.0803012,1,
44.21838783,-70.51308536,1,
39.21450612,-84.67549876,1,
41.80043579,-72.8366065,1,
41.29766663,-72.91222107,1,
39.27031441,-76.50209618,1,
40.39945785,-79.58957137,1,
42.27515434,-78.66814357,1,
40.05141866,-79.07058442,1,
44.39503814,-68.22168857,1,
39.60932211,-75.95202397,1,
41.77622728,-70.0074505,1,
42.37227647,-72.50058078,1,
37.16178495,-80.43309582,1,
43.59366804,-70.22823854,1,
42.12204195,-72.74938902,1,
40.03689327,-75.51320154,1,
38.03995548,-78.47864156,1,
38.05017394,-77.34754826,1,
38.47247028,-78.01004071,1,
40.80085334,-75.08125847,1,
41.05879907,-74.75261929,1,
41.93687898,-71.4606728,1,
38.9467584,-83.41645479,1,
41.58810754,-71.43036535,1,
39.94121786,-82.00851417,1,
42.48349054,-71.15823536,1,
39.62888694,-84.1415996,1,
44.66166137,-75.02543311,1,
41.07447435,-73.51771041,1,
41.33580031,-72.11554459,1,
38.31118866,-76.63305497,1,
42.25191336,-71.80506291,1,
38.2194263,-75.34049522,1,
40.54051164,-74.46781521,1,
38.98033806,-80.2197318,1,
40.21960744,-85.4327693,1,
41.08228361,-73.8178127,1,
39.6877926,-111.8360334,1,
40.46178483,-106.8236255,1,
32.11663322,-103.2012722,1,
43.54815796,-113.0090668,1,
44.17418871,-112.2358567,1,
32.26634815,-107.757887,1,
43.74611146,-111.1102561,1,
34.54772753,-112.4584253,1,
35.6072099,-106.0048861,1,
33.30997734,-104.5265649,1,
32.34853912,-108.7040441,1,
43.50099189,-110.8493597,1,
33.44307792,-110.8331098,1,
32.70482226,-103.1269131,1,
43.20543972,-116.7501117,1,
35.17434283,-103.7153498,1,
33.62992368,-112.3690024,1,
33.97002566,-112.7328773,1,
31.9453439,-110.3346852,1,
32.80211554,-109.7110012,1,
36.54158248,-114.4482771,1,
39.93738247,-120.2843988,1,
38.76016282,-119.7648217,1,
39.52858349,-119.7018786,1,
35.31125015,-106.6848648,1,
33.43734486,-112.5610228,1,
38.39326228,-113.0114438,1,
61.1871364,-149.8948453,1,
38.57500276,-109.5522787,1,
44.00918344,-116.9161138,1,
43.82035537,-111.7835352,1,
42.87293454,-112.4493728,1,
41.30876047,-105.5532246,1,
41.1584517,-105.0763006,1,
40.39020026,-104.7244488,1,
39.36195256,-104.6001536,1,
39.59238422,-104.8804325,1,
40.07860006,-104.8071486,1,
43.13760109,-115.6696375,1,
43.40947168,-111.2966863,1,
40.06405257,-105.2044232,1,
37.98263173,-103.5414134,1,
61.42658421,-150.0792283,1,
61.18732733,-149.8949507,1,
64.8584124,-147.7215263,1,
37.40466659,-102.6160144,1,
40.75148818,-104.9947764,1,
46.85260773,-114.0272819,1,
45.90329653,-108.3121137,1,
43.49376227,-112.0522775,1,
48.42459742,-98.07091969,1,
43.50506063,-96.68288332,1,
42.02442002,-87.96686881,1,
41.9359267,-85.0217547,1,
42.40898833,-86.2687625,1,
45.46349295,-98.48557062,1,
43.03678059,-85.66313942,1,
44.38657126,-97.55011464,1,
42.74120518,-84.51276042,1,
47.46634307,-99.11866443,1,
44.35374336,-100.3759877,1,
41.78124308,-99.13502049,1,
44.6820587,-91.13828601,1,
43.46182301,-89.76484205,1,
43.78508943,-99.31185938,1,
42.65910035,-88.25959561,1,
42.06966958,-88.29849865,1,
41.45092637,-96.53760313,1,
42.7220158,-87.78027113,1,
41.95104731,-88.71934922,1,
40.67819227,-96.18185583,1,
43.08227704,-98.25588786,1,
42.37982325,-87.91019655,1,
42.87197561,-88.01341886,1,
44.52067754,-99.74366891,1,
44.29843521,-90.83836103,1,
41.71307325,-97.06165359,1,
42.0841417,-87.71569078,1,
41.65784048,-85.42466323,1,
41.671314,-86.32099354,1,
47.57440058,-95.74915284,1,
45.10015664,-83.45522044,1,
41.26373964,-96.14420689,1,
45.02097972,-84.67160387,1,
47.90354659,-97.04148756,1,
45.39149755,-94.70228809,1,
39.74961083,-89.64550457,1,
44.85233865,-85.85794373,1,
41.54831412,-89.12018057,1,
47.44032056,-98.13590428,1,
40.94300336,-90.37533115,1,
40.40366458,-91.11653597,1,
44.27787998,-92.97431688,1,
41.92066164,-91.43038869,1,
40.28045447,-86.05211023,1,
40.96224027,-87.15282992,1,
43.02541935,-83.65409965,1,
42.96029872,-82.34266359,1,
39.74295323,-91.51711334,1,
40.99219686,-85.78344602,1,
40.74006107,-86.353574,1,
40.14093627,-95.23724631,1,
33.24868181,-100.5733722,1,
30.88661263,-102.8787739,1,
30.34583451,-95.08873453,1,
31.41464235,-103.5007565,1,
29.4359721,-98.48892647,1,
32.28819064,-97.41212964,1,
29.13706575,-98.16307698,1,
30.20883649,-97.70663652,1,
29.27419394,-97.75127526,1,
29.70301954,-97.10511088,1,
36.90525166,-94.88025325,1,
36.41295576,-99.38461703,1,
32.21737127,-98.20329901,1,
29.97788662,-92.1071733,1,
31.28012881,-94.73276913,1,
29.79161427,-91.50091294,1,
29.57905414,-90.71096799,1,
30.39606423,-91.10718182,1,
30.09139501,-93.73602363,1,
36.57587312,-94.77145521,1,
28.09127781,-97.82521777,1,
35.46353581,-97.62327908,1,
36.70523384,-101.4883935,1,
35.38671499,-96.92083314,1,
30.48770986,-98.10007031,1,
36.2617312,-95.32969888,1,
30.73749564,-96.56533003,1,
36.74132847,-97.07099084,1,
29.71993613,-95.55120847,1,
30.3062704,-98.90560895,1,
27.57332332,-99.47159185,1,
32.20640339,-95.83543095,1,
31.91812801,-94.68215195,1,
31.89642002,-102.3317428,1,
33.95027039,-98.52955395,1,
33.54057158,-97.83797689,1,
33.645772,-97.1368441,1,
33.75877327,-96.58670605,1,
33.59604739,-96.19433438,1,
33.22765288,-97.59744695,1,
29.26552162,-94.83250721,1,
27.4890668,-97.85280728,1,
26.36628884,-98.79525131,1,
28.54317281,-99.84844572,1,
29.08965104,-97.27097308,1,
30.64568947,-97.69143072,1,
28.93724861,-98.51297171,1,
29.23588702,-99.75386017,1,
29.34384182,-99.12593606,1,
29.56074485,-104.3778459,1,
34.1638531,-99.31060667,1,
33.43837709,-94.00188115,1,
33.11419527,-96.10899706,1,
31.25758823,-95.97859793,1,
33.13889728,-95.59707958,1,
31.72566426,-96.15883633,1,
30.09444099,-96.05981362,1,
62.0733827,9.114400202,1,
68.58033107,16.58279,1,
69.38661377,20.27716425,1,
77.92176033,16.71390191,1,
58.48568382,7.465839991,1,
59.4018563,9.963734788,1,
67.11970261,16.07783823,1,
62.31740945,6.932893141,1,
63.04326986,10.29006301,1,
63.46841695,10.91804811,1,
62.48245608,6.830736324,1,
67.77652768,15.01578373,1,
60.28874203,5.266542141,1,
61.57290581,11.0427501,1,
61.45665956,5.887334142,1,
60.19108207,11.99979103,1,
68.09943828,16.38737227,1,
69.72844834,30.04129674,1,
69.02210961,23.01973986,1,
69.47227163,25.51890645,1,
61.6601842,7.276357541,1,
62.49802383,7.547056237,1,
62.96733323,7.138940898,1,
67.5800035,15.89013167,1,
62.13703918,9.988076506,1,
64.12287535,11.62189008,1,
61.60012892,5.037795864,1,
69.00034109,16.56522414,1,
58.33486118,8.232936273,1,
70.85276303,29.23420299,1,
62.8286823,10.00510786,1,
70.64358935,29.73193819,1,
70.02708621,22.09293712,1,
68.86044293,18.35092236,1,
62.25977829,8.198775438,1,
69.24024919,19.22653258,1,
60.92076247,9.414508546,1,
61.34802533,5.073594335,1,
60.46751757,5.343467191,1,
60.12000352,11.47791943,1,
58.41278257,8.708673052,1,
61.23638639,7.702173889,1,
69.32605479,16.13481186,1,
60.07432193,5.242932904,1,
61.16336362,5.900725138,1,
63.77313262,9.813930226,1,
67.2875042,14.43396572,1,
60.61339301,12.01229501,1,
59.17171204,5.874807924,1,
69.23123105,17.98715222,1,
59.92213424,11.16778365,1,
61.45490326,10.19295177,1,
67.26404374,15.39887194,1,
59.6647753,5.934367787,1,
65.88895658,13.81040308,1,
60.32859413,11.26165039,1,
66.09811994,12.47164091,1,
60.83452611,10.0755861,1,
60.4167799,8.501695973,1,
58.83253792,7.798786587,1,
65.4648323,12.20722733,1,
70.59173266,22.30288988,1,
68.68076527,14.46669533,1,
61.88289618,12.0271042,1,
70.19941059,28.18599049,1,
70.05232085,24.9562429,1,
61.17901621,6.854400265,1,
59.4855796,8.634150658,1,
64.89697039,13.52550569,1,
59.98435753,6.012209885,1,
62.57540282,11.38800012,1,
64.20669611,10.30247568,1,
63.05526396,9.212884277,1,
61.14033692,11.36757381,1,
59.70223923,8.046972074,1,
59.14171471,9.656670793,1,
59.48853012,6.253964008,1,
58.80386638,9.429329844,1,
69.37273673,29.69375666,1,
69.02629956,19.28944703,1,
60.82859147,7.505103356,1,
59.7365843,10.36775364,1,
58.50314525,5.790019235,1,
69.44555709,17.2968876,1,
68.69568115,15.41161554,1,
70.51680465,24.94984185,1,
63.51466609,7.95536997,1,
60.65132176,10.92843084,1,
59.62274478,9.683866383,1,
70.03447065,20.9759507,1,
61.91830443,8.092005976,1,
59.01770909,5.598620609,1,
66.86462384,13.72226836,1,
59.90707251,10.75448287,1,
69.60414741,20.53439359,1,
58.13838212,7.068682342,1,
66.5130569,13.01007277,1,
58.45262761,6.552003338,1,
58.09002458,6.688492776,1,
60.82168136,11.35140113,1,
70.23940924,22.34857396,1,
66.73730264,15.46362017,1,
78.22882564,15.39731006,1,
61.84227172,8.573895886,1,
67.88778118,13.03654289,1,
68.41237072,15.98590743,1,
60.7340627,5.163684545,1,
61.13699457,10.43904557,1,
64.39968681,13.65141552,1,
63.67369204,10.62734905,1,
68.14850241,13.61157889,1,
60.32950483,6.658400637,1,
64.50245706,10.8973963,1,
59.03233857,6.394230212,1,
63.93489123,11.42984886,1,
78.92955217,11.86530357,1,
59.56003013,9.259988042,1,
60.36986544,6.143130419,1,
64.92850923,13.15876401,1,
68.43899813,17.42764073,1,
64.46857391,11.50759553,1,
59.54866764,11.33767075,1,
61.9308102,5.127711218,1,
68.91472024,15.08699065,1,
58.93663678,11.18132937,1,
61.69384059,13.14823914,1,
61.1542352,13.266081,1,
60.28399504,12.75770656,1,
59.31982196,11.91559928,1,
63.70124629,12.95885152,1,
63.97389069,14.16681743,1,
60.89912194,12.59860459,1,
62.06032834,12.31725594,1,
64.50418732,14.13883462,1,
62.5193877,12.60106958,1,
58.90865578,11.94171303,1,
61.73174028,10.83570305,1,
61.42323377,11.09953146,1,
63.45825871,11.35312727,1,
61.83821136,10.88068267,1,
64.19932195,12.20264696,1,
64.82071753,12.98206033,1,
60.39811834,5.319053238,1,
66.11173391,13.11470927,1,
66.73077266,13.27166245,1,
67.52012974,12.1042082,1,
69.6376276,18.00415485,1,
64.97176676,15.34745192,1,
60.79089766,11.08908653,1,
60.88805158,11.54242446,1,
65.01945992,13.26139104,1,
62.40923414,10.99906678,1,
61.25165127,11.32382896,1,
64.00771417,11.5018437,1,
62.49715201,11.22643218,1,
63.42170728,11.75939737,1,
64.24547775,12.37355477,1,
65.82045958,15.08099217,1,
65.95819239,16.20571033,1,
66.38749715,16.96590467,1,
59.25361729,7.477189254,1,
70.08325499,29.73534669,1,
60.83914559,8.622541277,1,
59.27796691,9.284410959,1,
59.4253768,5.398164815,1,
61.18448686,8.233068272,1,
58.62601243,8.926466038,1,
70.3363706,31.0311879,1,
59.7555614,8.787211668,1,
65.53862525,13.38527112,1,
69.66271541,18.93964116,1,
59.01961465,8.52130006,1,
63.37138109,10.31915354,1,
58.66608665,6.70673864,1,
59.12713776,10.39922773,1,
62.91192324,8.206759332,1,
61.42321251,12.38157847,1,
61.06962923,4.820823755,1,
60.03841299,9.167762836,1,
64.86370872,11.24214931,1,
66.94249059,17.73905421,1,
67.48837604,18.34131094,1,
68.35433933,18.81643393,1,
61.01267154,11.39803165,1,
62.03617001,6.764552176,1,
64.46405071,12.31104722,1,
59.79729649,5.202139221,1,
65.67316239,11.96372784,1,
69.97676264,23.29618605,1,
59.26115358,5.189440436,1,
70.41037486,26.69542106,1,
59.66033282,10.78171805,1,
60.62827109,6.422905655,1,
62.14483346,6.083956692,1,
61.59560815,9.748116482,1,
59.97351274,10.00465358,1,
62.47638082,6.198540548,1,
58.00637383,7.554750837,1,
64.6110209,12.5796255,1,
64.69637332,12.71659396,1,
59.79866184,11.47126607,1,
59.55156624,10.58107892,1,
68.94155306,20.91413138,1,
59.30746553,4.871303106,1,
67.29908053,15.19290433,1,
62.3403365,8.061067736,1,
66.87787553,15.26587731,1,
66.02837518,13.31604005,1,
66.13161913,13.58665103,1,
66.98527635,15.31765929,1,
67.09385926,15.40026026,1,
62.76304659,11.33765368,1,
67.29926157,14.86974157,1,
62.19164724,8.542086898,1,
66.4613336,15.11814876,1,
65.34655683,13.3405285,1,
78.0609783,13.62073033,1,
66.4478617,14.84110777,1,
62.95679216,10.72626659,1,
61.90688073,5.992531703,1,
62.44658194,7.834724546,1,
65.08773419,12.37763101,1,
68.23206868,14.56205831,1,
63.29166248,9.079873801,1,
61.14575157,9.065222449,1,
60.60528989,9.743319007,1,
70.99643319,24.66285845,1,
59.81390485,7.196506494,1,
69.96786717,19.62614546,1,
70.6737796,23.66434051,1,
68.08445585,15.60896229,1,
60.3931437,10.55976563,1,
60.69954084,8.950373524,1,
61.76668563,6.19171167,1,
62.54787436,9.113185355,1,
58.77195597,5.870205599,1,
62.10826321,10.63499734,1,
62.22628921,9.53752186,1,
68.36056563,15.39024885,1,
63.29972277,9.84474075,1,
60.40433411,12.04759939,1,
60.20077824,11.07957045,1,
66.43668453,14.04157464,1,
68.191285,17.7917858,1,
66.96626393,14.1600271,1,
59.88445817,12.30605162,1,
60.72199274,11.79736789,1,
66.56869084,15.34201127,1,
68.78542067,17.15687636,1,
59.48880546,10.86543981,1,
61.20410938,6.53155844,1,
59.99583051,8.375827315,1,
66.49685314,12.08787629,1,
61.47615821,11.29768571,1,
62.67457138,8.561822634,1,
59.42788001,10.65450636,1,
59.90321577,6.618814658,1,
59.71062077,10.27301202,1,
62.1866267,5.126264692,1,
62.59888825,9.692577412,1,
68.09420827,16.36654225,1,
67.86802241,18.62271016,1,
63.04462777,11.65041606,1,
63.22691892,11.03956869,1,
61.40314262,7.297857649,1,
61.46882759,7.18543476,1,
60.49926815,7.872548673,1,
58.76114798,5.652324226,1,
66.14856942,13.82994675,1,
60.23105214,5.041908421,1,
62.11770154,8.864884944,1,
60.59637643,4.832998776,1,
66.40466767,14.53140064,1,
62.91838212,11.14001428,1,
59.27020164,10.41094223,1,
60.07175719,11.03583758,1,
61.02742221,10.55649926,1,
63.43820303,10.62389226,1,
63.79159627,11.483251,1,
65.17055974,13.36851625,1,
64.39970508,12.34303218,1,
65.70464262,13.24039833,1,
61.9921266,10.88583752,1,
63.60857411,11.05204496,1,
59.83664728,10.43500533,1,
64.13631637,11.91477493,1,
59.65143377,9.64807706,1,
63.00454497,10.45845488,1,
63.86519553,8.660297899,1,
59.21028439,10.94035464,1,
60.14353757,10.24905057,1,
63.60165243,8.974441126,1,
63.70329823,11.18009769,1,
70.97706004,25.96492284,1,
62.56128234,10.3244228,1,
69.72108079,22.05694814,1,
63.11321535,7.730811161,1,
58.08269207,7.907414464,1,
60.17930211,9.621064264,1,
59.42481081,10.37431895,1,
67.00741781,14.57329049,1,
66.31125008,14.14000086,1,
60.93062798,10.70211312,1,
62.73478135,7.151688825,1,
71.03508176,27.85066848,1,
69.44920507,23.67265334,1,
60.41082994,7.332711814,1,
65.84064205,13.19905975,1,
60.7892716,10.68047839,1,
63.41544562,10.40489599,1,
69.51100419,28.60087742,1,
69.42378012,25.82355111,1,
70.08914524,27.94181811,1,
68.38491564,23.6354242,1,
62.34168989,5.631557937,1,
62.0733827,9.114400202,1,
68.58033107,16.58279,1,
69.38661377,20.27716425,1,
77.92176033,16.71390191,1,
58.48568382,7.465839991,1,
67.11970261,16.07783823,1,
62.31740945,6.932893141,1,
63.04326986,10.29006301,1,
63.46841695,10.91804811,1,
62.48245608,6.830736324,1,
67.77652768,15.01578373,1,
61.57290581,11.0427501,1,
61.45665956,5.887334142,1,
60.19108207,11.99979103,1,
68.09943828,16.38737227,1,
69.72844834,30.04129674,1,
69.02210961,23.01973986,1,
69.47227163,25.51890645,1,
61.6601842,7.276357541,1,
62.49802383,7.547056237,1,
62.96733323,7.138940898,1,
67.5800035,15.89013167,1,
62.13703918,9.988076506,1,
64.12287535,11.62189008,1,
61.60012892,5.037795864,1,
69.00034109,16.56522414,1,
58.33486118,8.232936273,1,
70.85276303,29.23420299,1,
62.8286823,10.00510786,1,
70.64358935,29.73193819,1,
70.02708621,22.09293712,1,
68.86044293,18.35092236,1,
62.25977829,8.198775438,1,
69.24024919,19.22653258,1,
60.92076247,9.414508546,1,
61.34802533,5.073594335,1,
60.46751757,5.343467191,1,
60.12000352,11.47791943,1,
58.41278257,8.708673052,1,
61.23638639,7.702173889,1,
69.32605479,16.13481186,1,
60.07432193,5.242932904,1,
61.16336362,5.900725138,1,
63.77313262,9.813930226,1,
67.2875042,14.43396572,1,
60.61339301,12.01229501,1,
59.17171204,5.874807924,1,
69.23123105,17.98715222,1,
59.92213424,11.16778365,1,
61.45490326,10.19295177,1,
67.26404374,15.39887194,1,
59.6647753,5.934367787,1,
65.88895658,13.81040308,1,
60.32859413,11.26165039,1,
66.09811994,12.47164091,1,
60.83452611,10.0755861,1,
58.83253792,7.798786587,1,
65.4648323,12.20722733,1,
70.59173266,22.30288988,1,
68.68076527,14.46669533,1,
61.88289618,12.0271042,1,
70.19941059,28.18599049,1,
70.05232085,24.9562429,1,
61.17901621,6.854400265,1,
59.4855796,8.634150658,1,
64.89697039,13.52550569,1,
59.98435753,6.012209885,1,
62.57540282,11.38800012,1,
64.20669611,10.30247568,1,
63.05526396,9.212884277,1,
61.14033692,11.36757381,1,
59.70223923,8.046972074,1,
59.48853012,6.253964008,1,
58.80386638,9.429329844,1,
69.02629956,19.28944703,1,
60.82859147,7.505103356,1,
59.7365843,10.36775364,1,
69.44555709,17.2968876,1,
68.69568115,15.41161554,1,
70.51680465,24.94984185,1,
63.51466609,7.95536997,1,
59.62274478,9.683866383,1,
70.03447065,20.9759507,1,
61.91830443,8.092005976,1,
59.01770909,5.598620609,1,
66.86462384,13.72226836,1,
59.90707251,10.75448287,1,
58.13838212,7.068682342,1,
66.5130569,13.01007277,1,
58.45262761,6.552003338,1,
58.09002458,6.688492776,1,
60.82168136,11.35140113,1,
70.23940924,22.34857396,1,
66.73730264,15.46362017,1,
78.22882564,15.39731006,1,
61.84227172,8.573895886,1,
67.88778118,13.03654289,1,
68.41237072,15.98590743,1,
60.7340627,5.163684545,1,
61.13699457,10.43904557,1,
64.39968681,13.65141552,1,
63.67369204,10.62734905,1,
68.14850241,13.61157889,1,
60.32950483,6.658400637,1,
64.50245706,10.8973963,1,
59.03233857,6.394230212,1,
63.93489123,11.42984886,1,
78.92955217,11.86530357,1,
59.56003013,9.259988042,1,
60.36986544,6.143130419,1,
64.92850923,13.15876401,1,
68.43899813,17.42764073,1,
64.46857391,11.50759553,1,
59.54866764,11.33767075,1,
61.9308102,5.127711218,1,
68.91472024,15.08699065,1,
58.93663678,11.18132937,1,
61.69384059,13.14823914,1,
61.1542352,13.266081,1,
60.28399504,12.75770656,1,
59.31982196,11.91559928,1,
63.70124629,12.95885152,1,
63.97389069,14.16681743,1,
60.89912194,12.59860459,1,
62.06032834,12.31725594,1,
64.50418732,14.13883462,1,
62.5193877,12.60106958,1,
58.90865578,11.94171303,1,
61.73174028,10.83570305,1,
61.42323377,11.09953146,1,
61.83821136,10.88068267,1,
64.19932195,12.20264696,1,
64.82071753,12.98206033,1,
60.39811834,5.319053238,1,
66.11173391,13.11470927,1,
66.73077266,13.27166245,1,
67.52012974,12.1042082,1,
69.6376276,18.00415485,1,
64.97176676,15.34745192,1,
60.79089766,11.08908653,1,
60.88805158,11.54242446,1,
65.01945992,13.26139104,1,
62.40923414,10.99906678,1,
61.25165127,11.32382896,1,
64.00771417,11.5018437,1,
62.49715201,11.22643218,1,
63.42170728,11.75939737,1,
64.24547775,12.37355477,1,
65.82045958,15.08099217,1,
65.95819239,16.20571033,1,
66.38749715,16.96590467,1,
59.25361729,7.477189254,1,
70.08325499,29.73534669,1,
60.83914559,8.622541277,1,
59.27796691,9.284410959,1,
59.4253768,5.398164815,1,
61.18448686,8.233068272,1,
58.62601243,8.926466038,1,
70.3363706,31.0311879,1,
59.7555614,8.787211668,1,
65.53862525,13.38527112,1,
69.66271541,18.93964116,1,
59.01961465,8.52130006,1,
59.12713776,10.39922773,1,
62.91192324,8.206759332,1,
61.42321251,12.38157847,1,
61.06962923,4.820823755,1,
60.03841299,9.167762836,1,
64.86370872,11.24214931,1,
66.94249059,17.73905421,1,
67.48837604,18.34131094,1,
68.35433933,18.81643393,1,
61.01267154,11.39803165,1,
62.03617001,6.764552176,1,
64.46405071,12.31104722,1,
59.79729649,5.202139221,1,
65.67316239,11.96372784,1,
69.97676264,23.29618605,1,
59.26115358,5.189440436,1,
70.41037486,26.69542106,1,
60.62827109,6.422905655,1,
62.14483346,6.083956692,1,
61.59560815,9.748116482,1,
59.97351274,10.00465358,1,
62.47638082,6.198540548,1,
58.00637383,7.554750837,1,
64.6110209,12.5796255,1,
64.69637332,12.71659396,1,
59.79866184,11.47126607,1,
59.55156624,10.58107892,1,
68.94155306,20.91413138,1,
59.30746553,4.871303106,1,
67.29908053,15.19290433,1,
62.3403365,8.061067736,1,
66.87787553,15.26587731,1,
66.02837518,13.31604005,1,
66.13161913,13.58665103,1,
66.98527635,15.31765929,1,
67.09385926,15.40026026,1,
62.76304659,11.33765368,1,
67.29926157,14.86974157,1,
62.19164724,8.542086898,1,
66.4613336,15.11814876,1,
65.34655683,13.3405285,1,
78.0609783,13.62073033,1,
66.4478617,14.84110777,1,
62.95679216,10.72626659,1,
61.90688073,5.992531703,1,
62.44658194,7.834724546,1,
65.08773419,12.37763101,1,
68.23206868,14.56205831,1,
63.29166248,9.079873801,1,
61.14575157,9.065222449,1,
60.60528989,9.743319007,1,
70.99643319,24.66285845,1,
59.81390485,7.196506494,1,
69.96786717,19.62614546,1,
70.6737796,23.66434051,1,
68.08445585,15.60896229,1,
60.3931437,10.55976563,1,
60.69954084,8.950373524,1,
61.76668563,6.19171167,1,
62.54787436,9.113185355,1,
58.77195597,5.870205599,1,
62.10826321,10.63499734,1,
62.22628921,9.53752186,1,
63.29972277,9.84474075,1,
60.40433411,12.04759939,1,
60.20077824,11.07957045,1,
66.43668453,14.04157464,1,
68.191285,17.7917858,1,
66.96626393,14.1600271,1,
59.88445817,12.30605162,1,
60.72199274,11.79736789,1,
66.56869084,15.34201127,1,
68.78542067,17.15687636,1,
59.48880546,10.86543981,1,
61.20410938,6.53155844,1,
59.99583051,8.375827315,1,
66.49685314,12.08787629,1,
61.47615821,11.29768571,1,
59.42788001,10.65450636,1,
59.71062077,10.27301202,1,
62.1866267,5.126264692,1,
62.59888825,9.692577412,1,
68.09420827,16.36654225,1,
67.86802241,18.62271016,1,
63.04462777,11.65041606,1,
63.22691892,11.03956869,1,
61.40314262,7.297857649,1,
61.46882759,7.18543476,1,
60.49926815,7.872548673,1,
58.76114798,5.652324226,1,
66.14856942,13.82994675,1,
60.23105214,5.041908421,1,
62.11770154,8.864884944,1,
60.59637643,4.832998776,1,
66.40466767,14.53140064,1,
62.91838212,11.14001428,1,
59.27020164,10.41094223,1,
60.07175719,11.03583758,1,
61.02742221,10.55649926,1,
63.43820303,10.62389226,1,
63.79159627,11.483251,1,
65.17055974,13.36851625,1,
64.39970508,12.34303218,1,
65.70464262,13.24039833,1,
61.9921266,10.88583752,1,
63.60857411,11.05204496,1,
59.83664728,10.43500533,1,
64.13631637,11.91477493,1,
59.65143377,9.64807706,1,
63.00454497,10.45845488,1,
63.86519553,8.660297899,1,
59.21028439,10.94035464,1,
60.14353757,10.24905057,1,
63.70329823,11.18009769,1,
70.97706004,25.96492284,1,
62.56128234,10.3244228,1,
69.72108079,22.05694814,1,
63.11321535,7.730811161,1,
58.08269207,7.907414464,1,
60.17930211,9.621064264,1,
59.42481081,10.37431895,1,
67.00741781,14.57329049,1,
66.31125008,14.14000086,1,
60.93062798,10.70211312,1,
62.73478135,7.151688825,1,
71.03508176,27.85066848,1,
69.44920507,23.67265334,1,
60.41082994,7.332711814,1,
65.84064205,13.19905975,1,
60.7892716,10.68047839,1,
63.41544562,10.40489599,1,
69.51100419,28.60087742,1,
69.42378012,25.82355111,1,
70.08914524,27.94181811,1,
68.38491564,23.6354242,1,
62.34168989,5.631557937,1,
50.84320638,24.0537321,1,
52.62880546,18.17335867,1,
51.61617851,15.33144272,1,
51.46571334,19.21916684,1,
52.80830692,17.2045872,1,
52.61983828,16.57212559,1,
52.02365589,23.1583479,1,
52.17830165,22.26604433,1,
51.89864062,21.60940075,1,
50.9631109,22.16434397,1,
51.08089361,23.43383712,1,
51.54386592,23.54992303,1,
52.42358222,22.84575528,1,
53.15009122,23.20293136,1,
50.76713869,16.13207683,1,
50.35383007,16.63033671,1,
52.33614284,17.56967806,1,
53.12433361,19.08712225,1,
52.67800457,22.49803726,1,
50.37453819,18.33078319,1,
49.74584421,21.47654407,1,
54.17588369,15.55112486,1,
50.33096207,19.54971814,1,
50.01931716,21.9819815,1,
49.63330869,20.66429636,1,
51.21415273,16.16234118,1,
52.25382946,20.90383631,1,
53.92600448,19.34370344,1,
53.74741042,18.95358279,1,
51.94043579,15.52704374,1,
52.25551949,15.92639458,1,
53.41344747,18.45063741,1,
51.78487262,19.39268224,1,
53.40001099,20.94429785,1,
53.41107532,17.00634025,1,
53.23600408,20.1618305,1,
50.52604892,22.19580056,1,
53.5797378,15.74347987,1,
53.27346719,16.4767153,1,
54.75377079,17.53478999,1,
54.60638192,18.80112197,1,
54.37278076,17.16176786,1,
54.38459373,19.82770673,1,
54.32660599,18.19903329,1,
54.1202051,17.98316261,1,
54.0874972,18.78545395,1,
54.5937391,18.35709835,1,
52.40261687,16.95087565,1,
54.53911252,17.74054728,1,
52.73287165,15.24592755,1,
51.65109051,20.95141668,1,
52.25419482,19.36322871,1,
51.08571585,19.88240877,1,
51.37647633,20.28754578,1,
53.75032283,20.45693514,1,
53.82608239,14.98201622,1,
51.11325846,17.06203587,1,
52.79811205,21.90409998,1,
53.57340331,23.10824981,1,
53.65090126,22.45455828,1,
53.62276443,21.77582912,1,
51.32976476,16.65920757,1,
51.18238635,15.02703886,1,
51.41590107,21.97162558,1,
53.02085702,20.897963,1,
52.62144758,20.36533866,1,
50.67058869,16.60621311,1,
52.63758046,19.14917301,1,
51.78342186,19.97772286,1,
51.22253364,18.55633905,1,
50.92573664,16.37040666,1,
51.97491425,17.51402719,1,
52.08801647,17.02076613,1,
51.39183319,19.67991659,1,
50.01231028,22.67298585,1,
51.53712712,21.55249139,1,
49.91564616,18.49457473,1,
53.89845506,16.84864776,1,
54.22213767,21.35348715,1,
51.27161567,22.57094126,1,
52.10285575,19.9523427,1,
52.52226311,21.69384186,1,
54.12596541,20.57911197,1,
49.8574966,19.37347398,1,
50.81140591,19.10535323,1,
52.53630025,17.63671589,1,
50.67730668,17.98074536,1,
53.01643469,18.55745428,1,
52.84836652,17.73393476,1,
50.44051707,23.4224314,1,
53.28025773,15.3228251,1,
51.84158865,16.60334455,1,
50.00459197,19.99275611,1,
51.65178063,22.9175016,1,
53.89239738,20.66993723,1,
51.64607404,17.86058376,1,
50.86780161,14.77562939,1,
53.56495463,19.77406345,1,
50.14881649,23.109577,1,
50.71754034,23.26707955,1,
51.39795959,21.18111867,1,
52.05479148,20.41976713,1,
52.8467463,19.65191919,1,
52.88077972,16.54973241,1,
53.14416283,17.96336254,1,
53.33241765,19.36094546,1,
51.25553276,15.55839478,1,
50.5310971,22.71995536,1,
52.74240475,14.69173184,1,
52.19183262,21.42452302,1,
53.79469603,17.97005903,1,
51.61433864,17.05604491,1,
54.21319434,19.11541888,1,
53.86133432,21.36363017,1,
53.91514667,19.94821016,1,
52.60415682,15.90636991,1,
50.28500645,21.42000765,1,
50.71394351,18.75274316,1,
50.95209942,21.37109015,1,
51.56594719,14.70061811,1,
53.77288031,15.40867812,1,
53.43043877,14.55171079,1,
52.22640468,18.27715579,1,
51.7958802,18.3313584,1,
50.88000241,20.63856,1,
50.25186613,20.51988544,1,
51.08387608,20.82379646,1,
50.59230343,21.00223013,1,
50.64855755,21.65528358,1,
49.96768912,20.4060106,1,
49.5995585,19.96542035,1,
49.03729187,19.72101645,1,
49.30957715,19.52373671,1,
49.19159073,20.44694638,1,
49.26310962,20.8755541,1,
49.30828728,21.5709363,1,
49.43460885,18.78474881,1,
54.37148365,18.61624883,1,
50.28254664,18.93817858,1,
54.1902172,17.5142334,1,
52.69883997,21.10935925,1,
49.96476925,16.98095702,1,
49.68479281,18.35318279,1,
50.23282442,17.20816615,1,
50.56264361,15.90844784,1,
50.77170205,15.05989118,1,
50.78052006,17.0601946,1,
50.6384913,20.28654386,1,
50.63240954,19.81597508,1,
53.06159336,21.56402745,1,
53.66260111,13.88844042,1,
53.06950977,14.25821793,1,
51.73676947,14.33124712,1,
51.35487591,14.96567221,1,
52.83272078,13.81956463,1,
52.35617137,14.54122609,1,
53.3120933,13.86782132,1,
50.06831337,20.99261225,1,
51.57638084,18.71379565,1,
53.4086416,23.51147456,1,
54.08171167,22.92448001,1,
51.19533951,19.33140905,1,
52.7514593,23.18708679,1,
54.57748892,16.87378617,1,
53.81989428,17.40548643,1,
53.56952089,17.89532358,1,
49.52410668,22.25166173,1,
53.91405233,14.23905907,1,
54.20808792,16.1548748,1,
51.94601504,14.73864173,1,
51.3047664,17.74789491,1,
53.14465801,14.88334516,1,
50.00594494,17.87737498,1,
53.19240377,22.36914819,1,
52.41531014,18.75495882,1,
54.82956943,18.31273345,1,
50.46440387,17.33525254,1,
50.97340103,18.22196945,1,
51.97634887,18.79804216,1,
52.31319458,15.07413392,1,
52.21602916,16.53138589,1,
53.96493414,18.49284527,1,
51.87091039,16.06180313,1,
50.81705976,15.43333404,1,
50.84320638,24.0537321,1,
52.62880546,18.17335867,1,
51.61617851,15.33144272,1,
51.46571334,19.21916684,1,
52.80830692,17.2045872,1,
52.61983828,16.57212559,1,
52.02365589,23.1583479,1,
52.17830165,22.26604433,1,
51.89864062,21.60940075,1,
50.9631109,22.16434397,1,
51.08089361,23.43383712,1,
51.54386592,23.54992303,1,
52.42358222,22.84575528,1,
53.15009122,23.20293136,1,
50.76713869,16.13207683,1,
50.35383007,16.63033671,1,
52.33614284,17.56967806,1,
53.12433361,19.08712225,1,
52.67800457,22.49803726,1,
50.37453819,18.33078319,1,
49.74584421,21.47654407,1,
54.17588369,15.55112486,1,
50.33096207,19.54971814,1,
50.01931716,21.9819815,1,
49.63330869,20.66429636,1,
51.21415273,16.16234118,1,
52.25382946,20.90383631,1,
53.92600448,19.34370344,1,
53.74741042,18.95358279,1,
51.94043579,15.52704374,1,
52.25551949,15.92639458,1,
53.41344747,18.45063741,1,
51.78487262,19.39268224,1,
53.40001099,20.94429785,1,
53.41107532,17.00634025,1,
53.23600408,20.1618305,1,
50.52604892,22.19580056,1,
53.5797378,15.74347987,1,
53.27346719,16.4767153,1,
54.75377079,17.53478999,1,
54.60638192,18.80112197,1,
54.37278076,17.16176786,1,
54.38459373,19.82770673,1,
54.32660599,18.19903329,1,
54.0874972,18.78545395,1,
54.5937391,18.35709835,1,
52.40261687,16.95087565,1,
54.53911252,17.74054728,1,
52.73287165,15.24592755,1,
51.65109051,20.95141668,1,
52.25419482,19.36322871,1,
51.08571585,19.88240877,1,
51.37647633,20.28754578,1,
53.75032283,20.45693514,1,
53.82608239,14.98201622,1,
51.11325846,17.06203587,1,
52.79811205,21.90409998,1,
53.57340331,23.10824981,1,
53.65090126,22.45455828,1,
53.62276443,21.77582912,1,
51.32976476,16.65920757,1,
51.18238635,15.02703886,1,
51.41590107,21.97162558,1,
53.02085702,20.897963,1,
52.62144758,20.36533866,1,
50.67058869,16.60621311,1,
51.78342186,19.97772286,1,
51.22253364,18.55633905,1,
50.92573664,16.37040666,1,
51.97491425,17.51402719,1,
52.08801647,17.02076613,1,
51.39183319,19.67991659,1,
50.01231028,22.67298585,1,
51.53712712,21.55249139,1,
49.91564616,18.49457473,1,
53.89845506,16.84864776,1,
54.22213767,21.35348715,1,
51.27161567,22.57094126,1,
52.10285575,19.9523427,1,
52.52226311,21.69384186,1,
54.12596541,20.57911197,1,
49.8574966,19.37347398,1,
50.81140591,19.10535323,1,
50.67730668,17.98074536,1,
53.01643469,18.55745428,1,
52.84836652,17.73393476,1,
50.44051707,23.4224314,1,
53.28025773,15.3228251,1,
51.84158865,16.60334455,1,
50.00459197,19.99275611,1,
51.65178063,22.9175016,1,
53.89239738,20.66993723,1,
51.64607404,17.86058376,1,
50.86780161,14.77562939,1,
53.56495463,19.77406345,1,
50.14881649,23.109577,1,
51.39795959,21.18111867,1,
52.05479148,20.41976713,1,
52.8467463,19.65191919,1,
52.88077972,16.54973241,1,
53.14416283,17.96336254,1,
51.25553276,15.55839478,1,
50.5310971,22.71995536,1,
52.74240475,14.69173184,1,
52.19183262,21.42452302,1,
53.79469603,17.97005903,1,
54.21319434,19.11541888,1,
53.86133432,21.36363017,1,
53.91514667,19.94821016,1,
52.60415682,15.90636991,1,
50.28500645,21.42000765,1,
50.71394351,18.75274316,1,
50.95209942,21.37109015,1,
51.56594719,14.70061811,1,
53.77288031,15.40867812,1,
53.43043877,14.55171079,1,
52.22640468,18.27715579,1,
51.7958802,18.3313584,1,
50.88000241,20.63856,1,
50.25186613,20.51988544,1,
51.08387608,20.82379646,1,
50.59230343,21.00223013,1,
50.64855755,21.65528358,1,
49.96768912,20.4060106,1,
49.5995585,19.96542035,1,
49.03729187,19.72101645,1,
49.30957715,19.52373671,1,
49.26310962,20.8755541,1,
49.30828728,21.5709363,1,
49.43460885,18.78474881,1,
54.37148365,18.61624883,1,
50.28254664,18.93817858,1,
54.1902172,17.5142334,1,
52.69883997,21.10935925,1,
49.96476925,16.98095702,1,
49.68479281,18.35318279,1,
50.23282442,17.20816615,1,
50.56264361,15.90844784,1,
50.77170205,15.05989118,1,
50.78052006,17.0601946,1,
50.6384913,20.28654386,1,
50.63240954,19.81597508,1,
53.06159336,21.56402745,1,
53.66260111,13.88844042,1,
53.06950977,14.25821793,1,
51.73676947,14.33124712,1,
51.35487591,14.96567221,1,
52.83272078,13.81956463,1,
52.35617137,14.54122609,1,
53.3120933,13.86782132,1,
50.06831337,20.99261225,1,
51.57638084,18.71379565,1,
53.4086416,23.51147456,1,
54.08171167,22.92448001,1,
51.19533951,19.33140905,1,
52.7514593,23.18708679,1,
54.57748892,16.87378617,1,
53.81989428,17.40548643,1,
53.56952089,17.89532358,1,
49.52410668,22.25166173,1,
53.91405233,14.23905907,1,
54.20808792,16.1548748,1,
51.94601504,14.73864173,1,
51.3047664,17.74789491,1,
53.14465801,14.88334516,1,
50.00594494,17.87737498,1,
53.19240377,22.36914819,1,
52.41531014,18.75495882,1,
54.82956943,18.31273345,1,
50.46440387,17.33525254,1,
50.97340103,18.22196945,1,
51.97634887,18.79804216,1,
52.31319458,15.07413392,1,
52.21602916,16.53138589,1,
53.96493414,18.49284527,1,
51.87091039,16.06180313,1,
50.81705976,15.43333404,1,
39.48157992,-8.536793559,1,
37.28028422,-6.913543985,1,
42.29883856,-7.59025341,1,
42.17860557,-8.539627513,1,
42.18397717,-8.813071439,1,
42.05118909,-6.636932698,1,
41.70004767,-6.352109381,1,
42.05905392,-7.12497805,1,
41.4855964,-7.178267509,1,
41.01117776,-8.64353054,1,
39.80614446,-7.536286038,1,
41.00875665,-6.433287324,1,
40.60712034,-6.821358376,1,
39.9816201,-6.519642119,1,
40.39076687,-7.300489498,1,
37.6399876,-7.662276771,1,
37.71342806,-6.584875709,1,
37.17146127,-7.526757279,1,
38.78551584,-7.483397804,1,
38.32004178,-6.779433989,1,
39.40760843,-7.248285334,1,
37.15092439,-8.652911338,1,
38.77626572,-9.106307654,1,
40.90562162,-7.465762438,1,
40.63425219,-8.660022069,1,
42.3449435,-7.855624978,1,
37.8938771,-6.565409891,1,
38.39747837,-8.615821614,1,
38.0670356,-8.077052277,1,
37.80094882,-8.676549752,1,
39.90672385,-8.265293772,1,
37.60412184,-8.250961386,1,
40.32381112,-7.92416619,1,
40.35800623,-8.552933783,1,
40.79687081,-8.101086305,1,
39.24772471,-8.013741232,1,
38.58202578,-7.926933398,1,
39.25185551,-9.310605343,1,
41.28679754,-7.741069385,1,
39.7090852,-8.860844451,1,
37.02593197,-7.923173914,1,
38.90178877,-8.634608963,1,
41.69047097,-7.667363165,1,
38.7240873,-9.382752865,1,
41.59748718,-8.268102479,1,
41.21530088,-8.262612636,1,
38.89368923,-6.989258025,1,
38.19511648,-7.498812928,1,
41.694848,-8.846850802,1,
39.48157992,-8.536793559,1,
37.28028422,-6.913543985,1,
42.29883856,-7.59025341,1,
42.17860557,-8.539627513,1,
42.18397717,-8.813071439,1,
42.05118909,-6.636932698,1,
41.70004767,-6.352109381,1,
42.05905392,-7.12497805,1,
41.4855964,-7.178267509,1,
41.01117776,-8.64353054,1,
39.80614446,-7.536286038,1,
41.00875665,-6.433287324,1,
40.60712034,-6.821358376,1,
39.9816201,-6.519642119,1,
40.39076687,-7.300489498,1,
37.6399876,-7.662276771,1,
37.17146127,-7.526757279,1,
38.78551584,-7.483397804,1,
38.32004178,-6.779433989,1,
39.40760843,-7.248285334,1,
37.15092439,-8.652911338,1,
38.77626572,-9.106307654,1,
40.90562162,-7.465762438,1,
40.63425219,-8.660022069,1,
42.3449435,-7.855624978,1,
37.8938771,-6.565409891,1,
38.0670356,-8.077052277,1,
37.80094882,-8.676549752,1,
39.90672385,-8.265293772,1,
37.60412184,-8.250961386,1,
40.32381112,-7.92416619,1,
40.35800623,-8.552933783,1,
40.79687081,-8.101086305,1,
39.24772471,-8.013741232,1,
38.58202578,-7.926933398,1,
39.25185551,-9.310605343,1,
41.28679754,-7.741069385,1,
39.7090852,-8.860844451,1,
37.02593197,-7.923173914,1,
38.90178877,-8.634608963,1,
41.69047097,-7.667363165,1,
38.7240873,-9.382752865,1,
41.59748718,-8.268102479,1,
41.21530088,-8.262612636,1,
38.89368923,-6.989258025,1,
38.19511648,-7.498812928,1,
41.694848,-8.846850802,1,
48.18728835,16.37934041,1,
48.84962008,17.12906706,1,
49.33801146,17.99101293,1,
49.6847928,18.35318277,1,
48.57749078,19.13338932,1,
49.08228756,18.93361882,1,
49.20434073,18.75647599,1,
48.75309438,21.9278699,1,
47.88166172,17.53975093,1,
49.19159066,20.44694628,1,
47.9914331,17.20241265,1,
49.26310972,20.87555417,1,
49.6824236,18.65244395,1,
48.7579127,16.89421088,1,
49.08458753,17.88171545,1,
48.25885883,18.3221354,1,
49.59955846,19.9654204,1,
49.85749657,19.37347397,1,
49.91564608,18.49457475,1,
49.52410667,22.25166174,1,
49.63330867,20.66429644,1,
48.15531079,17.11731176,1,
47.56862873,18.43206331,1,
48.23318433,20.32850898,1,
48.32776005,21.52725875,1,
48.92846986,20.5476077,1,
49.30828725,21.57093625,1,
48.88555349,18.03313562,1,
48.24494997,17.82384271,1,
48.07199025,18.94365773,1,
48.64805073,20.52426942,1,
48.96563204,21.25885715,1,
48.43121512,19.79497079,1,
49.10910087,18.45933465,1,
48.71804589,18.5557024,1,
49.30957717,19.5237368,1,
48.39510531,21.95531389,1,
49.03729186,19.72101648,1,
47.76807792,18.10809659,1,
48.18178769,17.26981225,1,
48.59018393,17.82556519,1,
49.43460885,18.78474881,1,
47.77928656,19.146328,1,
48.73312364,21.24391167,1,
48.44254652,17.03189055,1,
47.72788371,16.93454952,1,
49.74584417,21.47654406,1,
48.18728835,16.37934041,1,
48.84962008,17.12906706,1,
49.33801146,17.99101293,1,
49.6847928,18.35318277,1,
48.57749078,19.13338932,1,
49.08228756,18.93361882,1,
49.20434073,18.75647599,1,
48.75309438,21.9278699,1,
47.88166172,17.53975093,1,
49.19159066,20.44694628,1,
47.9914331,17.20241265,1,
49.26310972,20.87555417,1,
49.6824236,18.65244395,1,
48.7579127,16.89421088,1,
49.08458753,17.88171545,1,
48.25885883,18.3221354,1,
49.59955846,19.9654204,1,
49.85749657,19.37347397,1,
49.91564608,18.49457475,1,
49.52410667,22.25166174,1,
49.63330867,20.66429644,1,
48.15531079,17.11731176,1,
47.56862873,18.43206331,1,
48.23318433,20.32850898,1,
48.32776005,21.52725875,1,
48.92846986,20.5476077,1,
49.30828725,21.57093625,1,
48.88555349,18.03313562,1,
48.24494997,17.82384271,1,
48.07199025,18.94365773,1,
48.64805073,20.52426942,1,
48.96563204,21.25885715,1,
48.43121512,19.79497079,1,
49.10910087,18.45933465,1,
49.30957717,19.5237368,1,
48.39510531,21.95531389,1,
49.03729186,19.72101648,1,
47.76807792,18.10809659,1,
48.18178769,17.26981225,1,
48.59018393,17.82556519,1,
49.43460885,18.78474881,1,
47.77928656,19.146328,1,
48.73312364,21.24391167,1,
48.44254652,17.03189055,1,
47.72788371,16.93454952,1,
49.74584417,21.47654406,1,
46.04814831,14.54371417,1,
45.93981882,13.63094321,1,
45.66029265,13.7947002,1,
46.23954208,15.25197588,1,
45.99989838,14.02328406,1,
46.5896847,14.79391452,1,
46.60686189,14.31934049,1,
46.63074542,13.89280475,1,
46.38576851,16.26838049,1,
46.32982441,13.54143225,1,
46.34182374,14.17819856,1,
46.21156294,15.64217501,1,
45.46406775,15.26411518,1,
46.53322499,15.66022359,1,
46.52055078,14.85023265,1,
45.47399508,13.62013443,1,
46.4560038,16.97013885,1,
45.8497453,15.69688985,1,
45.80458,15.1982911,1,
45.71690628,14.46933848,1,
46.82760079,16.32511268,1,
46.77983169,15.54705952,1,
46.04814831,14.54371417,1,
45.93981882,13.63094321,1,
45.66029265,13.7947002,1,
46.23954208,15.25197588,1,
45.99989838,14.02328406,1,
46.5896847,14.79391452,1,
46.60686189,14.31934049,1,
46.63074542,13.89280475,1,
46.38576851,16.26838049,1,
46.32982441,13.54143225,1,
46.34182374,14.17819856,1,
46.21156294,15.64217501,1,
45.46406775,15.26411518,1,
46.53322499,15.66022359,1,
46.52055078,14.85023265,1,
45.47399508,13.62013443,1,
46.4560038,16.97013885,1,
45.8497453,15.69688985,1,
45.80458,15.1982911,1,
45.71690628,14.46933848,1,
46.82760079,16.32511268,1,
46.77983169,15.54705952,1,
43.55803974,-5.698375523,1,
37.93787592,-5.759781377,1,
37.87739957,-4.787834991,1,
42.00776544,-4.557521547,1,
37.18989959,-3.596405637,1,
40.9018513,-5.202496004,1,
40.94508107,-5.495863792,1,
37.78776066,-3.781727756,1,
42.46424083,-2.426097244,1,
37.89387718,-6.565410201,1,
43.06589697,-2.711105276,1,
42.51489033,-2.618248719,1,
43.31740546,-2.678747188,1,
41.65737699,1.166042952,1,
42.13946803,-0.413835917,1,
43.27687308,-3.154179153,1,
41.65229923,-0.876227114,1,
42.84005305,-2.672660471,1,
43.46143259,-8.338169103,1,
35.93984012,-3.034237289,1,
43.41159385,-5.791895857,1,
43.22560178,-6.877100008,1,
43.2424823,-3.411448751,1,
43.25026391,-2.965711825,1,
28.49887617,-13.85993668,1,
43.35434444,-2.553621781,1,
28.30806501,-16.49968196,1,
43.05619176,-3.003590881,1,
43.30639391,-2.041075467,1,
43.0345576,-2.186921124,1,
43.32176187,-1.93151936,1,
36.72223626,-5.147465672,1,
37.5965973,-0.973855369,1,
41.79315467,-0.162716785,1,
43.57011345,-5.701905377,1,
42.4156902,1.870494428,1,
40.38935662,-3.630078625,1,
40.84123678,-1.879291513,1,
41.63339489,-0.882164819,1,
37.1999787,-6.920299764,1,
39.4788606,-6.341785259,1,
38.17506011,-1.053678071,1,
37.80652237,-1.128610686,1,
37.804234,-1.446729614,1,
38.04588016,-1.967682196,1,
38.23315456,-1.380866965,1,
38.50206877,-1.325649139,1,
37.65790313,-1.699572763,1,
42.88543178,-8.551723078,1,
37.59344058,-1.310494963,1,
38.24752548,-1.998825787,1,
38.04111054,-1.448845622,1,
40.60712042,-6.821358658,1,
40.12513472,-3.832180999,1,
43.15358562,-4.805690185,1,
40.16672752,-3.276210628,1,
42.29883867,-7.590253705,1,
37.1998338,-6.933939638,1,
41.28554711,-4.683914898,1,
38.95119014,1.40687048,1,
42.31671233,-5.629385081,1,
41.88160652,0.750531464,1,
39.9343571,4.140150087,1,
41.5996153,1.401137153,1,
39.6136929,3.392271668,1,
39.4076085,-7.248285564,1,
42.25564186,2.675726847,1,
39.4798165,-5.85559726,1,
38.75116095,-2.841393808,1,
28.47718228,-16.24115653,1,
41.21398044,-5.109751436,1,
28.41825284,-16.55078924,1,
41.27873511,-3.480310474,1,
36.71559649,-4.435410866,1,
42.51984138,-4.742911288,1,
36.75476277,-3.520522994,1,
41.76223331,-2.470517313,1,
37.23231155,-5.09517006,1,
41.98528013,-3.033750354,1,
41.52244251,-5.391018881,1,
41.70250626,-4.708320908,1,
38.38346648,-4.849330847,1,
42.5159482,-4.010538683,1,
41.00875669,-6.433287662,1,
36.53171523,-6.211862315,1,
42.58840529,-5.650975796,1,
38.16763843,-3.012476974,1,
37.70233516,-2.932402491,1,
37.40155976,-1.942124924,1,
41.5920895,-4.119595592,1,
37.2802844,-6.913544218,1,
41.58807694,-3.067961744,1,
42.34699362,-3.686808407,1,
40.59002909,-6.538121263,1,
36.11104125,-5.444177707,1,
40.54670885,-5.67775735,1,
42.05905398,-7.124978347,1,
36.50374129,-4.978491137,1,
41.54445109,0.493318773,1,
28.76386976,-17.89382969,1,
27.64068009,-17.97912102,1,
42.56789333,-2.195182847,1,
43.13931838,-1.608701,1,
37.63085738,-0.698406135,1,
42.80999473,-0.954720892,1,
38.0295102,-2.280041933,1,
42.33964584,-1.939206673,1,
37.65388875,-1.686773632,1,
42.5208779,-1.676725865,1,
37.99216258,-1.124685856,1,
42.57952554,-1.286961557,1,
42.04856956,-1.603434721,1,
42.80090483,-1.635587235,1,
37.1714614,-7.526757541,1,
40.52489759,-3.08862942,1,
42.17860561,-8.539627738,1,
43.41383225,-2.902355925,1,
43.08197175,-1.914166282,1,
38.98334711,-1.897575395,1,
42.65148163,-2.024432506,1,
42.3781497,-1.440810256,1,
42.8533807,-8.582652409,1,
42.64466732,-8.882857731,1,
40.02528797,-3.612522844,1,
42.65910833,-8.118170522,1,
37.97541058,-0.68044085,1,
39.06135163,-1.059189793,1,
38.6979845,-0.473547266,1,
39.94501442,-1.101577383,1,
43.34652462,-8.530110133,1,
40.61151605,-0.097346062,1,
41.50681604,-5.739226726,1,
38.83477753,0.103661293,1,
41.21606556,-2.27360906,1,
39.56867856,-1.20858843,1,
42.93505239,-1.262145712,1,
42.89153928,-2.164393196,1,
39.43570697,-0.343905024,1,
43.73964761,-7.871414114,1,
39.80614453,-7.536286282,1,
37.60663181,-0.979287244,1,
38.78551599,-7.483398122,1,
40.53243384,-3.646488352,1,
37.83490342,-0.778531314,1,
42.14296056,2.509993596,1,
43.67191405,-7.411296543,1,
43.51311797,-5.725996654,1,
39.14331148,-5.919497943,1,
42.95398076,-8.962854883,1,
38.91344701,-3.83765302,1,
41.00708115,-5.61019288,1,
43.3375,-4.050416664,1,
36.68418599,-6.13635912,1,
41.56813484,1.667595522,1,
39.42651369,3.019049958,1,
39.31883846,2.99956662,1,
37.71342826,-6.584875524,1,
42.60681952,-6.342816732,1,
42.33953769,-3.696667979,1,
36.034101,-5.606921076,1,
41.57929456,-1.11704149,1,
38.82027843,-3.756358408,1,
42.71542503,-2.980863724,1,
41.38337013,2.141622725,1,
37.63998774,-7.662277038,1,
36.84243829,-2.300674302,1,
36.24700397,-5.970497396,1,
41.69047107,-7.667363421,1,
28.04716213,-16.71852449,1,
37.13200146,-6.833697779,1,
39.89845914,0.684672222,1,
37.4108883,-6.002200825,1,
28.18418248,-14.15012317,1,
38.89368937,-6.989258311,1,
38.73043075,-5.538793154,1,
39.98162018,-6.519642399,1,
39.94731772,-4.942853742,1,
39.18143836,-5.050029886,1,
39.56377209,-1.215282652,1,
38.32004187,-6.779434215,1,
38.23678162,-6.01071264,1,
38.91627888,-6.348559875,1,
39.89485157,-5.545118975,1,
40.90562167,-7.46576265,1,
38.70527736,1.428786671,1,
39.64590156,3.015345558,1,
28.0877959,-17.10829268,1,
40.35828129,-4.376284583,1,
36.75269432,-2.803569056,1,
43.5578667,-5.913070384,1,
40.40724472,-3.686130956,1,
43.41666905,-5.410478427,1,
40.28754606,-3.22113667,1,
41.50311412,-2.538965513,1,
29.22356468,-13.4522761,1,
27.7638297,-15.63327757,1,
28.9732699,-13.52751541,1,
35.29065478,-2.928544161,1,
28.06950064,-15.45633255,1,
39.54589846,-4.351659589,1,
42.56733752,-0.726528003,1,
28.09602167,-17.09976352,1,
40.7854914,-3.98989957,1,
41.07897142,1.213214813,1,
41.8828833,2.904168151,1,
42.37452944,1.132749715,1,
42.72754583,2.434967451,1,
42.31883932,3.315598944,1,
39.81843835,2.891610935,1,
40.82088513,0.492358851,1,
42.83953131,3.038760926,1,
42.69357278,0.975662949,1,
43.20684661,1.08604826,1,
41.29293776,1.914035537,1,
41.6292858,0.596292452,1,
43.32157626,-1.55010625,1,
42.47812443,1.973048261,1,
43.15714812,2.029585452,1,
41.52844229,2.434318912,1,
43.27912277,0.266529357,1,
41.41852473,1.986951645,1,
41.17000164,1.168526642,1,
43.23087224,-0.67436128,1,
41.98010791,2.174293086,1,
41.99223506,1.516821716,1,
39.67535097,-3.963969718,1,
42.77227123,-6.783644645,1,
36.46434272,-6.205649148,1,
40.66424673,-4.089386277,1,
39.90517698,-0.083213656,1,
41.28971945,-4.324110737,1,
40.96913694,-4.758218603,1,
36.9224246,-6.081930656,1,
42.75440098,-2.331930753,1,
41.84896375,-1.9305621,1,
42.1684089,-5.263506203,1,
42.0739571,-6.014344871,1,
43.46446935,-5.067052563,1,
43.40601754,-6.256098806,1,
40.40887699,-1.436773732,1,
41.05693698,-0.143954755,1,
40.67085194,-0.703189806,1,
41.84816001,0.295925993,1,
40.92143523,-1.298613121,1,
40.66383809,-4.678187986,1,
41.35274215,-1.639755577,1,
41.33627834,-1.221551569,1,
40.94928766,-4.120336044,1,
42.51186973,0.485634058,1,
42.19148029,0.340729318,1,
40.52573293,-0.4060529,1,
41.37860545,0.303563313,1,
41.03029301,-0.807410464,1,
41.42560332,-0.496941547,1,
43.54724953,-6.528109244,1,
42.51524742,-0.362103101,1,
43.14955801,-5.82484025,1,
43.1658,-6.541351185,1,
42.12590169,-1.129932942,1,
41.83490459,-1.526161806,1,
38.33891758,-0.481232675,1,
38.97791503,-1.856404304,1,
37.91560444,-4.721111344,1,
41.50945846,0.32415747,1,
42.04158547,2.855128897,1,
40.44583575,-3.709523298,1,
39.55262369,2.624550962,1,
35.2811855,-2.951656379,1,
40.39567255,0.358922727,1,
36.00855122,-5.602694861,1,
40.35049717,-1.124301312,1,
39.48082507,-0.337651162,1,
38.42601098,-6.410042607,1,
39.50320883,-2.870008163,1,
38.70550982,-4.180254649,1,
43.18191034,-5.342424663,1,
28.48651706,-17.84855155,1,
40.14042085,-0.812001948,1,
41.86635243,-0.790416052,1,
36.726112,-4.393533285,1,
40.07282647,-2.139669828,1,
37.12072282,-5.462393809,1,
39.03508082,-5.235393308,1,
42.0486214,-1.603424128,1,
38.11763445,-3.082864768,1,
41.05789399,-0.145305845,1,
42.95824221,-0.800685428,1,
41.00060669,-3.63686296,1,
43.46662858,-7.048986931,1,
41.70004774,-6.352109689,1,
42.5511196,-6.581776035,1,
42.93943371,-6.325139867,1,
42.97576571,-5.006054543,1,
35.89196944,-5.306394361,1,
42.45720342,-6.054707509,1,
42.05118915,-6.636933023,1,
38.74041709,-0.011291682,1,
43.38477782,-1.798051221,1,
40.36068635,0.402361724,1,
41.48559643,-7.178267844,1,
38.53000989,-0.198368427,1,
41.59748722,-8.268102763,1,
37.9138815,-4.719230979,1,
43.35928131,-5.855254213,1,
40.87360206,0.155987357,1,
42.34494358,-7.855625267,1,
41.73711109,1.828719807,1,
37.17496441,-4.195212334,1,
39.47229679,-6.377917089,1,
40.39076695,-7.300489793,1,
40.48176618,-3.364832491,1,
40.39593542,-5.748504004,1,
41.8556234,-5.592925546,1,
42.02665488,-3.756791556,1,
38.04035935,-4.029819915,1,
41.88878401,-5.048679305,1,
37.22108986,-2.547609862,1,
42.94132041,-3.483585414,1,
37.4679543,-4.424237214,1,
42.68034456,-2.938415069,1,
40.20674419,-5.082772277,1,
36.85253118,-2.459450018,1,
41.40541582,2.004162214,1,
41.66581446,-3.742599842,1,
42.99670737,-4.131720409,1,
43.40462373,-3.446652345,1,
43.29604744,-4.411728843,1,
43.35559484,-4.055574005,1,
43.24586797,-3.849745326,1,
43.13705806,-2.486354381,1,
43.47197716,-3.798066393,1,
43.36438071,-8.398935229,1,
38.9112452,1.448962018,1,
42.9930795,-7.544685749,1,
41.34177375,2.165676023,1,
42.18397726,-8.813071725,1,
43.55803974,-5.698375523,1,
37.93787592,-5.759781377,1,
37.87739957,-4.787834991,1,
42.00776544,-4.557521547,1,
37.18989959,-3.596405637,1,
40.9018513,-5.202496004,1,
40.94508107,-5.495863792,1,
37.78776066,-3.781727756,1,
42.46424083,-2.426097244,1,
37.89387718,-6.565410201,1,
43.06589697,-2.711105276,1,
42.51489033,-2.618248719,1,
43.31740546,-2.678747188,1,
41.65737699,1.166042952,1,
42.13946803,-0.413835917,1,
43.27687308,-3.154179153,1,
41.65229923,-0.876227114,1,
42.84005305,-2.672660471,1,
35.93984012,-3.034237289,1,
43.41159385,-5.791895857,1,
43.22560178,-6.877100008,1,
43.2424823,-3.411448751,1,
43.25026391,-2.965711825,1,
28.49887617,-13.85993668,1,
43.35434444,-2.553621781,1,
28.30806501,-16.49968196,1,
43.05619176,-3.003590881,1,
43.30639391,-2.041075467,1,
43.0345576,-2.186921124,1,
36.72223626,-5.147465672,1,
37.5965973,-0.973855369,1,
41.79315467,-0.162716785,1,
43.57011345,-5.701905377,1,
42.4156902,1.870494428,1,
40.38935662,-3.630078625,1,
40.84123678,-1.879291513,1,
41.63339489,-0.882164819,1,
37.1999787,-6.920299764,1,
39.4788606,-6.341785259,1,
38.17506011,-1.053678071,1,
37.80652237,-1.128610686,1,
37.804234,-1.446729614,1,
38.04588016,-1.967682196,1,
38.23315456,-1.380866965,1,
38.50206877,-1.325649139,1,
37.65790313,-1.699572763,1,
42.88543178,-8.551723078,1,
37.59344058,-1.310494963,1,
38.24752548,-1.998825787,1,
38.04111054,-1.448845622,1,
40.60712042,-6.821358658,1,
40.12513472,-3.832180999,1,
43.15358562,-4.805690185,1,
40.16672752,-3.276210628,1,
42.29883867,-7.590253705,1,
37.1998338,-6.933939638,1,
41.28554711,-4.683914898,1,
38.95119014,1.40687048,1,
42.31671233,-5.629385081,1,
41.88160652,0.750531464,1,
39.9343571,4.140150087,1,
41.5996153,1.401137153,1,
39.6136929,3.392271668,1,
39.4076085,-7.248285564,1,
42.25564186,2.675726847,1,
39.4798165,-5.85559726,1,
38.75116095,-2.841393808,1,
28.47718228,-16.24115653,1,
41.21398044,-5.109751436,1,
28.41825284,-16.55078924,1,
41.27873511,-3.480310474,1,
36.71559649,-4.435410866,1,
42.51984138,-4.742911288,1,
36.75476277,-3.520522994,1,
41.76223331,-2.470517313,1,
37.23231155,-5.09517006,1,
41.98528013,-3.033750354,1,
41.52244251,-5.391018881,1,
41.70250626,-4.708320908,1,
38.38346648,-4.849330847,1,
42.5159482,-4.010538683,1,
41.00875669,-6.433287662,1,
36.53171523,-6.211862315,1,
42.58840529,-5.650975796,1,
38.16763843,-3.012476974,1,
37.70233516,-2.932402491,1,
37.40155976,-1.942124924,1,
41.5920895,-4.119595592,1,
37.2802844,-6.913544218,1,
41.58807694,-3.067961744,1,
42.34699362,-3.686808407,1,
40.59002909,-6.538121263,1,
36.11104125,-5.444177707,1,
40.54670885,-5.67775735,1,
42.05905398,-7.124978347,1,
36.50374129,-4.978491137,1,
41.54445109,0.493318773,1,
27.64068009,-17.97912102,1,
42.56789333,-2.195182847,1,
43.13931838,-1.608701,1,
37.63085738,-0.698406135,1,
42.80999473,-0.954720892,1,
38.0295102,-2.280041933,1,
42.33964584,-1.939206673,1,
37.65388875,-1.686773632,1,
42.5208779,-1.676725865,1,
37.99216258,-1.124685856,1,
42.57952554,-1.286961557,1,
42.04856956,-1.603434721,1,
42.80090483,-1.635587235,1,
37.1714614,-7.526757541,1,
40.52489759,-3.08862942,1,
42.17860561,-8.539627738,1,
43.41383225,-2.902355925,1,
43.08197175,-1.914166282,1,
38.98334711,-1.897575395,1,
42.65148163,-2.024432506,1,
42.3781497,-1.440810256,1,
42.8533807,-8.582652409,1,
42.64466732,-8.882857731,1,
40.02528797,-3.612522844,1,
42.65910833,-8.118170522,1,
37.97541058,-0.68044085,1,
39.06135163,-1.059189793,1,
38.6979845,-0.473547266,1,
39.94501442,-1.101577383,1,
43.34652462,-8.530110133,1,
40.61151605,-0.097346062,1,
41.50681604,-5.739226726,1,
38.83477753,0.103661293,1,
41.21606556,-2.27360906,1,
39.56867856,-1.20858843,1,
42.93505239,-1.262145712,1,
42.89153928,-2.164393196,1,
39.43570697,-0.343905024,1,
43.73964761,-7.871414114,1,
39.80614453,-7.536286282,1,
37.60663181,-0.979287244,1,
38.78551599,-7.483398122,1,
40.53243384,-3.646488352,1,
37.83490342,-0.778531314,1,
42.14296056,2.509993596,1,
43.67191405,-7.411296543,1,
43.51311797,-5.725996654,1,
39.14331148,-5.919497943,1,
42.95398076,-8.962854883,1,
38.91344701,-3.83765302,1,
41.00708115,-5.61019288,1,
43.3375,-4.050416664,1,
36.68418599,-6.13635912,1,
41.56813484,1.667595522,1,
39.42651369,3.019049958,1,
39.31883846,2.99956662,1,
37.71342826,-6.584875524,1,
42.60681952,-6.342816732,1,
42.33953769,-3.696667979,1,
36.034101,-5.606921076,1,
41.57929456,-1.11704149,1,
38.82027843,-3.756358408,1,
42.71542503,-2.980863724,1,
41.38337013,2.141622725,1,
36.84243829,-2.300674302,1,
41.69047107,-7.667363421,1,
28.04716213,-16.71852449,1,
37.13200146,-6.833697779,1,
39.89845914,0.684672222,1,
37.4108883,-6.002200825,1,
28.18418248,-14.15012317,1,
38.89368937,-6.989258311,1,
38.73043075,-5.538793154,1,
39.98162018,-6.519642399,1,
39.18143836,-5.050029886,1,
39.56377209,-1.215282652,1,
38.32004187,-6.779434215,1,
38.23678162,-6.01071264,1,
38.91627888,-6.348559875,1,
39.89485157,-5.545118975,1,
40.90562167,-7.46576265,1,
38.70527736,1.428786671,1,
39.64590156,3.015345558,1,
28.0877959,-17.10829268,1,
40.35828129,-4.376284583,1,
36.75269432,-2.803569056,1,
43.5578667,-5.913070384,1,
40.40724472,-3.686130956,1,
40.28754606,-3.22113667,1,
41.50311412,-2.538965513,1,
29.22356468,-13.4522761,1,
27.7638297,-15.63327757,1,
28.9732699,-13.52751541,1,
35.29065478,-2.928544161,1,
28.06950064,-15.45633255,1,
39.54589846,-4.351659589,1,
28.09602167,-17.09976352,1,
40.7854914,-3.98989957,1,
41.07897142,1.213214813,1,
41.8828833,2.904168151,1,
42.37452944,1.132749715,1,
42.72754583,2.434967451,1,
42.31883932,3.315598944,1,
39.81843835,2.891610935,1,
40.82088513,0.492358851,1,
42.83953131,3.038760926,1,
42.69357278,0.975662949,1,
43.20684661,1.08604826,1,
41.29293776,1.914035537,1,
41.6292858,0.596292452,1,
43.32157626,-1.55010625,1,
42.47812443,1.973048261,1,
43.15714812,2.029585452,1,
43.27912277,0.266529357,1,
41.41852473,1.986951645,1,
41.17000164,1.168526642,1,
43.23087224,-0.67436128,1,
41.98010791,2.174293086,1,
41.99223506,1.516821716,1,
39.67535097,-3.963969718,1,
36.46434272,-6.205649148,1,
40.66424673,-4.089386277,1,
39.90517698,-0.083213656,1,
41.28971945,-4.324110737,1,
40.96913694,-4.758218603,1,
36.9224246,-6.081930656,1,
42.75440098,-2.331930753,1,
41.84896375,-1.9305621,1,
42.1684089,-5.263506203,1,
42.0739571,-6.014344871,1,
43.46446935,-5.067052563,1,
43.40601754,-6.256098806,1,
40.40887699,-1.436773732,1,
41.05693698,-0.143954755,1,
40.67085194,-0.703189806,1,
41.84816001,0.295925993,1,
40.92143523,-1.298613121,1,
40.66383809,-4.678187986,1,
41.35274215,-1.639755577,1,
41.33627834,-1.221551569,1,
42.51186973,0.485634058,1,
42.19148029,0.340729318,1,
40.52573293,-0.4060529,1,
41.03029301,-0.807410464,1,
41.42560332,-0.496941547,1,
43.54724953,-6.528109244,1,
42.51524742,-0.362103101,1,
43.14955801,-5.82484025,1,
42.12590169,-1.129932942,1,
41.83490459,-1.526161806,1,
38.33891758,-0.481232675,1,
38.97791503,-1.856404304,1,
37.91560444,-4.721111344,1,
41.50945846,0.32415747,1,
40.44583575,-3.709523298,1,
39.55262369,2.624550962,1,
35.2811855,-2.951656379,1,
40.39567255,0.358922727,1,
36.00855122,-5.602694861,1,
40.35049717,-1.124301312,1,
38.42601098,-6.410042607,1,
39.50320883,-2.870008163,1,
43.18191034,-5.342424663,1,
28.48651706,-17.84855155,1,
40.14042085,-0.812001948,1,
41.86635243,-0.790416052,1,
36.726112,-4.393533285,1,
40.07282647,-2.139669828,1,
37.12072282,-5.462393809,1,
39.03508082,-5.235393308,1,
42.0486214,-1.603424128,1,
38.11763445,-3.082864768,1,
41.05789399,-0.145305845,1,
42.95824221,-0.800685428,1,
41.00060669,-3.63686296,1,
43.46662858,-7.048986931,1,
41.70004774,-6.352109689,1,
42.5511196,-6.581776035,1,
42.93943371,-6.325139867,1,
42.97576571,-5.006054543,1,
35.89196944,-5.306394361,1,
42.45720342,-6.054707509,1,
42.05118915,-6.636933023,1,
38.74041709,-0.011291682,1,
43.38477782,-1.798051221,1,
40.36068635,0.402361724,1,
41.48559643,-7.178267844,1,
38.53000989,-0.198368427,1,
41.59748722,-8.268102763,1,
37.9138815,-4.719230979,1,
43.35928131,-5.855254213,1,
40.87360206,0.155987357,1,
42.34494358,-7.855625267,1,
41.73711109,1.828719807,1,
37.17496441,-4.195212334,1,
39.47229679,-6.377917089,1,
40.39076695,-7.300489793,1,
40.48176618,-3.364832491,1,
40.39593542,-5.748504004,1,
41.8556234,-5.592925546,1,
42.02665488,-3.756791556,1,
38.04035935,-4.029819915,1,
37.22108986,-2.547609862,1,
42.94132041,-3.483585414,1,
37.4679543,-4.424237214,1,
42.68034456,-2.938415069,1,
40.20674419,-5.082772277,1,
36.85253118,-2.459450018,1,
41.40541582,2.004162214,1,
41.66581446,-3.742599842,1,
42.99670737,-4.131720409,1,
43.40462373,-3.446652345,1,
43.29604744,-4.411728843,1,
43.35559484,-4.055574005,1,
43.24586797,-3.849745326,1,
43.13705806,-2.486354381,1,
43.47197716,-3.798066393,1,
38.9112452,1.448962018,1,
42.9930795,-7.544685749,1,
41.34177375,2.165676023,1,
42.18397726,-8.813071725,1,
68.35433952,18.81643328,1,
57.72997831,11.97212743,1,
65.87503609,19.45758258,1,
60.95264316,13.90859558,1,
64.53252243,19.34988903,1,
66.43151445,20.62621795,1,
65.83426493,20.51079861,1,
62.02651528,15.90994314,1,
61.85327037,14.06675494,1,
57.64959203,12.49086199,1,
57.69463867,12.818792,1,
63.05610755,18.33195426,1,
56.55156884,13.07321375,1,
63.40642905,16.54146055,1,
56.42009872,13.11526342,1,
65.26146578,19.62352734,1,
63.0272472,16.62519833,1,
60.50869318,14.96683255,1,
59.50837429,11.83351775,1,
60.17279637,18.16994695,1,
62.36604269,16.97928391,1,
63.58281338,15.35223532,1,
56.53066773,14.46054371,1,
62.15753407,13.8912897,1,
59.32506294,18.39010722,1,
68.94155351,20.91413081,1,
56.02432495,12.17474687,1,
59.27162648,12.65592217,1,
57.68086789,12.71414506,1,
59.59859031,13.72594108,1,
59.83447717,13.54224023,1,
55.65367852,12.54532028,1,
58.9509679,17.15925699,1,
56.0269452,12.56720518,1,
59.36565114,18.12693757,1,
64.03735258,20.0461455,1,
59.70639343,15.09669794,1,
57.0770201,16.86058392,1,
64.62091456,21.20404768,1,
56.62426012,16.04333694,1,
56.69656259,16.12085089,1,
62.85071049,12.79086315,1,
56.80158513,16.34651652,1,
56.65122031,16.24867578,1,
64.04562957,20.86259309,1,
57.85818935,14.12223379,1,
56.18842638,15.82782375,1,
56.15409196,12.57783139,1,
56.84129544,15.39468808,1,
61.98273162,15.31486198,1,
67.794197,20.22914911,1,
60.3941921,17.01036054,1,
63.62111081,19.9098064,1,
56.44404835,15.65515452,1,
57.96767766,12.69348548,1,
59.9460499,12.9095694,1,
61.05184464,15.57155954,1,
60.80879274,15.7664913,1,
56.83951478,15.744897,1,
56.28186123,12.49910795,1,
64.14938235,20.78456724,1,
64.23433677,21.01854037,1,
59.72401858,17.79458419,1,
62.40797112,16.56938858,1,
65.57107931,22.09086639,1,
58.78347912,17.10151862,1,
57.83422082,12.28564091,1,
56.63100329,16.51284856,1,
61.36476114,16.61727217,1,
66.0690713,22.70176565,1,
55.89064838,12.82690089,1,
65.67037556,25.06874126,1,
59.8844582,12.30605147,1,
66.09394772,24.8202476,1,
56.29302467,13.71118027,1,
64.25530781,20.24846862,1,
56.34424631,10.78770995,1,
56.80353951,10.26991491,1,
57.19667348,10.3803813,1,
55.07619225,14.91313513,1,
57.59868173,10.40943351,1,
61.85774543,12.71326311,1,
55.77831476,13.51489785,1,
55.83865512,13.3103,1,
68.38491603,23.63542396,1,
63.87005886,20.41262464,1,
67.65132453,24.91070441,1,
64.37110554,21.31315597,1,
60.33175091,14.52547206,1,
56.44919252,16.0717576,1,
59.62671117,18.9003581,1,
65.42702699,21.69079016,1,
58.18666299,16.80084829,1,
62.06032838,12.31725548,1,
57.02310058,14.89045349,1,
59.62539186,17.251092,1,
57.77695214,11.6158087,1,
60.07143252,14.97989798,1,
57.51127382,18.44831759,1,
64.91061427,19.48170474,1,
63.04143977,13.96787153,1,
67.99434557,19.89473276,1,
62.18230225,15.64952118,1,
64.50418735,14.13883401,1,
59.13586926,12.93467305,1,
57.46640671,15.51056491,1,
58.67095339,17.10703797,1,
62.51938774,12.60106913,1,
68.09086328,21.69184616,1,
59.46737469,15.36369572,1,
66.38571824,23.65869969,1,
57.65024884,11.91218635,1,
66.31782362,22.77343777,1,
64.07746318,18.40271973,1,
60.28399493,12.75770625,1,
60.1829964,17.17467199,1,
57.91900291,19.1391124,1,
63.44276115,14.85796891,1,
61.16841407,15.14223519,1,
58.98114966,14.10969443,1,
61.15423518,13.26608066,1,
66.08746094,21.80047927,1,
58.30132256,14.28650886,1,
60.43729155,18.41631192,1,
57.31699151,13.8873485,1,
55.34569772,13.3698474,1,
58.07617895,13.01803613,1,
58.35346156,11.21792384,1,
57.23970398,18.38231484,1,
65.43154973,16.2454233,1,
65.82045971,15.08099149,1,
59.51344918,17.63408789,1,
56.00399602,12.9674122,1,
58.50206915,13.12893265,1,
56.25629853,12.91654508,1,
56.94661139,15.90717518,1,
56.41275419,12.62498285,1,
55.92017712,13.11094144,1,
59.52250262,17.90947322,1,
62.38795031,15.13198597,1,
57.6660544,12.29673776,1,
59.71645973,12.16106524,1,
60.33668557,15.19400084,1,
63.80689215,20.86465825,1,
56.52663524,16.37866147,1,
56.13727861,12.95133045,1,
56.80158949,12.97854317,1,
57.66656661,12.40554102,1,
64.73826035,20.67374299,1,
60.71030916,12.88571393,1,
55.41385425,12.24080786,1,
57.66956663,12.57059964,1,
56.72933529,12.66743722,1,
60.34648853,15.74499919,1,
64.27592414,21.04296253,1,
57.90568155,16.69870001,1,
60.51024186,13.15117242,1,
59.3858811,13.85294919,1,
66.95859313,19.81807197,1,
60.0745699,17.74428985,1,
58.70318317,12.45529518,1,
60.07167233,15.55710264,1,
57.82515296,15.27662753,1,
60.89053734,16.71666472,1,
57.71490479,12.89145655,1,
58.24297881,15.66582047,1,
61.89727431,16.55504793,1,
59.13276194,15.13972021,1,
58.90865576,11.94171271,1,
61.97450651,17.25700801,1,
60.14108841,14.37096897,1,
57.62944041,15.34335248,1,
57.57481008,16.10991574,1,
58.4832705,16.96265023,1,
57.17119307,15.3502067,1,
56.2615657,14.76949065,1,
60.29042104,16.40328326,1,
59.53239783,14.27281041,1,
57.42579676,15.08631401,1,
57.74063344,15.79986346,1,
60.2924199,13.87019528,1,
58.0120366,16.47676066,1,
59.42417327,17.83439099,1,
58.50927685,15.97559335,1,
57.68384063,12.20965609,1,
58.43743747,15.79642869,1,
58.03288034,12.81812967,1,
58.84756164,17.23335936,1,
59.65936587,12.59999214,1,
58.33460825,16.44898712,1,
58.82541657,15.93014633,1,
58.77000313,16.97756468,1,
59.71466517,14.16213298,1,
62.78045058,16.01369299,1,
60.70968481,16.25081421,1,
65.05571222,20.04329496,1,
60.53489356,17.88003876,1,
58.76751421,16.8601687,1,
58.75517897,16.61490993,1,
60.1018862,18.80110791,1,
58.19889014,16.00249987,1,
59.02279193,17.5437972,1,
58.7431803,16.73490101,1,
58.67374608,16.33812771,1,
58.6589033,16.17963378,1,
58.58723797,16.09616251,1,
58.41679139,15.62652885,1,
58.90241961,17.31324497,1,
62.4595944,17.35695139,1,
58.69190396,11.26106522,1,
57.77319647,12.77982791,1,
60.54812458,14.37067401,1,
59.5486676,11.33767025,1,
66.31125044,14.1399997,1,
64.39968704,13.65141459,1,
59.21028435,10.94035421,1,
60.61339303,12.01229446,1,
67.10149651,20.61633166,1,
59.92213422,11.1677832,1,
67.18037792,20.59418225,1,
61.88289628,12.0271035,1,
65.8889569,13.81040197,1,
67.86802262,18.6227094,1,
62.57540297,11.38799932,1,
60.12000351,11.47791893,1,
57.70475019,14.32433803,1,
61.22243248,14.04381987,1,
63.81957776,20.24427891,1,
56.01366072,14.69053627,1,
57.88723175,14.36415697,1,
64.84849123,20.88626722,1,
57.77940369,14.2139325,1,
64.95286477,21.20957697,1,
57.59587327,13.72479223,1,
65.54526985,21.80458077,1,
65.1320955,21.02062838,1,
63.13529224,17.71696906,1,
59.08378116,17.55686406,1,
64.89697066,13.52550423,1,
65.53862554,13.38527001,1,
61.42321259,12.38157784,1,
63.98571296,20.89521771,1,
58.38735138,13.84010342,1,
64.51426874,21.25559673,1,
65.52300867,21.48836189,1,
65.41995908,21.49277286,1,
65.65849719,21.94291213,1,
59.80986115,17.7029045,1,
65.34615871,21.24187646,1,
65.32922043,21.46694192,1,
65.23649228,21.63215505,1,
63.42170721,11.75939692,1,
56.69768834,16.69287338,1,
56.20720742,15.28551961,1,
60.91149934,16.14271975,1,
58.07779115,11.48389036,1,
60.59505225,17.25843995,1,
60.37603232,18.24638549,1,
64.19161112,20.8559814,1,
55.47718943,13.50242219,1,
63.96911294,20.7093652,1,
64.40198604,21.01028246,1,
64.51201448,21.06162154,1,
64.75425264,20.92144663,1,
63.90044179,20.55607113,1,
57.66231562,14.07617588,1,
65.03367658,21.33284937,1,
59.04465798,12.22832103,1,
57.70648922,18.79823266,1,
56.04604027,12.71009796,1,
62.41945442,13.51320478,1,
63.37820768,17.88362875,1,
56.09217198,13.71801029,1,
55.47488123,14.27935414,1,
65.82805936,24.13165624,1,
57.49275116,12.64738332,1,
61.65510824,15.00054311,1,
64.87920242,21.04814459,1,
55.41376038,12.85794019,1,
56.65850478,12.80693616,1,
64.9717669,15.34745123,1,
59.78435189,14.52043557,1,
61.6938406,13.14823881,1,
59.08559598,14.65315289,1,
60.03501714,13.70439361,1,
61.26620273,17.15390904,1,
58.16993527,13.55608358,1,
55.43264253,13.83635501,1,
57.06567175,15.99685912,1,
56.70116818,15.75273048,1,
57.72091958,12.01874825,1,
59.26146436,17.22513177,1,
57.12045103,12.94934043,1,
64.1607639,17.35635308,1,
60.68641599,13.72546341,1,
62.64258181,14.37165916,1,
55.60112684,13.02982215,1,
65.59329811,19.17245774,1,
67.19413109,20.69801332,1,
66.04935526,17.84160555,1,
65.18813928,18.75860859,1,
59.86071295,19.12544056,1,
58.32479129,15.12494468,1,
64.62727123,18.66717075,1,
65.55529071,22.21531117,1,
62.52536305,15.65962242,1,
62.13211,13.27546886,1,
57.83426999,14.814629,1,
56.07804671,13.24294312,1,
58.87026798,15.00017883,1,
65.9581925,16.20570969,1,
65.67398008,21.00693492,1,
59.86629344,18.0707914,1,
57.92953132,12.52782464,1,
61.34451351,16.06488977,1,
59.48144418,18.30194178,1,
59.39696003,15.83456226,1,
64.7926924,20.03666488,1,
57.66025293,12.11464335,1,
59.08775118,16.21164103,1,
56.26626355,16.47875088,1,
63.2903195,18.71782621,1,
56.28613451,13.27505447,1,
64.26361862,16.41646332,1,
58.03432511,15.80688208,1,
55.83162193,14.0882272,1,
57.3953306,11.924537,1,
56.51436177,15.15337779,1,
58.22655806,14.65158709,1,
55.66869157,13.35107228,1,
58.9029714,17.94422959,1,
63.71729019,18.49658584,1,
64.51733078,20.65866491,1,
65.79591282,23.17002078,1,
56.42810679,12.84830411,1,
64.43590762,15.59175046,1,
57.24694875,17.05864936,1,
60.06251084,15.92065987,1,
57.58036633,16.51521331,1,
64.71544137,17.67867008,1,
64.48058521,21.57491407,1,
65.80535686,23.91477231,1,
59.24028902,14.25986331,1,
66.75657088,20.95504099,1,
57.72504885,11.89191215,1,
59.62591102,17.85987193,1,
59.36825334,16.51055601,1,
56.92174407,18.15105081,1,
55.70182112,13.78217125,1,
60.89912193,12.59860423,1,
57.49931682,14.14298735,1,
57.68022399,11.98450215,1,
63.57813488,19.50949294,1,
59.59418221,15.8541168,1,
56.96024473,13.07401785,1,
58.53056254,14.51133319,1,
55.51004375,13.2351329,1,
58.74169357,15.57190909,1,
59.37563895,17.02151196,1,
58.33081152,12.67703355,1,
59.44436778,17.95292792,1,
58.02396971,14.46134153,1,
59.13643535,16.72085521,1,
57.16133856,13.40508584,1,
56.56315609,13.93218292,1,
58.36081613,13.3368121,1,
55.76694138,12.99574355,1,
59.31982195,11.91559891,1,
59.33789031,17.82891629,1,
58.11401949,12.14062144,1,
61.01204002,14.56424045,1,
63.18335142,17.06529905,1,
66.65522557,22.19192904,1,
58.59013835,16.24636731,1,
60.45759794,16.02945563,1,
66.27851409,21.12870443,1,
60.62447852,15.6227868,1,
58.24170966,12.42307391,1,
57.65629636,14.69766272,1,
63.76781119,18.99537291,1,
57.25193493,16.46535585,1,
58.52638105,11.57829883,1,
59.93138852,16.95354455,1,
57.04457856,16.43854985,1,
56.88094915,16.72451195,1,
58.3502201,11.84018399,1,
63.31816379,14.16835718,1,
59.82851061,15.68953005,1,
63.32988161,19.16477374,1,
56.26420051,14.1973677,1,
65.12519465,20.78656815,1,
65.769781,21.73843696,1,
56.83506029,13.93504076,1,
60.66651954,17.13237903,1,
59.9442404,16.27638953,1,
58.69317378,12.03508722,1,
64.69779974,16.55990393,1,
66.31802931,18.12496654,1,
57.65390066,18.36735757,1,
65.38251071,20.33914006,1,
60.7221844,14.87713176,1,
58.64213385,13.69263539,1,
62.70091352,16.80234467,1,
58.86113827,16.70078956,1,
56.82984041,13.44918218,1,
63.16940195,14.67293683,1,
61.72521436,17.13973928,1,
59.10656238,18.04386084,1,
66.94249075,17.7390536,1,
56.10423866,15.58903019,1,
57.48423464,13.35125922,1,
56.22966332,12.67622673,1,
59.30886063,18.69325374,1,
57.74542933,14.05969858,1,
65.53523621,17.53989935,1,
66.60501494,19.83236572,1,
65.1560077,21.48605087,1,
59.18956432,17.60808489,1,
63.35275737,13.44908654,1,
67.01329583,21.81521553,1,
66.38749728,16.96590399,1,
57.7906117,13.42341376,1,
67.13662565,20.6666833,1,
59.86514771,17.59015983,1,
61.79544115,16.20887099,1,
58.94562143,17.49654226,1,
59.2217223,17.93407122,1,
57.10126273,12.25711579,1,
62.10818958,16.71167538,1,
59.64159135,16.57093758,1,
58.74904239,13.93770646,1,
62.37381155,17.42773299,1,
63.97389079,14.16681693,1,
64.20222559,19.71404247,1,
55.93259109,13.54273286,1,
56.78694889,14.44072302,1,
63.67284445,20.38864355,1,
67.6838477,21.62735903,1,
57.31560806,14.59469472,1,
58.28341611,12.29183322,1,
67.43050388,22.5008215,1,
67.48837622,18.34131026,1,
56.03132939,14.18257107,1,
58.02850242,14.99204987,1,
62.8754489,17.92766537,1,
57.03342295,14.57174042,1,
57.76216918,12.03765801,1,
57.96466754,12.11215934,1,
66.84788423,23.05553147,1,
58.78059316,14.53682608,1,
56.52157088,13.31843111,1,
62.01736734,14.70007815,1,
57.38638437,18.21190484,1,
67.87754208,21.06017747,1,
67.64912919,21.05533291,1,
57.83098774,12.01724713,1,
67.84712267,20.38014179,1,
62.23247739,17.65978308,1,
67.85986729,20.2349664,1,
63.85239178,15.56120596,1,
57.42650847,18.83770681,1,
58.93663677,11.18132904,1,
63.70124645,12.95885089,1,
63.17344749,15.85984331,1,
59.4440498,13.50561249,1,
65.09253933,17.10513053,1,
58.66362612,13.19249896,1,
63.30166834,12.12182335,1,
66.14878245,19.98917576,1,
63.69469326,16.88795478,1,
58.54148795,15.01034415,1,
59.3483473,18.07295285,1,
64.68914182,21.23118599,1,
60.59536412,16.5505242,1,
66.80410238,23.98372865,1,
59.22212573,18.20653678,1,
60.34870888,17.50833085,1,
62.91371628,15.23594466,1,
61.43191813,13.24020615,1,
64.3483352,20.9784775,1,
64.7206474,21.08398422,1,
56.74594145,15.90897007,1,
56.89801639,12.4870081,1,
68.35433952,18.81643328,1,
57.72997831,11.97212743,1,
65.87503609,19.45758258,1,
60.95264316,13.90859558,1,
64.53252243,19.34988903,1,
66.43151445,20.62621795,1,
65.83426493,20.51079861,1,
62.02651528,15.90994314,1,
61.85327037,14.06675494,1,
57.69463867,12.818792,1,
63.05610755,18.33195426,1,
56.55156884,13.07321375,1,
63.40642905,16.54146055,1,
65.26146578,19.62352734,1,
63.0272472,16.62519833,1,
60.50869318,14.96683255,1,
59.50837429,11.83351775,1,
60.17279637,18.16994695,1,
62.36604269,16.97928391,1,
63.58281338,15.35223532,1,
56.53066773,14.46054371,1,
62.15753407,13.8912897,1,
59.32506294,18.39010722,1,
68.94155351,20.91413081,1,
56.02432495,12.17474687,1,
59.27162648,12.65592217,1,
57.68086789,12.71414506,1,
59.59859031,13.72594108,1,
59.83447717,13.54224023,1,
55.65367852,12.54532028,1,
58.9509679,17.15925699,1,
56.0269452,12.56720518,1,
59.36565114,18.12693757,1,
64.03735258,20.0461455,1,
59.70639343,15.09669794,1,
57.0770201,16.86058392,1,
64.62091456,21.20404768,1,
56.62426012,16.04333694,1,
56.69656259,16.12085089,1,
62.85071049,12.79086315,1,
56.80158513,16.34651652,1,
56.65122031,16.24867578,1,
64.04562957,20.86259309,1,
56.18842638,15.82782375,1,
56.15409196,12.57783139,1,
56.84129544,15.39468808,1,
61.98273162,15.31486198,1,
67.794197,20.22914911,1,
60.3941921,17.01036054,1,
63.62111081,19.9098064,1,
56.44404835,15.65515452,1,
57.96767766,12.69348548,1,
59.9460499,12.9095694,1,
61.05184464,15.57155954,1,
60.80879274,15.7664913,1,
56.83951478,15.744897,1,
56.28186123,12.49910795,1,
64.14938235,20.78456724,1,
64.23433677,21.01854037,1,
59.72401858,17.79458419,1,
62.40797112,16.56938858,1,
58.78347912,17.10151862,1,
57.83422082,12.28564091,1,
56.63100329,16.51284856,1,
61.36476114,16.61727217,1,
66.0690713,22.70176565,1,
55.89064838,12.82690089,1,
65.67037556,25.06874126,1,
59.8844582,12.30605147,1,
66.09394772,24.8202476,1,
56.29302467,13.71118027,1,
56.34424631,10.78770995,1,
56.80353951,10.26991491,1,
57.19667348,10.3803813,1,
55.07619225,14.91313513,1,
57.59868173,10.40943351,1,
61.85774543,12.71326311,1,
55.77831476,13.51489785,1,
55.83865512,13.3103,1,
68.38491603,23.63542396,1,
63.87005886,20.41262464,1,
67.65132453,24.91070441,1,
64.37110554,21.31315597,1,
60.33175091,14.52547206,1,
56.44919252,16.0717576,1,
59.62671117,18.9003581,1,
65.42702699,21.69079016,1,
58.18666299,16.80084829,1,
62.06032838,12.31725548,1,
57.02310058,14.89045349,1,
59.62539186,17.251092,1,
57.77695214,11.6158087,1,
60.07143252,14.97989798,1,
57.51127382,18.44831759,1,
64.91061427,19.48170474,1,
63.04143977,13.96787153,1,
67.99434557,19.89473276,1,
62.18230225,15.64952118,1,
64.50418735,14.13883401,1,
59.13586926,12.93467305,1,
57.46640671,15.51056491,1,
58.67095339,17.10703797,1,
62.51938774,12.60106913,1,
68.09086328,21.69184616,1,
59.46737469,15.36369572,1,
66.38571824,23.65869969,1,
57.65024884,11.91218635,1,
66.31782362,22.77343777,1,
64.07746318,18.40271973,1,
60.28399493,12.75770625,1,
60.1829964,17.17467199,1,
57.91900291,19.1391124,1,
63.44276115,14.85796891,1,
61.16841407,15.14223519,1,
58.98114966,14.10969443,1,
61.15423518,13.26608066,1,
66.08746094,21.80047927,1,
58.30132256,14.28650886,1,
60.43729155,18.41631192,1,
57.31699151,13.8873485,1,
55.34569772,13.3698474,1,
58.07617895,13.01803613,1,
58.35346156,11.21792384,1,
57.23970398,18.38231484,1,
65.43154973,16.2454233,1,
65.82045971,15.08099149,1,
59.51344918,17.63408789,1,
56.00399602,12.9674122,1,
58.50206915,13.12893265,1,
56.25629853,12.91654508,1,
56.94661139,15.90717518,1,
56.41275419,12.62498285,1,
55.92017712,13.11094144,1,
59.52250262,17.90947322,1,
62.38795031,15.13198597,1,
57.6660544,12.29673776,1,
59.71645973,12.16106524,1,
60.33668557,15.19400084,1,
63.80689215,20.86465825,1,
56.52663524,16.37866147,1,
56.13727861,12.95133045,1,
56.80158949,12.97854317,1,
57.66656661,12.40554102,1,
64.73826035,20.67374299,1,
60.71030916,12.88571393,1,
55.41385425,12.24080786,1,
57.66956663,12.57059964,1,
56.72933529,12.66743722,1,
60.34648853,15.74499919,1,
64.27592414,21.04296253,1,
57.90568155,16.69870001,1,
60.51024186,13.15117242,1,
59.3858811,13.85294919,1,
66.95859313,19.81807197,1,
60.0745699,17.74428985,1,
58.70318317,12.45529518,1,
60.07167233,15.55710264,1,
57.82515296,15.27662753,1,
60.89053734,16.71666472,1,
57.71490479,12.89145655,1,
58.24297881,15.66582047,1,
61.89727431,16.55504793,1,
59.13276194,15.13972021,1,
58.90865576,11.94171271,1,
61.97450651,17.25700801,1,
60.14108841,14.37096897,1,
57.62944041,15.34335248,1,
57.57481008,16.10991574,1,
58.4832705,16.96265023,1,
57.17119307,15.3502067,1,
56.2615657,14.76949065,1,
60.29042104,16.40328326,1,
57.42579676,15.08631401,1,
57.74063344,15.79986346,1,
60.2924199,13.87019528,1,
58.0120366,16.47676066,1,
59.42417327,17.83439099,1,
58.50927685,15.97559335,1,
57.68384063,12.20965609,1,
58.43743747,15.79642869,1,
58.03288034,12.81812967,1,
58.84756164,17.23335936,1,
59.65936587,12.59999214,1,
58.33460825,16.44898712,1,
58.82541657,15.93014633,1,
58.77000313,16.97756468,1,
59.71466517,14.16213298,1,
62.78045058,16.01369299,1,
60.70968481,16.25081421,1,
65.05571222,20.04329496,1,
60.53489356,17.88003876,1,
58.76751421,16.8601687,1,
58.75517897,16.61490993,1,
60.1018862,18.80110791,1,
58.19889014,16.00249987,1,
59.02279193,17.5437972,1,
58.7431803,16.73490101,1,
58.67374608,16.33812771,1,
58.6589033,16.17963378,1,
58.58723797,16.09616251,1,
58.41679139,15.62652885,1,
58.90241961,17.31324497,1,
62.4595944,17.35695139,1,
58.69190396,11.26106522,1,
57.77319647,12.77982791,1,
60.54812458,14.37067401,1,
59.5486676,11.33767025,1,
66.31125044,14.1399997,1,
64.39968704,13.65141459,1,
59.21028435,10.94035421,1,
60.61339303,12.01229446,1,
67.10149651,20.61633166,1,
59.92213422,11.1677832,1,
67.18037792,20.59418225,1,
61.88289628,12.0271035,1,
65.8889569,13.81040197,1,
67.86802262,18.6227094,1,
62.57540297,11.38799932,1,
60.12000351,11.47791893,1,
57.70475019,14.32433803,1,
61.22243248,14.04381987,1,
63.81957776,20.24427891,1,
56.01366072,14.69053627,1,
57.88723175,14.36415697,1,
64.84849123,20.88626722,1,
57.77940369,14.2139325,1,
64.95286477,21.20957697,1,
57.59587327,13.72479223,1,
65.54526985,21.80458077,1,
65.1320955,21.02062838,1,
63.13529224,17.71696906,1,
59.08378116,17.55686406,1,
64.89697066,13.52550423,1,
65.53862554,13.38527001,1,
61.42321259,12.38157784,1,
63.98571296,20.89521771,1,
58.38735138,13.84010342,1,
64.51426874,21.25559673,1,
65.52300867,21.48836189,1,
65.65849719,21.94291213,1,
59.80986115,17.7029045,1,
65.34615871,21.24187646,1,
65.32922043,21.46694192,1,
65.23649228,21.63215505,1,
63.42170721,11.75939692,1,
56.69768834,16.69287338,1,
56.20720742,15.28551961,1,
60.91149934,16.14271975,1,
58.07779115,11.48389036,1,
60.37603232,18.24638549,1,
64.19161112,20.8559814,1,
55.47718943,13.50242219,1,
63.96911294,20.7093652,1,
64.40198604,21.01028246,1,
64.51201448,21.06162154,1,
64.75425264,20.92144663,1,
63.90044179,20.55607113,1,
57.66231562,14.07617588,1,
65.03367658,21.33284937,1,
59.04465798,12.22832103,1,
57.70648922,18.79823266,1,
56.04604027,12.71009796,1,
62.41945442,13.51320478,1,
63.37820768,17.88362875,1,
56.09217198,13.71801029,1,
55.47488123,14.27935414,1,
65.82805936,24.13165624,1,
57.49275116,12.64738332,1,
61.65510824,15.00054311,1,
64.87920242,21.04814459,1,
55.41376038,12.85794019,1,
56.65850478,12.80693616,1,
59.78435189,14.52043557,1,
61.6938406,13.14823881,1,
59.08559598,14.65315289,1,
60.03501714,13.70439361,1,
61.26620273,17.15390904,1,
58.16993527,13.55608358,1,
55.43264253,13.83635501,1,
57.06567175,15.99685912,1,
56.70116818,15.75273048,1,
57.72091958,12.01874825,1,
57.12045103,12.94934043,1,
64.1607639,17.35635308,1,
60.68641599,13.72546341,1,
62.64258181,14.37165916,1,
55.60112684,13.02982215,1,
65.59329811,19.17245774,1,
67.19413109,20.69801332,1,
66.04935526,17.84160555,1,
65.18813928,18.75860859,1,
59.86071295,19.12544056,1,
58.32479129,15.12494468,1,
64.62727123,18.66717075,1,
65.55529071,22.21531117,1,
62.52536305,15.65962242,1,
62.13211,13.27546886,1,
57.83426999,14.814629,1,
56.07804671,13.24294312,1,
58.87026798,15.00017883,1,
65.9581925,16.20570969,1,
65.67398008,21.00693492,1,
59.86629344,18.0707914,1,
57.92953132,12.52782464,1,
61.34451351,16.06488977,1,
59.48144418,18.30194178,1,
59.39696003,15.83456226,1,
64.7926924,20.03666488,1,
57.66025293,12.11464335,1,
59.08775118,16.21164103,1,
56.26626355,16.47875088,1,
63.2903195,18.71782621,1,
56.28613451,13.27505447,1,
64.26361862,16.41646332,1,
55.83162193,14.0882272,1,
57.3953306,11.924537,1,
56.51436177,15.15337779,1,
58.22655806,14.65158709,1,
55.66869157,13.35107228,1,
58.9029714,17.94422959,1,
63.71729019,18.49658584,1,
64.51733078,20.65866491,1,
65.79591282,23.17002078,1,
56.42810679,12.84830411,1,
64.43590762,15.59175046,1,
57.24694875,17.05864936,1,
57.58036633,16.51521331,1,
64.71544137,17.67867008,1,
64.48058521,21.57491407,1,
65.80535686,23.91477231,1,
59.24028902,14.25986331,1,
66.75657088,20.95504099,1,
57.72504885,11.89191215,1,
59.62591102,17.85987193,1,
59.36825334,16.51055601,1,
56.92174407,18.15105081,1,
55.70182112,13.78217125,1,
60.89912193,12.59860423,1,
57.49931682,14.14298735,1,
57.68022399,11.98450215,1,
63.57813488,19.50949294,1,
59.59418221,15.8541168,1,
56.96024473,13.07401785,1,
58.53056254,14.51133319,1,
55.51004375,13.2351329,1,
58.74169357,15.57190909,1,
59.37563895,17.02151196,1,
58.33081152,12.67703355,1,
59.44436778,17.95292792,1,
58.02396971,14.46134153,1,
59.13643535,16.72085521,1,
57.16133856,13.40508584,1,
56.56315609,13.93218292,1,
58.36081613,13.3368121,1,
55.76694138,12.99574355,1,
59.31982195,11.91559891,1,
59.33789031,17.82891629,1,
58.11401949,12.14062144,1,
61.01204002,14.56424045,1,
63.18335142,17.06529905,1,
66.65522557,22.19192904,1,
58.59013835,16.24636731,1,
60.45759794,16.02945563,1,
66.27851409,21.12870443,1,
60.62447852,15.6227868,1,
58.24170966,12.42307391,1,
57.65629636,14.69766272,1,
63.76781119,18.99537291,1,
57.25193493,16.46535585,1,
58.52638105,11.57829883,1,
59.93138852,16.95354455,1,
57.04457856,16.43854985,1,
56.88094915,16.72451195,1,
58.3502201,11.84018399,1,
63.31816379,14.16835718,1,
63.32988161,19.16477374,1,
56.26420051,14.1973677,1,
65.12519465,20.78656815,1,
65.769781,21.73843696,1,
56.83506029,13.93504076,1,
60.66651954,17.13237903,1,
59.9442404,16.27638953,1,
58.69317378,12.03508722,1,
64.69779974,16.55990393,1,
66.31802931,18.12496654,1,
57.65390066,18.36735757,1,
65.38251071,20.33914006,1,
60.7221844,14.87713176,1,
58.64213385,13.69263539,1,
62.70091352,16.80234467,1,
58.86113827,16.70078956,1,
56.82984041,13.44918218,1,
63.16940195,14.67293683,1,
61.72521436,17.13973928,1,
59.10656238,18.04386084,1,
66.94249075,17.7390536,1,
56.10423866,15.58903019,1,
57.48423464,13.35125922,1,
56.22966332,12.67622673,1,
59.30886063,18.69325374,1,
57.74542933,14.05969858,1,
65.53523621,17.53989935,1,
66.60501494,19.83236572,1,
65.1560077,21.48605087,1,
59.18956432,17.60808489,1,
63.35275737,13.44908654,1,
67.01329583,21.81521553,1,
66.38749728,16.96590399,1,
57.7906117,13.42341376,1,
67.13662565,20.6666833,1,
59.86514771,17.59015983,1,
61.79544115,16.20887099,1,
59.2217223,17.93407122,1,
57.10126273,12.25711579,1,
62.10818958,16.71167538,1,
59.64159135,16.57093758,1,
58.74904239,13.93770646,1,
62.37381155,17.42773299,1,
63.97389079,14.16681693,1,
64.20222559,19.71404247,1,
55.93259109,13.54273286,1,
56.78694889,14.44072302,1,
63.67284445,20.38864355,1,
67.6838477,21.62735903,1,
57.31560806,14.59469472,1,
58.28341611,12.29183322,1,
67.43050388,22.5008215,1,
67.48837622,18.34131026,1,
56.03132939,14.18257107,1,
58.02850242,14.99204987,1,
62.8754489,17.92766537,1,
57.03342295,14.57174042,1,
57.76216918,12.03765801,1,
57.96466754,12.11215934,1,
66.84788423,23.05553147,1,
58.78059316,14.53682608,1,
56.52157088,13.31843111,1,
62.01736734,14.70007815,1,
57.38638437,18.21190484,1,
67.87754208,21.06017747,1,
67.84712267,20.38014179,1,
62.23247739,17.65978308,1,
63.85239178,15.56120596,1,
57.42650847,18.83770681,1,
58.93663677,11.18132904,1,
63.70124645,12.95885089,1,
63.17344749,15.85984331,1,
59.4440498,13.50561249,1,
65.09253933,17.10513053,1,
58.66362612,13.19249896,1,
63.30166834,12.12182335,1,
66.14878245,19.98917576,1,
63.69469326,16.88795478,1,
58.54148795,15.01034415,1,
59.3483473,18.07295285,1,
64.68914182,21.23118599,1,
60.59536412,16.5505242,1,
66.80410238,23.98372865,1,
59.22212573,18.20653678,1,
60.34870888,17.50833085,1,
62.91371628,15.23594466,1,
61.43191813,13.24020615,1,
64.3483352,20.9784775,1,
64.7206474,21.08398422,1,
56.74594145,15.90897007,1,
56.89801639,12.4870081,1,
46.63451145,8.591135555,1,
47.22101061,8.982121242,1,
45.73683531,7.321383805,1,
46.17256265,8.787425554,1,
46.52618978,9.879441015,1,
46.80381687,9.841047542,1,
47.65968743,6.745648529,1,
45.75768566,6.537372376,1,
46.21767274,6.283026511,1,
45.67768132,5.902150545,1,
47.18144469,6.395026469,1,
47.39502683,8.180060063,1,
47.18169154,9.454333105,1,
46.61930615,7.050554116,1,
46.47745149,6.868938099,1,
46.74632567,5.90918952,1,
46.76462485,7.53326154,1,
47.0592198,7.189414141,1,
47.46279298,8.990089985,1,
46.9240036,9.005192949,1,
46.62629213,10.78600137,1,
46.14155267,9.561471768,1,
45.78248541,8.842430046,1,
46.49460945,6.393741273,1,
46.52590664,9.874497278,1,
46.92375539,7.822767528,1,
46.53846504,6.595596031,1,
47.2743309,7.699500308,1,
47.63306282,7.479627035,1,
46.00144207,7.731993683,1,
46.21647896,10.17235778,1,
47.51303055,9.431249213,1,
46.31619547,7.986657308,1,
47.3806327,9.662917468,1,
46.8660699,7.012964308,1,
47.39842569,8.622264595,1,
47.56466702,8.898089695,1,
46.17157036,8.995449475,1,
46.68200355,7.843539815,1,
46.83517225,9.215682139,1,
46.96811511,9.571348907,1,
46.45121752,7.471042462,1,
47.27518798,7.368076099,1,
47.12457192,8.270573486,1,
46.17231584,7.222140333,1,
46.22013711,6.035087545,1,
47.70236269,8.646130569,1,
47.01931153,7.50141709,1,
46.81086604,10.27256488,1,
47.46203241,7.71864271,1,
46.63451145,8.591135555,1,
47.22101061,8.982121242,1,
45.73683531,7.321383805,1,
46.17256265,8.787425554,1,
46.52618978,9.879441015,1,
46.80381687,9.841047542,1,
47.65968743,6.745648529,1,
45.75768566,6.537372376,1,
46.21767274,6.283026511,1,
45.67768132,5.902150545,1,
47.18144469,6.395026469,1,
47.39502683,8.180060063,1,
47.18169154,9.454333105,1,
46.61930615,7.050554116,1,
46.47745149,6.868938099,1,
46.74632567,5.90918952,1,
46.76462485,7.53326154,1,
47.0592198,7.189414141,1,
47.46279298,8.990089985,1,
46.9240036,9.005192949,1,
46.62629213,10.78600137,1,
46.14155267,9.561471768,1,
45.78248541,8.842430046,1,
46.52590664,9.874497278,1,
46.92375539,7.822767528,1,
46.53846504,6.595596031,1,
47.2743309,7.699500308,1,
46.00144207,7.731993683,1,
46.21647896,10.17235778,1,
47.51303055,9.431249213,1,
46.31619547,7.986657308,1,
47.3806327,9.662917468,1,
46.8660699,7.012964308,1,
47.39842569,8.622264595,1,
47.56466702,8.898089695,1,
46.68200355,7.843539815,1,
46.83517225,9.215682139,1,
46.96811511,9.571348907,1,
46.45121752,7.471042462,1,
47.27518798,7.368076099,1,
47.12457192,8.270573486,1,
46.17231584,7.222140333,1,
46.22013711,6.035087545,1,
47.70236269,8.646130569,1,
47.01931153,7.50141709,1,
46.81086604,10.27256488,1,
47.46203241,7.71864271,1,
51.85025751,-8.483275974,1,
56.4549373,-4.320740273,1,
55.59564157,-2.44007226,1,
57.4862498,-4.219264216,1,
53.31772759,-4.642071144,1,
58.11529943,-3.649360235,1,
55.8539995,-4.29649039,1,
55.24343238,-4.857599025,1,
54.07587921,-2.308832187,1,
58.45876705,-5.052338337,1,
57.69357936,-2.00271316,1,
50.61344254,-3.410054514,1,
55.31239391,-3.206936935,1,
56.46392562,-2.877321352,1,
55.62716516,-3.736068753,1,
52.25181337,-2.197940418,1,
53.3448027,-2.640493393,1,
54.89542333,-2.938277533,1,
51.53106387,-3.106807169,1,
57.13569468,-4.688478183,1,
50.21833528,-5.327282478,1,
57.24536793,-2.328683248,1,
58.95339761,-2.901515814,1,
55.89885371,-2.128601709,1,
50.20288694,-3.720266495,1,
50.77585185,-1.910554602,1,
50.41646711,-4.126185197,1,
50.5217795,-2.457487438,1,
56.45132132,-5.440805043,1,
54.97912268,-1.61657705,1,
54.83954585,-4.047374263,1,
55.21284739,-1.685505113,1,
52.58890088,-3.85179588,1,
54.56294124,-0.863423004,1,
56.0135323,-5.446064843,1,
52.70997734,-1.813732831,1,
60.13832598,-1.183727577,1,
53.12780311,-1.981309562,1,
53.80021512,-1.663791845,1,
57.4202992,-5.464124657,1,
53.51155004,-2.235048808,1,
55.42518093,-5.601931645,1,
53.22923078,-1.919892525,1,
57.67612923,-2.961494692,1,
53.64899066,0.116435162,1,
50.92655644,0.976470367,1,
53.48286825,-1.379686027,1,
51.10103627,0.00762632,1,
51.82395472,-1.288540019,1,
53.25025521,-0.520102795,1,
52.57555622,1.731939223,1,
52.26680193,0.415260903,1,
50.65032725,-1.212980543,1,
52.30748341,-0.624641075,1,
51.91578022,0.961886359,1,
50.94970119,-0.52868007,1,
51.90150125,-0.178495511,1,
52.35877569,-1.331499819,1,
52.5168242,0.988128781,1,
52.87894971,-1.078117052,1,
51.30371548,0.483442622,1,
51.42528538,-0.343546457,1,
51.67719402,-0.55935515,1,
52.15316388,1.602825606,1,
52.58375515,-0.263182693,1,
53.14187877,0.346774656,1,
51.95287891,-3.381738205,1,
57.00673322,-3.395606521,1,
53.77692501,-3.03497696,1,
57.47307441,-7.364140671,1,
54.49094715,-3.606572052,1,
56.95439489,-7.500527159,1,
53.25134341,-3.480112964,1,
56.90958356,-5.849458552,1,
51.68931153,-5.079176758,1,
51.05692366,-4.199656643,1,
52.78921264,-4.741339469,1,
52.13941777,-4.571313104,1,
51.40428757,-1.513941597,1,
51.1489919,-1.438317153,1,
50.86748115,0.335654725,1,
52.18536454,-0.112498123,1,
51.39169813,1.382886194,1,
53.73645825,-0.505031193,1,
52.94486226,1.130335047,1,
49.91455301,-6.295798141,1,
52.24296165,-2.885897219,1,
52.71794071,-2.716449061,1,
58.20311802,-6.375406044,1,
48.30940218,-2.368401828,1,
48.79586386,-3.242800483,1,
49.18531115,-1.411280628,1,
48.61057273,-1.900818625,1,
55.92835654,-3.344095931,1,
54.24270749,-5.639821537,1,
55.37224544,-7.339191,1,
49.67570184,-1.368354377,1,
54.70303016,-6.658583613,1,
53.45905498,-6.219032549,1,
53.29144479,-6.363505895,1,
54.2632814,-8.475676358,1,
51.93958439,-10.24168875,1,
51.02296778,-3.078646728,1,
53.85073717,-9.287310328,1,
54.64847253,-6.006326498,1,
51.88487992,-8.532988992,1,
52.82813179,-6.932789189,1,
53.32625724,-9.900752497,1,
54.37189268,-1.725151219,1,
51.3013179,-0.905334194,1,
51.60263144,-4.067847352,1,
50.54119114,-4.936925635,1,
53.36225138,-6.555569938,1,
50.95613421,1.810535163,1,
51.34458673,-2.623122968,1,
56.83948767,-5.110828137,1,
52.87381113,0.655829882,1,
55.28503337,-2.279638192,1,
50.16588205,-5.092390722,1,
57.2013493,-2.192270084,1,
52.90651139,-2.630366917,1,
58.59340046,-3.528962565,1,
58.22069638,-6.347651466,1,
52.06833441,-0.728368195,1,
54.57106764,-1.197743206,1,
55.60289469,-4.497244721,1,
51.50758215,0.065280286,1,
51.54460992,0.009528827,1,
55.18067334,-6.154555188,1,
51.83721725,-4.728759064,1,
54.61622156,-7.255855208,1,
52.19565915,-1.481337126,1,
53.09609405,-2.394319797,1,
52.44791026,-1.749664175,1,
52.87969966,-2.189495726,1,
51.99544865,-1.016644016,1,
51.71910745,-0.828586947,1,
49.96918827,-5.187748839,1,
54.25253763,-0.380016876,1,
52.79698276,-6.1577773,1,
54.08666303,-4.634521908,1,
50.93770407,-1.470434127,1,
56.49999715,-6.880642653,1,
54.16233133,-1.100083332,1,
51.20482753,-2.181695435,1,
57.90568467,-5.166102512,1,
58.58157122,-3.725027905,1,
51.73917097,-2.300777893,1,
54.86659191,-4.712412892,1,
54.50184909,-2.685198168,1,
53.94377785,-8.089921914,1,
52.36528147,-7.691590611,1,
53.99352619,-7.364776075,1,
54.23710735,-6.50345835,1,
54.96493637,-6.618034151,1,
54.98375293,-7.336651338,1,
54.39539916,-7.644854051,1,
51.6760314,-9.449726836,1,
53.43217225,-7.907628117,1,
52.28677528,-9.673116236,1,
52.79183547,-7.843580681,1,
53.03820646,-7.313976019,1,
52.38945233,-6.930274947,1,
52.20997618,-8.994650841,1,
53.65051519,-6.685707193,1,
53.52445121,-7.334612739,1,
52.2639308,-8.266542492,1,
52.67398793,-8.575699658,1,
54.97491483,-2.242711063,1,
53.19749651,-8.573888703,1,
53.280681,-9.060736263,1,
53.60793702,-8.565915317,1,
54.65924116,-8.087748783,1,
54.58531876,-5.939227624,1,
51.55478467,0.827014359,1,
54.42449874,-6.345837831,1,
54.45316741,-6.985583323,1,
53.13439251,-6.066519272,1,
52.87573367,-9.045094978,1,
53.12317033,-6.753257446,1,
51.85025751,-8.483275974,1,
55.59564157,-2.44007226,1,
58.11529943,-3.649360235,1,
55.8539995,-4.29649039,1,
55.24343238,-4.857599025,1,
54.07587921,-2.308832187,1,
58.45876705,-5.052338337,1,
57.69357936,-2.00271316,1,
50.61344254,-3.410054514,1,
55.31239391,-3.206936935,1,
56.46392562,-2.877321352,1,
55.62716516,-3.736068753,1,
52.25181337,-2.197940418,1,
53.3448027,-2.640493393,1,
54.89542333,-2.938277533,1,
51.53106387,-3.106807169,1,
57.13569468,-4.688478183,1,
50.21833528,-5.327282478,1,
57.24536793,-2.328683248,1,
58.95339761,-2.901515814,1,
50.20288694,-3.720266495,1,
50.77585185,-1.910554602,1,
50.41646711,-4.126185197,1,
50.5217795,-2.457487438,1,
54.97912268,-1.61657705,1,
54.83954585,-4.047374263,1,
55.21284739,-1.685505113,1,
52.58890088,-3.85179588,1,
54.56294124,-0.863423004,1,
56.0135323,-5.446064843,1,
52.70997734,-1.813732831,1,
60.13832598,-1.183727577,1,
53.12780311,-1.981309562,1,
53.80021512,-1.663791845,1,
57.4202992,-5.464124657,1,
53.51155004,-2.235048808,1,
55.42518093,-5.601931645,1,
53.22923078,-1.919892525,1,
57.67612923,-2.961494692,1,
53.64899066,0.116435162,1,
50.92655644,0.976470367,1,
53.48286825,-1.379686027,1,
51.10103627,0.00762632,1,
51.82395472,-1.288540019,1,
53.25025521,-0.520102795,1,
52.57555622,1.731939223,1,
52.26680193,0.415260903,1,
50.65032725,-1.212980543,1,
52.30748341,-0.624641075,1,
51.91578022,0.961886359,1,
50.94970119,-0.52868007,1,
51.90150125,-0.178495511,1,
52.35877569,-1.331499819,1,
52.5168242,0.988128781,1,
52.87894971,-1.078117052,1,
51.30371548,0.483442622,1,
51.42528538,-0.343546457,1,
51.67719402,-0.55935515,1,
52.15316388,1.602825606,1,
52.58375515,-0.263182693,1,
53.14187877,0.346774656,1,
51.95287891,-3.381738205,1,
57.00673322,-3.395606521,1,
53.77692501,-3.03497696,1,
57.47307441,-7.364140671,1,
54.49094715,-3.606572052,1,
56.95439489,-7.500527159,1,
53.25134341,-3.480112964,1,
51.68931153,-5.079176758,1,
51.05692366,-4.199656643,1,
52.78921264,-4.741339469,1,
52.13941777,-4.571313104,1,
51.40428757,-1.513941597,1,
51.1489919,-1.438317153,1,
50.86748115,0.335654725,1,
52.18536454,-0.112498123,1,
51.39169813,1.382886194,1,
52.94486226,1.130335047,1,
49.91455301,-6.295798141,1,
52.24296165,-2.885897219,1,
52.71794071,-2.716449061,1,
58.20311802,-6.375406044,1,
48.30940218,-2.368401828,1,
48.79586386,-3.242800483,1,
49.18531115,-1.411280628,1,
48.61057273,-1.900818625,1,
55.92835654,-3.344095931,1,
54.24270749,-5.639821537,1,
55.37224544,-7.339191,1,
49.67570184,-1.368354377,1,
54.70303016,-6.658583613,1,
53.45905498,-6.219032549,1,
53.29144479,-6.363505895,1,
54.2632814,-8.475676358,1,
51.93958439,-10.24168875,1,
51.02296778,-3.078646728,1,
53.85073717,-9.287310328,1,
54.64847253,-6.006326498,1,
51.88487992,-8.532988992,1,
52.82813179,-6.932789189,1,
53.32625724,-9.900752497,1,
54.37189268,-1.725151219,1,
51.3013179,-0.905334194,1,
51.60263144,-4.067847352,1,
50.54119114,-4.936925635,1,
53.36225138,-6.555569938,1,
50.95613421,1.810535163,1,
51.34458673,-2.623122968,1,
56.83948767,-5.110828137,1,
52.87381113,0.655829882,1,
55.28503337,-2.279638192,1,
50.16588205,-5.092390722,1,
57.2013493,-2.192270084,1,
52.90651139,-2.630366917,1,
58.59340046,-3.528962565,1,
58.22069638,-6.347651466,1,
52.06833441,-0.728368195,1,
54.57106764,-1.197743206,1,
55.60289469,-4.497244721,1,
51.50758215,0.065280286,1,
51.54460992,0.009528827,1,
55.18067334,-6.154555188,1,
51.83721725,-4.728759064,1,
54.61622156,-7.255855208,1,
52.19565915,-1.481337126,1,
53.09609405,-2.394319797,1,
52.44791026,-1.749664175,1,
52.87969966,-2.189495726,1,
51.71910745,-0.828586947,1,
49.96918827,-5.187748839,1,
54.25253763,-0.380016876,1,
52.79698276,-6.1577773,1,
54.08666303,-4.634521908,1,
50.93770407,-1.470434127,1,
56.49999715,-6.880642653,1,
51.20482753,-2.181695435,1,
57.90568467,-5.166102512,1,
58.58157122,-3.725027905,1,
51.73917097,-2.300777893,1,
54.86659191,-4.712412892,1,
54.50184909,-2.685198168,1,
53.94377785,-8.089921914,1,
52.36528147,-7.691590611,1,
53.99352619,-7.364776075,1,
54.23710735,-6.50345835,1,
54.96493637,-6.618034151,1,
54.98375293,-7.336651338,1,
54.39539916,-7.644854051,1,
53.43217225,-7.907628117,1,
52.28677528,-9.673116236,1,
52.79183547,-7.843580681,1,
53.03820646,-7.313976019,1,
52.38945233,-6.930274947,1,
52.20997618,-8.994650841,1,
53.65051519,-6.685707193,1,
53.52445121,-7.334612739,1,
52.2639308,-8.266542492,1,
52.67398793,-8.575699658,1,
54.97491483,-2.242711063,1,
53.19749651,-8.573888703,1,
53.280681,-9.060736263,1,
53.60793702,-8.565915317,1,
54.65924116,-8.087748783,1,
54.58531876,-5.939227624,1,
51.55478467,0.827014359,1,
54.42449874,-6.345837831,1,
54.45316741,-6.985583323,1,
53.13439251,-6.066519272,1,
52.87573367,-9.045094978,1,
53.12317033,-6.753257446,1,
57.702,-152.601,1,ono
36.157,-109.519,1,ono
40.985,-109.71,1,ono
39.483,-100.767,1,ono
34.196,-103.336,1,ono
49.087,-111.62,1,ono
71.328,-156.615,1,ono
46.76,-75.409,1,ono
-36.41128182,148.4099725,1,
-36.13445934,141.4359494,1,
-38.24350467,145.94,1,
-36.14030746,144.7535872,1,
-36.71807749,144.3146062,1,
-36.75317483,145.5728484,1,
-37.56812174,149.9152013,1,
-37.21858489,148.2647851,1,
-38.2088619,147.4027487,1,
-37.47689052,149.5894887,1,
-36.71818589,141.47,1,
-37.82071131,142.0656281,1,
-34.75569029,142.3395291,1,
-36.98206306,147.1418483,1,
-36.72274711,142.1748686,1,
-34.21971286,142.1912169,1,
-37.7210603,144.8478703,1,
-35.73539158,143.922307,1,
-37.29219025,144.9514394,1,
-37.03025755,141.2781443,1,
-34.5896779,137.6298441,1,
-12.35591821,130.8817317,1,
-28.01258537,138.6560382,1,
-12.50990693,131.0824261,1,
-29.50253225,130.8661937,1,
-12.57305134,131.2658718,1,
-41.41865405,147.1252805,1,
-34.89018685,139.6366414,1,
-12.44714927,130.74108,1,
-35.30394768,139.7677737,1,
-40.85048996,145.1323964,1,
-35.16101065,140.177815,1,
-42.07961682,145.5645963,1,
-35.80531396,139.8387083,1,
-41.9325418,147.4991638,1,
-33.96822331,138.3207357,1,
-32.99302056,137.1689397,1,
-43.09336468,147.0272918,1,
-33.59674114,120.0708919,1,
-20.53974445,118.6788605,1,
-31.80195793,115.8852569,1,
-21.4572322,133.9700443,1,
-32.26001467,121.7872442,1,
-33.02152916,118.8215118,1,
-34.7083717,116.123275,1,
-41.06512149,145.961844,1,
-33.35835018,118.0383286,1,
-28.11531164,117.8430993,1,
-22.13279884,131.4927271,1,
-25.94568446,133.2067069,1,
-26.69663466,116.637494,1,
-26.75738476,114.6095554,1,
-14.04619644,134.0928785,1,
-28.87842797,121.3190599,1,
-33.05507582,115.7380824,1,
-12.45546185,130.8247315,1,
-17.71159944,129.9922063,1,
-18.38787941,133.816543,1,
-25.23104789,130.9415735,1,
-31.29068691,119.6458038,1,
-29.04648768,115.3471572,1,
-10.4499591,105.6885044,1,
-19.93336073,134.3545298,1,
-32.04238931,115.8796408,1,
-19.77860326,120.6435002,1,
-19.96761308,137.8348018,1,
-26.62567471,120.218371,1,
-17.77633005,135.6432781,1,
-33.33305915,117.4101013,1,
-41.15796879,146.2050006,1,
-31.67958077,128.8831554,1,
-22.84644986,117.4003142,1,
-40.96164619,145.5842866,1,
-42.54643308,147.9308519,1,
-25.03719627,128.2961772,1,
-41.25161363,147.2147541,1,
-41.90225867,146.6730838,1,
-15.57315194,133.2127609,1,
-41.17860004,146.3496244,1,
-13.83457161,131.186831,1,
-12.84369675,131.1327442,1,
-12.18833998,96.83397532,1,
-32.24200986,116.0034134,1,
-30.52551532,117.1746468,1,
-41.05005943,145.9148539,1,
-33.87431306,121.8943291,1,
-18.00396777,122.2090901,1,
-32.74025953,116.366656,1,
-33.31917594,115.6381439,1,
-31.94703028,115.9253021,1,
-31.92616217,117.1121171,1,
-32.46077034,123.8680574,1,
-33.44820136,117.0195952,1,
-31.80910727,125.9243571,1,
-16.05450455,136.3022719,1,
-21.96066725,114.1133799,1,
-40.21437855,148.2415821,1,
-18.1259519,125.8004541,1,
-15.67695611,128.762627,1,
-16.11771726,130.9555443,1,
-39.94184507,143.8470752,1,
-31.62231407,117.7026397,1,
-14.37599546,132.1532767,1,
-20.98142248,117.0971966,1,
-30.78438588,121.46,1,
-31.73240951,115.7499378,1,
-22.86052139,136.100671,1,
-12.66014334,132.8945389,1,
-32.44937592,118.8918814,1,
-43.0315319,147.0507064,1,
-42.80470524,147.438737,1,
-31.39668029,116.8530139,1,
-42.83384336,147.2748036,1,
-28.77960474,114.6080736,1,
-24.63262353,115.338616,1,
-34.95022126,117.8101911,1,
-34.14241339,138.4449544,1,
-31.10631742,138.7070233,1,
-35.69109982,139.853502,1,
-33.70129255,136.4849017,1,
-14.37506757,132.1525092,1,
-31.43867504,130.8938036,1,
-12.49936953,177.0461846,1,
-18.11553901,178.4541381,1,
-17.6088094,177.4465823,1,
-34.89079813,138.8807533,1,
-13.85674105,136.421416,1,
-33.97152777,137.708201,1,
-34.72903882,135.8565154,1,
-32.21631562,115.8068024,1,
-33.36093237,116.1546334,1,
-42.97567086,147.3116379,1,
-41.59085126,147.12,1,
-41.53311684,146.9017934,1,
-32.15362971,115.7742238,1,
-33.23800252,116.0614989,1,
-37.8338975,140.785462,1,
-26.93860792,134.0629357,1,
-35.09735187,139.8869081,1,
-29.03470631,134.7225783,1,
-35.09469679,138.4857188,1,
-36.96755902,141.0832381,1,
-35.04863533,141.0619068,1,
-32.96576993,116.4493841,1,
-37.60233195,140.3557103,1,
-33.3537704,138.2082651,1,
-35.4901193,139.3168692,1,
-31.97872702,115.8165897,1,
-29.45015514,142.0574256,1,
-31.99628818,141.4701029,1,
-34.0424843,141.2689768,1,
-35.25699815,140.3695139,1,
-36.97472864,140.3695092,1,
-32.00388453,115.8948021,1,
-37.72877512,141.1365454,1,
-38.04790292,141.0062153,1,
-34.52796733,141.4546064,1,
-36.37788265,140.9891769,1,
-35.26257635,141.1811215,1,
-31.86665754,133.8098347,1,
-34.91491768,139.3072489,1,
-27.27028773,151.70,1,
-27.53466469,151.1997837,1,
-25.28591121,152.8249378,1,
-28.41154252,151.0705299,1,
-27.99080503,153.3347157,1,
-15.79908722,144.726028,1,
-20.55603951,147.8503425,1,
-33.42968219,149.5672165,1,
-36.67590571,149.8420086,1,
-32.41176823,151.6523315,1,
-31.65428424,150.2447178,1,
-36.91203832,149.2370933,1,
-34.43830754,148.7017037,1,
-30.38033868,150.607296,1,
-35.44648317,149.7851858,1,
-30.95353431,148.3782312,1,
-34.45605941,149.4725171,1,
-34.80696796,145.8802403,1,
-28.87266243,153.5640946,1,
-36.23536414,149.1272264,1,
-28.86556349,153.0475759,1,
-34.63929192,148.0256522,1,
-33.59369116,151.1715602,1,
-32.63220131,147.5697063,1,
-28.34891643,153.4002592,1,
-29.01327882,149.2545269,1,
-31.55529236,143.3751021,1,
-30.02338098,148.1169439,1,
-31.70080365,147.84,1,
-30.85328375,143.0930147,1,
-32.78478943,152.0863314,1,
-30.33011804,149.7863606,1,
-32.83143423,116.4570744,1,
-42.66949258,146.9348859,1,
-18.21736579,142.25,1,
-17.69869826,145.0823302,1,
-18.13046132,144.2905724,1,
-33.28097132,137.1156031,1,
-27.4356222,153.52,1,
-23.35529031,148.8743754,1,
-18.22952707,127.6630482,1,
-23.26584459,129.3840647,1,
-20.82582315,146.3781634,1,
-27.03249216,129.9003852,1,
-21.5099879,146.8077601,1,
-14.28918807,126.6343522,1,
-18.12611631,125.8006243,1,
-36.78745969,145.5230361,1,
-32.71669226,151.5285472,1,
-38.05791671,145.3009684,1,
-37.82887173,140.7739701,1,
-34.60235886,138.8895351,1,
-21.75552765,147.9499142,1,
-41.30011061,146.9516983,1,
-12.47821898,130.9820498,1,
-25.29468153,152.91,1,
-33.90417849,143.3804444,1,
-16.4201674,126.4414073,1,
-20.02245148,148.2514182,1,
-32.5705914,116.3853311,1,
-36.13445934,141.4359494,1,
-27.39505953,153.1146496,1,
-27.83393661,152.88542,1,
-27.93798953,152.0169641,1,
-29.32009901,149.8089263,1,
-33.84833884,116.0720308,1,
-42.88495905,147.3281171,1,
-23.82697272,148.8895542,1,
-26.79541893,151.8992832,1,
-34.82207828,148.9068091,1,
-33.68599757,136.9303868,1,
-24.99249559,151.9734606,1,
-19.15785961,146.8504334,1,
-20.64210536,147.1447339,1,
-31.48302091,118.299,1,
-25.80029456,122.9429332,1,
-24.71052425,119.5974233,1,
-21.71237989,122.2284754,1,
-16.51641436,122.9220883,1,
-24.77016468,152.381803,1,
-32.15339476,116.0119348,1,
-41.57074137,145.9463484,1,
-37.7570316,148.9621481,1,
-35.91977647,145.6436238,1,
-20.14812942,127.9753517,1,
-33.85682472,151.0985395,1,
-28.91129359,136.3427254,1,
-17.7333892,139.5929179,1,
-22.3842572,124.817506,1,
-27.13074131,124.5406531,1,
-26.17745015,126.6349847,1,
-16.93050462,145.7797988,1,
-26.76308235,152.847622,1,
-19.24540923,146.836971,1,
-33.83543244,138.6133133,1,
-31.91246116,116.0349241,1,
-32.14471573,115.9533413,1,
-37.67679059,144.442121,1,
-34.85442976,137.5814554,1,
-34.1342043,150.9949743,1,
-38.06164425,146.6232722,1,
-22.81484353,127.7580394,1,
-33.90417849,143.3804444,1,
-26.68425022,153.1333464,1,
-35.59377216,146.5785085,1,
-35.38293809,142.1908926,1,
-37.55584253,149.7567515,1,
-36.46174997,147.2397791,1,
-38.04790292,141.0062153,1,
-38.53146317,143.539023,1,
-38.13507551,141.6318929,1,
-37.91099781,144.0930597,1,
-38.28220546,144.0515632,1,
-37.88412637,147.9719162,1,
-38.11134586,145.494138,1,
-38.45853157,144.0882853,1,
-35.71122572,147.3174699,1,
-38.47668701,145.94341,1,
-37.80860896,144.97,1,
-37.90572593,144.6687825,1,
-37.73948384,144.9735535,1,
-36.25282014,142.3931443,1,
-37.68083879,145.0644633,1,
-38.5599675,146.6706404,1,
-36.11365403,146.8593053,1,
-37.62820157,146.6222999,1,
-38.23905613,142.9263507,1,
-37.70410017,148.455139,1,
-36.30841614,141.646012,1,
-37.55887597,143.8549228,1,
-37.24878016,141.8422402,1,
-37.75860155,147.6560287,1,
-36.346434,146.657743,1,
-35.93999981,142.414711,1,
-37.14748055,148.884911,1,
-36.54384741,146.0059752,1,
-37.28278724,142.9312833,1,
-37.7115536,142.8409423,1,
-36.13591577,143.72,1,
-36.03139751,144.2040147,1,
-37.49799977,148.1677962,1,
-36.59184615,144.7982058,1,
-37.91399474,145.1289963,1,
-36.34017499,142.6680115,1,
-36.96755902,141.0832381,1,
-36.29540058,142.0267974,1,
-35.92793336,145.2358381,1,
-38.39625328,144.1931861,1,
-36.61518015,143.2574046,1,
-38.37517441,145.2140394,1,
-37.72877512,141.1365454,1,
-35.34346752,143.5601644,1,
-36.43963725,145.270446,1,
-35.17122927,141.8126445,1,
-35.96600311,147.73,1,
-36.42551102,143.6140328,1,
-23.67011013,133.8855216,1,
-34.28818026,140.5979903,1,
-28.74569553,114.6257383,1,
-36.82986285,139.8642051,1,
-27.59460568,120.577535,1,
-37.00216542,140.1361653,1,
-34.96767592,117.8850581,1,
-33.6904427,117.5722024,1,
-35.27030901,138.8958521,1,
-34.17543766,140.7339206,1,
-41.52256589,146.5987785,1,
-35.45717703,138.3507683,1,
-32.09148115,115.8675689,1,
-34.86919007,138.5712986,1,
-41.32581376,148.2480324,1,
-43.14312527,147.8471591,1,
-33.14538689,136.4184685,1,
-33.59387651,135.7064366,1,
-32.83701953,135.1506175,1,
-31.26717564,116.9695187,1,
-32.91657895,134.728658,1,
-31.72852187,117.3445094,1,
-34.4328498,138.6393608,1,
-33.28971239,116.3004943,1,
-34.03273263,139.0213273,1,
-32.67027838,118.1580698,1,
-33.67435301,115.3088318,1,
-33.15318466,115.6975279,1,
-33.21709245,135.5278266,1,
-33.76668033,115.8425644,1,
-34.16832371,138.7455985,1,
-35.02714592,117.8865657,1,
-36.95916817,140.730288,1,
-35.3709439,140.414896,1,
-34.16344289,115.0985643,1,
-32.49086064,137.7640591,1,
-30.22243763,119.1662852,1,
-29.84715666,119.2590442,1,
-41.07853917,146.7386161,1,
-14.46596313,132.2606123,1,
-34.48173044,138.3930057,1,
-34.01695142,138.2627801,1,
-30.02616891,119.2816276,1,
-32.75374857,137.1375134,1,
-36.30841614,141.646012,1,
-31.62589636,115.6843663,1,
-33.62584608,115.0994405,1,
-36.71818589,141.47,1,
-32.45248119,115.7542356,1,
-43.31619422,147.2436293,1,
-35.19833558,138.7645416,1,
-35.37914627,138.7086536,1,
-42.38202807,147.0040916,1,
-35.05337565,138.8454338,1,
-41.87379239,148.3036439,1,
-20.73401799,116.8436854,1,
-36.73148843,140.9141896,1,
-41.11601868,147.7812705,1,
-30.8375882,119.5408348,1,
-31.62644151,119.5420257,1,
-35.579002,137.5798614,1,
-33.59596167,118.0793353,1,
-34.18244032,140.0334465,1,
-33.03571017,137.5863868,1,
-31.91414046,115.9276575,1,
-32.5647755,139.5979138,1,
-35.17734841,138.489748,1,
-31.04645052,115.3465785,1,
-35.27340732,139.4600194,1,
-31.06506843,135.7739408,1,
-31.94789141,115.9311315,1,
-33.01640187,137.5915711,1,
-31.85371133,115.9767157,1,
-33.93014657,137.6165643,1,
-34.77780023,138.4825282,1,
-30.89957681,124.8634573,1,
-12.4334732,134.92,1,
-21.25810145,119.0338678,1,
-28.91554031,121.3299454,1,
-36.65029016,140.5298373,1,
-42.86740182,147.6201866,1,
-37.19649428,140.7225026,1,
-31.04872742,116.192724,1,
-34.72138057,135.8741938,1,
-36.09996183,140.3407715,1,
-27.74114998,140.7456905,1,
-29.90587871,139.7691218,1,
-35.46899976,138.8998635,1,
-33.52028071,138.7265302,1,
-33.04466111,135.4536767,1,
-17.31445925,123.6489095,1,
-35.08108152,138.8760497,1,
-33.17092745,138.0107274,1,
-28.34996579,127.5163981,1,
-42.12684208,148.0606191,1,
-30.84507566,128.109386,1,
-42.76645331,147.244895,1,
-34.70103707,139.1932414,1,
-11.77539196,130.5683144,1,
-28.61231328,122.4201797,1,
-26.38553227,152.789552,1,
-16.66781055,139.1705973,1,
-26.61988339,152.9680853,1,
-27.71621977,150.3715146,1,
-27.83485294,152.4854351,1,
-24.32779785,151.5599891,1,
-26.12376222,150.0172174,1,
-19.01462581,146.3653135,1,
-10.59036637,142.2962151,1,
-20.9474301,144.2044709,1,
-25.84319346,148.5655512,1,
-20.66926709,141.7389974,1,
-26.08421513,152.2520681,1,
-26.53947426,151.8386723,1,
-15.57750236,144.4569808,1,
-26.35890185,148.14,1,
-17.01794249,145.3238364,1,
-21.97463402,148.0109028,1,
-20.69039971,139.4864322,1,
-17.67167698,141.0691705,1,
-26.15760836,151.5965078,1,
-24.40664463,148.3968791,1,
-28.0769567,153.3812583,1,
-23.38104182,150.5084676,1,
-23.16098397,150.7900852,1,
-24.35024276,143.2852879,1,
-25.91882907,153.0033877,1,
-24.77169909,146.284096,1,
-27.08332264,152.366418,1,
-21.64027853,148.6985523,1,
-27.53443267,151.9284597,1,
-18.30595828,143.5406356,1,
-22.95681102,145.2454558,1,
-27.98709007,152.9950832,1,
-25.90041221,139.3479127,1,
-27.72032501,153.2025279,1,
-24.90821626,152.3210084,1,
-21.82303036,147.9793827,1,
-22.91353528,139.9030635,1,
-23.99975021,151.2108859,1,
-21.86263645,140.9171878,1,
-26.67132283,150.3403731,1,
-27.08442423,152.9515224,1,
-13.95876087,143.1767107,1,
-26.74209932,145.6803409,1,
-25.01020609,149.5028305,1,
-20.07287283,146.2577295,1,
-27.17053605,151.2637981,1,
-23.94375258,150.2708775,1,
-25.37579898,151.1197868,1,
-20.44466327,140.717293,1,
-26.71220321,143.2623047,1,
-27.54392567,152.3311171,1,
-27.52614766,153.26654,1,
-23.32427033,147.6460802,1,
-19.26927237,147.0556922,1,
-28.21347119,152.0303955,1,
-23.72641524,150.7051268,1,
-26.81358336,150.1587985,1,
-23.68714918,149.8134634,1,
-25.27176551,148.8578742,1,
-22.19380515,147.2758162,1,
-26.66508755,149.0474814,1,
-22.48319483,149.5877216,1,
-25.51045718,149.522011,1,
-23.96062393,148.7844874,1,
-27.38472912,153.1756085,1,
-23.42642417,147.5872884,1,
-20.89845794,148.7764352,1,
-22.29805916,149.012129,1,
-24.54227452,149.2103292,1,
-24.77201039,152.3831796,1,
-21.15988572,148.863388,1,
-24.55956897,150.0274504,1,
-20.28905353,148.672003,1,
-27.03104049,153.4659626,1,
-17.14692226,145.1097539,1,
-25.29153639,150.2746176,1,
-16.93571347,145.7583214,1,
-24.4917417,150.5735321,1,
-22.46916099,143.0062871,1,
-20.64436948,148.7117456,1,
-23.27000871,149.0166703,1,
-29.32434689,151.093153,1,
-28.87266243,153.5640946,1,
-28.86556349,153.0475759,1,
-28.59782912,153.2315787,1,
-29.04554141,150.4441072,1,
-29.05476409,152.0199237,1,
-28.3934295,152.6071355,1,
-28.27172185,153.5748779,1,
-15.45952826,145.2498237,1,
-21.60646763,149.2432616,1,
-20.1119301,146.8961003,1,
-26.95610446,150.9799429,1,
-28.81007088,153.2757953,1,
-30.64085381,150.1632916,1,
-35.59377216,146.5785085,1,
-34.47554175,150.9137002,1,
-30.32661561,152.4868634,1,
-29.77641614,151.1143991,1,
-35.35531725,145.7254726,1,
-33.69579117,150.3181944,1,
-33.48093981,150.159837,1,
-35.22725298,146.705822,1,
-30.71043059,152.9183848,1,
-33.11833945,151.4621636,1,
-34.12608743,150.7437579,1,
-33.62651259,150.8309895,1,
-32.13975378,150.355263,1,
-32.58999362,149.5846852,1,
-32.95303442,150.6595204,1,
-35.99313404,145.9884632,1,
-28.59782912,153.2315787,1,
-31.51354659,151.7162807,1,
-29.04554141,150.4441072,1,
-32.92957376,151.7652335,1,
-34.87376051,150.6048143,1,
-33.70394119,149.8576101,1,
-33.28518801,149.0980281,1,
-32.75383905,148.6460551,1,
-33.97402022,151.2120574,1,
-36.41128182,148.4099725,1,
-31.46190062,152.8976809,1,
-35.36356791,149.0889995,1,
-34.75189452,146.5375373,1,
-35.39919715,148.9800012,1,
-31.10466763,141.7281376,1,
-33.78087177,151.1503824,1,
-33.42174673,151.2835476,1,
-30.47416551,152.9968185,1,
-33.51189348,150.7917213,1,
-34.18790903,150.9855762,1,
-32.2544154,150.9327183,1,
-33.92540022,151.188383,1,
-32.6154287,151.0991117,1,
-30.12222504,153.2023763,1,
-35.21116403,149.1361404,1,
-36.346434,146.657743,1,
-36.19388786,147.90,1,
-34.52796733,141.4546064,1,
-36.53221018,147.3732324,1,
-34.54910307,150.3741687,1,
-35.41824498,149.1208043,1,
-34.56417127,150.8583456,1,
-31.93407109,152.4659267,1,
-28.55439729,153.5026789,1,
-30.30353842,153.1371598,1,
-28.17172022,153.5588132,1,
-34.08877379,141.8846064,1,
-33.32596097,148.0853216,1,
-32.27995102,150.874418,1,
-33.85508385,151.23,1,
-33.88615402,150.7024378,1,
-35.71122572,147.3174699,1,
-34.14037028,150.9393051,1,
-34.75569029,142.3395291,1,
-34.27234492,141.8066327,1,
-34.74627385,150.8276814,1,
-35.31552585,149.0100555,1,
-34.0424843,141.2689768,1,
-35.45533292,144.3809963,1,
-36.19388786,147.90,1,
-38.32073788,144.3105558,1,
-35.99313404,145.9884632,1,
-38.14791198,144.3560145,1,
-37.51453734,145.12,1,
-37.47953499,144.5677454,1,
-38.40961523,144.882318,1,
-38.81222875,146.2182121,1,
-37.97905666,145.1145132,1,
-37.8251737,144.9068624,1,
-35.98550871,142.9128307,1,
-36.35454142,146.3230643,1,
-35.09103741,144.0360307,1,
-35.35531725,145.7254726,1,
-37.07174275,149.909321,1,
-35.05432355,143.3277285,1,
-37.79980948,144.9609191,1,
-38.61741563,142.9970263,1,
-38.38503423,142.2382814,1,
-38.34439086,141.6134747,1,
-38.27031387,144.6380936,1,
-34.59031636,142.7698778,1,
-35.90975949,141.9929485,1,
-36.09846144,146.508897,1,
-35.50452057,142.8487507,1,
-37.68485053,143.3595116,1,
-36.37788265,140.9891769,1,
-38.34236257,143.5851441,1,
-34.64585208,143.5674127,1,
-36.91203832,149.2370933,1,
-35.53160993,144.9646266,1,
-38.19606803,144.2996924,1,
-37.95393679,146.3886542,1,
-37.67679059,144.442121,1,
-37.18840144,145.6993444,1,
-37.34098942,144.1318477,1,
-37.87445299,145.2544203,1,
-38.54086191,143.9684631,1,
-37.88971959,145.996261,1,
-36.92449931,144.7029682,1,
-37.0231021,145.1407849,1,
-34.08877379,141.8846064,1,
-38.65063764,146.1997755,1,
-38.37915886,142.4823113,1,
-37.59871549,141.3954603,1,
-37.05749277,142.7625038,1,
-36.63252882,142.6322399,1,
-37.56520205,144.7925661,1,
-35.47089811,143.2671446,1,
-34.34028821,142.0618932,1,
-37.40214123,142.1313587,1,
-38.22926544,145.0663446,1,
-37.14512718,146.4487871,1,
-37.58761595,143.4489078,1,
-35.26257635,141.1811215,1,
-37.51023279,145.7407693,1,
-36.55795619,146.7222035,1,
-38.513986,145.3520934,1,
-37.97217824,146.9852979,1,
-37.10198444,147.60057,1,
-34.10537611,141.0112219,1,
-37.24749249,144.453219,1,
-36.69156603,140.5451717,1,
-35.55835184,138.5989468,1,
-34.90387186,139.3126684,1,
-34.17616424,140.2173028,1,
-21.04605045,118.8948274,1,
-34.35109294,139.6153725,1,
-20.37326456,118.590864,1,
-31.86406967,115.809068,1,
-34.92598615,138.6231737,1,
-41.43467509,147.1459868,1,
-42.94248321,147.3550662,1,
-41.52149676,146.7161097,1,
-33.61759324,135.7947359,1,
-30.55809552,136.9020878,1,
-34.02175562,139.6858674,1,
-31.79083938,115.9864852,1,
-34.53625884,138.7509406,1,
-37.40834966,140.826578,1,
-33.00061728,138.6393,1,
-12.19633446,136.7669396,1,
-41.20492964,146.3763882,1,
-33.83171628,117.1586688,1,
-32.81034364,136.0586765,1,
-30.4532832,137.1601045,1,
-34.1441455,135.7843824,1,
-34.26129895,138.3559674,1,
-32.12861833,133.6968281,1,
-34.10537611,141.0112219,1,
-32.47028551,137.9343317,1,
-30.43940361,136.8906207,1,
-34.79381604,138.4895031,1,
-30.2819709,134.0585752,1,
-20.05886589,147.2807448,1,
-20.70746366,140.5089582,1,
-20.80019539,139.9967005,1,
-17.62413939,145.81583,1,
-28.63164676,150.7323128,1,
-19.75705486,146.8335489,1,
-18.68492734,145.9962588,1,
-21.99372218,148.2486012,1,
-18.26713285,146.0221388,1,
-20.52186678,145.4048993,1,
-17.85017498,146.106733,1,
-17.3679796,145.9146619,1,
-16.6767321,145.3331501,1,
-19.9229243,147.8426801,1,
-17.60639929,145.4826891,1,
-19.99976156,148.2270924,1,
-27.97063398,153.4275308,1,
-17.48702027,140.8355115,1,
-12.66834226,141.8623889,1,
-26.66677208,153.0932107,1,
-22.79910861,150.1405042,1,
-27.92746221,152.790119,1,
-21.35739426,149.3047243,1,
-23.7387837,149.3376507,1,
-27.32838639,153.0483295,1,
-23.43793744,144.2742144,1,
-24.63102829,151.9146531,1,
-28.5468992,150.3045528,1,
-23.87767735,151.3777081,1,
-28.12546505,151.1699195,1,
-21.21261497,147.8922057,1,
-20.53866209,146.4444683,1,
-20.23335802,148.431923,1,
-23.78619123,151.1737109,1,
-27.00905794,153.1631848,1,
-19.25225905,146.8347595,1,
-27.80670902,153.336041,1,
-27.71620058,151.6325641,1,
-17.59011614,146.0552231,1,
-26.21792464,152.725043,1,
-17.14547094,145.8505616,1,
-23.58410893,150.8624885,1,
-24.87043228,151.1261775,1,
-19.45981025,147.4787877,1,
-18.52767981,146.3283766,1,
-9.504778236,143.5468668,1,
-20.08737647,146.2498026,1,
-28.21311338,152.8669982,1,
-19.39071591,145.6363076,1,
-17.13963131,144.5277642,1,
-25.72753657,152.5839083,1,
-10.23608303,142.2144607,1,
-27.15914606,149.0716148,1,
-16.4344648,145.4036225,1,
-19.00314539,144.9915927,1,
-17.94010489,138.8221819,1,
-19.78690469,147.5264461,1,
-27.99221741,143.8949081,1,
-18.15398966,145.4622554,1,
-26.38301592,153.0801565,1,
-20.23681071,140.1468611,1,
-15.48214167,141.75,1,
-18.47371823,145.8828686,1,
-22.00877992,148.2683164,1,
-22.72990879,147.6233228,1,
-28.58044899,148.2358121,1,
-26.57538354,148.8198503,1,
-9.24365375,142.2539612,1,
-28.48831832,149.4677477,1,
-16.73976626,145.6727224,1,
-9.899159731,142.7659937,1,
-17.94174191,145.9316457,1,
-20.73670901,143.147247,1,
-16.35905063,145.4121072,1,
-18.83732989,146.16,1,
-27.67241882,152.8770739,1,
-26.85806566,152.9552476,1,
-18.66998747,146.1553185,1,
-23.85445661,151.2321511,1,
-25.53439393,152.7063996,1,
-25.3201627,152.5663051,1,
-19.33130341,146.5178597,1,
-28.04562763,152.5569699,1,
-19.57756066,147.4060973,1,
-26.19342281,152.6615566,1,
-23.28789301,150.208617,1,
-27.53559882,151.9491178,1,
-19.53195321,147.0787735,1,
-32.24936257,148.6021283,1,
-35.53160993,144.9646266,1,
-30.35036511,152.7130391,1,
-32.01185116,149.3881789,1,
-32.20110921,152.5224007,1,
-33.89301534,148.1607298,1,
-34.28630081,146.0367943,1,
-29.69302416,152.9329056,1,
-34.75568304,149.7177176,1,
-29.5808673,152.7735164,1,
-30.51460605,151.6658318,1,
-34.3508461,146.9034604,1,
-30.52086769,151.6746901,1,
-32.92396383,151.7887492,1,
-31.56389628,147.19,1,
-29.04334126,167.938834,1,
-32.23444132,148.2387093,1,
-32.06614626,146.32,1,
-32.99875981,148.264614,1,
-34.15760541,150.6051516,1,
-33.38252251,142.5668641,1,
-33.13472479,148.1764685,1,
-30.93298932,147.87001,1,
-34.0424843,141.2689768,1,
-28.27172185,153.5748779,1,
-32.96024941,151.6236634,1,
-35.31615352,149.0101576,1,
-35.34250563,149.161064,1,
-31.09534303,150.9358751,1,
-29.45015514,142.0574256,1,
-30.86695936,144.4137923,1,
-32.25336351,147.3697454,1,
-36.07753074,146.9155594,1,
-35.77767975,148.0115277,1,
-37.75233198,145.0618193,1,
-37.53774715,143.8302243,1,
-38.38270968,142.4785166,1,
-37.77706478,145.5300338,1,
-38.60808674,145.5908602,1,
-36.07745603,143.2259398,1,
-38.18209371,146.3490269,1,
-34.52796733,141.4546064,1,
-38.02818352,143.6397474,1,
-37.81423269,145.2999301,1,
-37.4591273,147.2514877,1,
-35.04863533,141.0619068,1,
-37.00541119,143.7598277,1,
-34.27234492,141.8066327,1,
-36.53221018,147.3732324,1,
-35.15597057,142.6576634,1,
-38.08155886,142.8084159,1,
-38.77978318,143.6517249,1,
-37.06548355,146.0864658,1,
-37.82940313,144.9753411,1,
-34.38131318,137.612214,1,
-30.90257624,116.7254253,1,
-34.28832809,140.5981167,1,
-24.88355027,113.6702555,1,
-34.94299155,138.5797429,1,
-32.29752213,116.0280759,1,
-35.54359975,138.6127018,1,
-32.02178817,115.8707146,1,
-33.7014721,136.501329,1,
-31.99445396,115.5290126,1,
-34.74614301,139.0659746,1,
-32.71354643,116.0625483,1,
-32.49120139,116.9796716,1,
-33.66561706,118.1749664,1,
-34.13788785,135.3394617,1,
-31.73937366,116.6825893,1,
-33.14123526,135.1076381,1,
-34.62478129,138.6004395,1,
-32.53530359,115.7292301,1,
-34.45933315,135.531791,1,
-31.49569311,115.5843368,1,
-12.79561617,130.9803441,1,
-27.5724879,153.0239581,1,
-23.47830455,148.520255,1,
-27.94058055,153.3740336,1,
-23.12179052,148.0400118,1,
-24.15901219,151.8870032,1,
-17.26744986,145.4760472,1,
-21.06688995,149.2256423,1,
-21.13102708,148.4938843,1,
-28.34891643,153.4002592,1,
-20.35061,148.9555261,1,
-36.07753074,146.9155594,1,
-33.41565467,149.6549865,1,
-32.79244108,149.9766784,1,
-32.0513466,150.8696472,1,
-32.55822739,151.1757527,1,
-33.69853438,150.563942,1,
-31.09284639,150.9309186,1,
-35.77767975,148.0115277,1,
-34.44644289,147.5344111,1,
-35.30108133,148.2201815,1,
-29.05476409,152.0199237,1,
-36.03513846,150.12,1,
-35.36196043,150.465345,1,
-33.84197674,146.2616482,1,
-33.91818604,151.2327012,1,
-35.45533292,144.3809963,1,
-29.5405746,150.5742061,1,
-28.3934295,152.6071355,1,
-35.10717493,147.3693015,1,
-30.93063525,152.625462,1,
-33.70342229,147.3216811,1,
-33.28253947,151.4239831,1,
-31.23633205,151.9222269,1,
-29.44743195,153.3578984,1,
-34.30375211,148.2827513,1,
-33.88062881,150.97717,1,
-35.31568703,149.0098762,1,
-32.88343113,144.3088763,1,
-33.48123144,151.3919435,1,
-31.46106186,152.7342742,1,
-28.81007088,153.2757953,1,
-36.43061842,150.075967,1,
-35.74738161,150.1919856,1,
-32.92024624,145.9120195,1,
-33.88642402,150.59775,1,
-35.59453753,149.1377157,1,
-32.76287187,151.7454294,1,
-33.55426221,150.6656052,1,
-32.34187004,146.6539902,1,
-32.57378386,148.9566067,1,
-34.22161041,150.6391522,1,
-31.66633513,144.2857756,1,
-35.9928703,148.7839768,1,
-34.32479687,150.7675696,1,
-34.07194323,150.760197,1,
-33.86685176,144.8856278,1,
-34.19316304,144.1017053,1,
-30.18510157,151.0896744,1,
-34.21971286,142.1912169,1,
-34.10537611,141.0112219,1,
-30.97816211,150.2562844,1,
-34.42721288,150.8988465,1,
-35.18495693,149.1305363,1,
-29.74354372,151.7516677,1,
-31.33331041,149.2695756,1,
-30.46530996,147.6881376,1,
-33.0851502,147.1510102,1,
-35.20637821,149.0327664,1,
-30.8070623,146.7808069,1,
-33.83123367,148.7023163,1,
-33.75126046,151.2869961,1,
-34.37560914,150.9108253,1,
-37.07174275,149.909321,1,
-31.71097578,148.6624667,1,
-34.74640612,149.7111465,1,
-33.98446816,145.7069507,1,
-29.54255051,148.5855069,1,
-29.73479128,149.7955407,1,
-34.50552936,144.85,1,
-33.48490896,145.5313461,1,
-33.70031252,151.10,1,
-32.86413192,143.4920648,1,
-34.04334571,151.0730647,1,
-32.32618676,145.0098555,1,
-29.42972822,147.9828986,1,
-31.5198801,159.0612022,1,
-30.53350225,145.1168301,1,
-32.39280566,142.4179292,1,
-33.1714819,151.5511067,1,
-35.09103741,144.0360307,1,
-30.60564053,148.9712203,1,
-31.83044204,149.7149426,1,
-30.29534397,153.1175459,1,
-32.83524762,151.3565717,1,
-37.14748055,148.884911,1,
-36.03139751,144.2040147,1,
-36.14030746,144.7535872,1,
-37.56812174,149.9152013,1,
-37.21858489,148.2647851,1,
-37.47689052,149.5894887,1,
-35.73539158,143.922307,1,
-35.05432355,143.3277285,1,
-34.59031636,142.7698778,1,
-36.09846144,146.508897,1,
-35.34346752,143.5601644,1,
-35.96600311,147.73,1,
-35.92793336,145.2358381,1,
-27.98709007,152.9950832,1,
-28.0769567,153.3812583,1,
-28.21347119,152.0303955,1,
-29.32434689,151.093153,1,
-30.10164838,148.9641901,1,
-31.99628818,141.4701029,1,
-33.77173762,150.9087908,1,
-34.64585208,143.5674127,1,
-31.51222428,150.6407767,1,
-29.96839905,146.86082,1,
-30.09526212,145.9342956,1,
-33.28841687,146.3659303,1,
-31.51364834,145.8361576,1,
-29.45771663,149.8255544,1,
-33.99957406,150.7440193,1,
-29.67714711,145.81,1,
-33.91506481,151.04,1,
